ISO-10303-21;
HEADER;
FILE_DESCRIPTION( ( 'STEP AP214' ), ' ' );
FILE_NAME( 'C:/Users/KMIROS~1/AppData/Local/Temp/psolqas08424660911.stp', '2017-10-30T07:42:46', ( '' ), ( '' ), ' ', 'PARTsolutions', ' ' );
FILE_SCHEMA( ( 'AUTOMOTIVE_DESIGN { 1 0 10303 214 1 1 1 1 }' ) );
ENDSEC;
DATA;
#1 = PRODUCT_DEFINITION_CONTEXT( '', #9, 'design' );
#2 = APPLICATION_PROTOCOL_DEFINITION( 'international standard', 'automotive_design', 2001, #9 );
#3 = PRODUCT_CATEGORY_RELATIONSHIP( 'NONE', 'NONE', #10, #11 );
#4 = SHAPE_DEFINITION_REPRESENTATION( #12, #13 );
#5 =  ( GEOMETRIC_REPRESENTATION_CONTEXT( 3 )GLOBAL_UNCERTAINTY_ASSIGNED_CONTEXT( ( #16 ) )GLOBAL_UNIT_ASSIGNED_CONTEXT( ( #18, #19, #20 ) )REPRESENTATION_CONTEXT( 'NONE', 'WORKSPACE' ) );
#9 = APPLICATION_CONTEXT( 'core data for automotive mechanical design processes' );
#10 = PRODUCT_CATEGORY( 'part', 'NONE' );
#11 = PRODUCT_RELATED_PRODUCT_CATEGORY( 'detail', ' ', ( #22 ) );
#12 = PRODUCT_DEFINITION_SHAPE( 'NONE', 'NONE', #23 );
#13 = ADVANCED_BREP_SHAPE_REPRESENTATION( '1', ( #24, #25 ), #5 );
#16 = UNCERTAINTY_MEASURE_WITH_UNIT( LENGTH_MEASURE( 1.00000000000000E-006 ), #18, '', '' );
#18 =  ( CONVERSION_BASED_UNIT( 'METRE', #28 )LENGTH_UNIT(  )NAMED_UNIT( #31 ) );
#19 =  ( NAMED_UNIT( #33 )PLANE_ANGLE_UNIT(  )SI_UNIT( $, .RADIAN. ) );
#20 =  ( NAMED_UNIT( #33 )SI_UNIT( $, .STERADIAN. )SOLID_ANGLE_UNIT(  ) );
#22 = PRODUCT( '1', '1', 'PART-1-DESC', ( #39 ) );
#23 = PRODUCT_DEFINITION( 'NONE', 'NONE', #40, #1 );
#24 = MANIFOLD_SOLID_BREP( '1', #41 );
#25 = AXIS2_PLACEMENT_3D( '', #42, #43, #44 );
#28 = LENGTH_MEASURE_WITH_UNIT( LENGTH_MEASURE( 1.00000000000000 ), #45 );
#31 = DIMENSIONAL_EXPONENTS( 1.00000000000000, 0.000000000000000, 0.000000000000000, 0.000000000000000, 0.000000000000000, 0.000000000000000, 0.000000000000000 );
#33 = DIMENSIONAL_EXPONENTS( 0.000000000000000, 0.000000000000000, 0.000000000000000, 0.000000000000000, 0.000000000000000, 0.000000000000000, 0.000000000000000 );
#39 = PRODUCT_CONTEXT( '', #9, 'mechanical' );
#40 = PRODUCT_DEFINITION_FORMATION_WITH_SPECIFIED_SOURCE( ' ', 'NONE', #22, .NOT_KNOWN. );
#41 = CLOSED_SHELL( '', ( #46, #47, #48, #49, #50, #51, #52, #53, #54, #55, #56, #57, #58, #59, #60, #61, #62, #63, #64, #65, #66, #67, #68, #69, #70, #71, #72, #73, #74, #75, #76, #77, #78, #79, #80, #81, #82, #83, #84, #85, #86, #87, #88, #89, #90, #91, #92, #93, #94, #95, #96, #97, #98, #99, #100, #101, #102, #103, #104, #105, #106, #107, #108, #109, #110, #111, #112, #113, #114, #115, #116, #117, #118, #119, #120, #121, #122, #123, #124, #125, #126, #127, #128, #129, #130, #131, #132, #133, #134, #135, #136, #137, #138, #139, #140, #141, #142, #143, #144, #145, #146, #147, #148, #149, #150, #151, #152, #153, #154, #155, #156, #157, #158, #159, #160, #161, #162, #163, #164, #165, #166, #167, #168, #169, #170, #171, #172, #173, #174, #175, #176, #177, #178, #179, #180, #181, #182, #183, #184, #185, #186, #187, #188, #189, #190, #191, #192, #193, #194, #195, #196, #197, #198, #199, #200, #201 ) );
#42 = CARTESIAN_POINT( '', ( 0.000000000000000, 0.000000000000000, 0.000000000000000 ) );
#43 = DIRECTION( '', ( 0.000000000000000, 0.000000000000000, 1.00000000000000 ) );
#44 = DIRECTION( '', ( 1.00000000000000, 0.000000000000000, 0.000000000000000 ) );
#45 =  ( LENGTH_UNIT(  )NAMED_UNIT( #31 )SI_UNIT( $, .METRE. ) );
#46 = ADVANCED_FACE( '', ( #203 ), #204, .F. );
#47 = ADVANCED_FACE( '', ( #205 ), #206, .T. );
#48 = ADVANCED_FACE( '', ( #207, #208 ), #209, .T. );
#49 = ADVANCED_FACE( '', ( #210 ), #211, .F. );
#50 = ADVANCED_FACE( '', ( #212 ), #213, .T. );
#51 = ADVANCED_FACE( '', ( #214 ), #215, .T. );
#52 = ADVANCED_FACE( '', ( #216 ), #217, .T. );
#53 = ADVANCED_FACE( '', ( #218, #219, #220, #221 ), #222, .F. );
#54 = ADVANCED_FACE( '', ( #223 ), #224, .T. );
#55 = ADVANCED_FACE( '', ( #225 ), #226, .T. );
#56 = ADVANCED_FACE( '', ( #227 ), #228, .T. );
#57 = ADVANCED_FACE( '', ( #229 ), #230, .T. );
#58 = ADVANCED_FACE( '', ( #231 ), #232, .F. );
#59 = ADVANCED_FACE( '', ( #233 ), #234, .T. );
#60 = ADVANCED_FACE( '', ( #235 ), #236, .T. );
#61 = ADVANCED_FACE( '', ( #237 ), #238, .F. );
#62 = ADVANCED_FACE( '', ( #239 ), #240, .F. );
#63 = ADVANCED_FACE( '', ( #241 ), #242, .T. );
#64 = ADVANCED_FACE( '', ( #243 ), #244, .F. );
#65 = ADVANCED_FACE( '', ( #245 ), #246, .F. );
#66 = ADVANCED_FACE( '', ( #247 ), #248, .T. );
#67 = ADVANCED_FACE( '', ( #249 ), #250, .F. );
#68 = ADVANCED_FACE( '', ( #251, #252 ), #253, .T. );
#69 = ADVANCED_FACE( '', ( #254 ), #255, .T. );
#70 = ADVANCED_FACE( '', ( #256 ), #257, .T. );
#71 = ADVANCED_FACE( '', ( #258 ), #259, .T. );
#72 = ADVANCED_FACE( '', ( #260 ), #261, .T. );
#73 = ADVANCED_FACE( '', ( #262 ), #263, .F. );
#74 = ADVANCED_FACE( '', ( #264 ), #265, .F. );
#75 = ADVANCED_FACE( '', ( #266 ), #267, .T. );
#76 = ADVANCED_FACE( '', ( #268 ), #269, .T. );
#77 = ADVANCED_FACE( '', ( #270 ), #271, .F. );
#78 = ADVANCED_FACE( '', ( #272 ), #273, .F. );
#79 = ADVANCED_FACE( '', ( #274 ), #275, .F. );
#80 = ADVANCED_FACE( '', ( #276 ), #277, .F. );
#81 = ADVANCED_FACE( '', ( #278 ), #279, .T. );
#82 = ADVANCED_FACE( '', ( #280 ), #281, .F. );
#83 = ADVANCED_FACE( '', ( #282 ), #283, .T. );
#84 = ADVANCED_FACE( '', ( #284 ), #285, .T. );
#85 = ADVANCED_FACE( '', ( #286 ), #287, .F. );
#86 = ADVANCED_FACE( '', ( #288 ), #289, .T. );
#87 = ADVANCED_FACE( '', ( #290 ), #291, .T. );
#88 = ADVANCED_FACE( '', ( #292 ), #293, .T. );
#89 = ADVANCED_FACE( '', ( #294 ), #295, .T. );
#90 = ADVANCED_FACE( '', ( #296 ), #297, .F. );
#91 = ADVANCED_FACE( '', ( #298 ), #299, .T. );
#92 = ADVANCED_FACE( '', ( #300 ), #301, .F. );
#93 = ADVANCED_FACE( '', ( #302 ), #303, .T. );
#94 = ADVANCED_FACE( '', ( #304 ), #305, .T. );
#95 = ADVANCED_FACE( '', ( #306 ), #307, .T. );
#96 = ADVANCED_FACE( '', ( #308 ), #309, .F. );
#97 = ADVANCED_FACE( '', ( #310 ), #311, .F. );
#98 = ADVANCED_FACE( '', ( #312 ), #313, .T. );
#99 = ADVANCED_FACE( '', ( #314 ), #315, .T. );
#100 = ADVANCED_FACE( '', ( #316 ), #317, .T. );
#101 = ADVANCED_FACE( '', ( #318 ), #319, .T. );
#102 = ADVANCED_FACE( '', ( #320 ), #321, .F. );
#103 = ADVANCED_FACE( '', ( #322 ), #323, .F. );
#104 = ADVANCED_FACE( '', ( #324 ), #325, .T. );
#105 = ADVANCED_FACE( '', ( #326 ), #327, .T. );
#106 = ADVANCED_FACE( '', ( #328 ), #329, .T. );
#107 = ADVANCED_FACE( '', ( #330 ), #331, .F. );
#108 = ADVANCED_FACE( '', ( #332 ), #333, .T. );
#109 = ADVANCED_FACE( '', ( #334 ), #335, .T. );
#110 = ADVANCED_FACE( '', ( #336 ), #337, .F. );
#111 = ADVANCED_FACE( '', ( #338 ), #339, .T. );
#112 = ADVANCED_FACE( '', ( #340 ), #341, .T. );
#113 = ADVANCED_FACE( '', ( #342 ), #343, .F. );
#114 = ADVANCED_FACE( '', ( #344 ), #345, .F. );
#115 = ADVANCED_FACE( '', ( #346 ), #347, .T. );
#116 = ADVANCED_FACE( '', ( #348 ), #349, .F. );
#117 = ADVANCED_FACE( '', ( #350 ), #351, .F. );
#118 = ADVANCED_FACE( '', ( #352, #353 ), #354, .F. );
#119 = ADVANCED_FACE( '', ( #355 ), #356, .T. );
#120 = ADVANCED_FACE( '', ( #357 ), #358, .T. );
#121 = ADVANCED_FACE( '', ( #359 ), #360, .F. );
#122 = ADVANCED_FACE( '', ( #361 ), #362, .T. );
#123 = ADVANCED_FACE( '', ( #363 ), #364, .T. );
#124 = ADVANCED_FACE( '', ( #365 ), #366, .F. );
#125 = ADVANCED_FACE( '', ( #367 ), #368, .T. );
#126 = ADVANCED_FACE( '', ( #369 ), #370, .T. );
#127 = ADVANCED_FACE( '', ( #371 ), #372, .T. );
#128 = ADVANCED_FACE( '', ( #373 ), #374, .T. );
#129 = ADVANCED_FACE( '', ( #375 ), #376, .T. );
#130 = ADVANCED_FACE( '', ( #377 ), #378, .F. );
#131 = ADVANCED_FACE( '', ( #379 ), #380, .T. );
#132 = ADVANCED_FACE( '', ( #381 ), #382, .T. );
#133 = ADVANCED_FACE( '', ( #383 ), #384, .T. );
#134 = ADVANCED_FACE( '', ( #385 ), #386, .T. );
#135 = ADVANCED_FACE( '', ( #387 ), #388, .T. );
#136 = ADVANCED_FACE( '', ( #389 ), #390, .T. );
#137 = ADVANCED_FACE( '', ( #391 ), #392, .T. );
#138 = ADVANCED_FACE( '', ( #393 ), #394, .T. );
#139 = ADVANCED_FACE( '', ( #395 ), #396, .F. );
#140 = ADVANCED_FACE( '', ( #397 ), #398, .T. );
#141 = ADVANCED_FACE( '', ( #399 ), #400, .T. );
#142 = ADVANCED_FACE( '', ( #401 ), #402, .T. );
#143 = ADVANCED_FACE( '', ( #403 ), #404, .F. );
#144 = ADVANCED_FACE( '', ( #405 ), #406, .T. );
#145 = ADVANCED_FACE( '', ( #407, #408 ), #409, .T. );
#146 = ADVANCED_FACE( '', ( #410 ), #411, .T. );
#147 = ADVANCED_FACE( '', ( #412 ), #413, .T. );
#148 = ADVANCED_FACE( '', ( #414 ), #415, .F. );
#149 = ADVANCED_FACE( '', ( #416 ), #417, .T. );
#150 = ADVANCED_FACE( '', ( #418 ), #419, .T. );
#151 = ADVANCED_FACE( '', ( #420 ), #421, .T. );
#152 = ADVANCED_FACE( '', ( #422 ), #423, .T. );
#153 = ADVANCED_FACE( '', ( #424 ), #425, .F. );
#154 = ADVANCED_FACE( '', ( #426 ), #427, .T. );
#155 = ADVANCED_FACE( '', ( #428 ), #429, .T. );
#156 = ADVANCED_FACE( '', ( #430 ), #431, .T. );
#157 = ADVANCED_FACE( '', ( #432 ), #433, .T. );
#158 = ADVANCED_FACE( '', ( #434 ), #435, .F. );
#159 = ADVANCED_FACE( '', ( #436 ), #437, .T. );
#160 = ADVANCED_FACE( '', ( #438 ), #439, .F. );
#161 = ADVANCED_FACE( '', ( #440 ), #441, .T. );
#162 = ADVANCED_FACE( '', ( #442 ), #443, .T. );
#163 = ADVANCED_FACE( '', ( #444 ), #445, .T. );
#164 = ADVANCED_FACE( '', ( #446 ), #447, .T. );
#165 = ADVANCED_FACE( '', ( #448 ), #449, .T. );
#166 = ADVANCED_FACE( '', ( #450 ), #451, .T. );
#167 = ADVANCED_FACE( '', ( #452 ), #453, .T. );
#168 = ADVANCED_FACE( '', ( #454 ), #455, .T. );
#169 = ADVANCED_FACE( '', ( #456 ), #457, .T. );
#170 = ADVANCED_FACE( '', ( #458 ), #459, .T. );
#171 = ADVANCED_FACE( '', ( #460 ), #461, .T. );
#172 = ADVANCED_FACE( '', ( #462 ), #463, .T. );
#173 = ADVANCED_FACE( '', ( #464 ), #465, .T. );
#174 = ADVANCED_FACE( '', ( #466 ), #467, .F. );
#175 = ADVANCED_FACE( '', ( #468 ), #469, .T. );
#176 = ADVANCED_FACE( '', ( #470 ), #471, .F. );
#177 = ADVANCED_FACE( '', ( #472 ), #473, .T. );
#178 = ADVANCED_FACE( '', ( #474 ), #475, .T. );
#179 = ADVANCED_FACE( '', ( #476 ), #477, .T. );
#180 = ADVANCED_FACE( '', ( #478 ), #479, .F. );
#181 = ADVANCED_FACE( '', ( #480 ), #481, .F. );
#182 = ADVANCED_FACE( '', ( #482 ), #483, .T. );
#183 = ADVANCED_FACE( '', ( #484 ), #485, .F. );
#184 = ADVANCED_FACE( '', ( #486 ), #487, .T. );
#185 = ADVANCED_FACE( '', ( #488 ), #489, .F. );
#186 = ADVANCED_FACE( '', ( #490 ), #491, .T. );
#187 = ADVANCED_FACE( '', ( #492 ), #493, .F. );
#188 = ADVANCED_FACE( '', ( #494 ), #495, .F. );
#189 = ADVANCED_FACE( '', ( #496 ), #497, .T. );
#190 = ADVANCED_FACE( '', ( #498 ), #499, .T. );
#191 = ADVANCED_FACE( '', ( #500 ), #501, .T. );
#192 = ADVANCED_FACE( '', ( #502 ), #503, .T. );
#193 = ADVANCED_FACE( '', ( #504 ), #505, .T. );
#194 = ADVANCED_FACE( '', ( #506 ), #507, .T. );
#195 = ADVANCED_FACE( '', ( #508 ), #509, .T. );
#196 = ADVANCED_FACE( '', ( #510 ), #511, .F. );
#197 = ADVANCED_FACE( '', ( #512 ), #513, .T. );
#198 = ADVANCED_FACE( '', ( #514 ), #515, .T. );
#199 = ADVANCED_FACE( '', ( #516 ), #517, .T. );
#200 = ADVANCED_FACE( '', ( #518 ), #519, .F. );
#201 = ADVANCED_FACE( '', ( #520 ), #521, .F. );
#203 = FACE_OUTER_BOUND( '', #522, .T. );
#204 = PLANE( '', #523 );
#205 = FACE_OUTER_BOUND( '', #524, .T. );
#206 = CYLINDRICAL_SURFACE( '', #525, 0.000100000000000000 );
#207 = FACE_OUTER_BOUND( '', #526, .T. );
#208 = FACE_BOUND( '', #527, .T. );
#209 = PLANE( '', #528 );
#210 = FACE_OUTER_BOUND( '', #529, .T. );
#211 = ( BOUNDED_SURFACE(  )B_SPLINE_SURFACE( 3, 3, ( ( #532, #533, #534, #535, #536, #537 ), ( #538, #539, #540, #541, #542, #543 ), ( #544, #545, #546, #547, #548, #549 ), ( #550, #551, #552, #553, #554, #555 ) ), .UNSPECIFIED., .F., .F., .F. )B_SPLINE_SURFACE_WITH_KNOTS( ( 4, 4 ), ( 4, 1, 1, 4 ), ( 0.000000000000000, 1.00000000000000 ), ( 0.00595819655353600, 0.353499502044700, 0.686594148498000, 0.845987441537300 ), .UNSPECIFIED. )GEOMETRIC_REPRESENTATION_ITEM(  )RATIONAL_B_SPLINE_SURFACE( ( ( 1.19520197626600, 1.19520197626600, 1.19520197626600, 1.19520197626600, 1.19520197626600, 1.19520197626600 ), ( 0.934932674578100, 0.934932674578100, 0.934932674578100, 0.934932674578100, 0.934932674578100, 0.934932674578100 ), ( 0.934932674578100, 0.934932674578100, 0.934932674578100, 0.934932674578100, 0.934932674578100, 0.934932674578100 ), ( 1.19520197626600, 1.19520197626600, 1.19520197626600, 1.19520197626600, 1.19520197626600, 1.19520197626600 ) ) )REPRESENTATION_ITEM( '' )SURFACE(  ) );
#212 = FACE_OUTER_BOUND( '', #561, .T. );
#213 = PLANE( '', #562 );
#214 = FACE_OUTER_BOUND( '', #563, .T. );
#215 = PLANE( '', #564 );
#216 = FACE_OUTER_BOUND( '', #565, .T. );
#217 = PLANE( '', #566 );
#218 = FACE_OUTER_BOUND( '', #567, .T. );
#219 = FACE_BOUND( '', #568, .T. );
#220 = FACE_BOUND( '', #569, .T. );
#221 = FACE_BOUND( '', #570, .T. );
#222 = PLANE( '', #571 );
#223 = FACE_OUTER_BOUND( '', #572, .T. );
#224 = CYLINDRICAL_SURFACE( '', #573, 0.000120000000000000 );
#225 = FACE_OUTER_BOUND( '', #574, .T. );
#226 = PLANE( '', #575 );
#227 = FACE_OUTER_BOUND( '', #576, .T. );
#228 = PLANE( '', #577 );
#229 = FACE_OUTER_BOUND( '', #578, .T. );
#230 = PLANE( '', #579 );
#231 = FACE_OUTER_BOUND( '', #580, .T. );
#232 = CYLINDRICAL_SURFACE( '', #581, 0.000200000000000000 );
#233 = FACE_OUTER_BOUND( '', #582, .T. );
#234 = PLANE( '', #583 );
#235 = FACE_OUTER_BOUND( '', #584, .T. );
#236 = PLANE( '', #585 );
#237 = FACE_OUTER_BOUND( '', #586, .T. );
#238 = PLANE( '', #587 );
#239 = FACE_OUTER_BOUND( '', #588, .T. );
#240 = PLANE( '', #589 );
#241 = FACE_OUTER_BOUND( '', #590, .T. );
#242 = CYLINDRICAL_SURFACE( '', #591, 0.000150000000000000 );
#243 = FACE_OUTER_BOUND( '', #592, .T. );
#244 = PLANE( '', #593 );
#245 = FACE_OUTER_BOUND( '', #594, .T. );
#246 = CYLINDRICAL_SURFACE( '', #595, 0.000150000000000000 );
#247 = FACE_OUTER_BOUND( '', #596, .T. );
#248 = CYLINDRICAL_SURFACE( '', #597, 0.000150000000000000 );
#249 = FACE_OUTER_BOUND( '', #598, .T. );
#250 = PLANE( '', #599 );
#251 = FACE_BOUND( '', #600, .T. );
#252 = FACE_OUTER_BOUND( '', #601, .T. );
#253 = CONICAL_SURFACE( '', #602, 0.000732099235904000, 1.17055566976070 );
#254 = FACE_OUTER_BOUND( '', #603, .T. );
#255 = PLANE( '', #604 );
#256 = FACE_OUTER_BOUND( '', #605, .T. );
#257 = CYLINDRICAL_SURFACE( '', #606, 0.000100000000000000 );
#258 = FACE_OUTER_BOUND( '', #607, .T. );
#259 = PLANE( '', #608 );
#260 = FACE_OUTER_BOUND( '', #609, .T. );
#261 = PLANE( '', #610 );
#262 = FACE_OUTER_BOUND( '', #611, .T. );
#263 = PLANE( '', #612 );
#264 = FACE_OUTER_BOUND( '', #613, .T. );
#265 = PLANE( '', #614 );
#266 = FACE_OUTER_BOUND( '', #615, .T. );
#267 = PLANE( '', #616 );
#268 = FACE_OUTER_BOUND( '', #617, .T. );
#269 = PLANE( '', #618 );
#270 = FACE_OUTER_BOUND( '', #619, .T. );
#271 = PLANE( '', #620 );
#272 = FACE_OUTER_BOUND( '', #621, .T. );
#273 = PLANE( '', #622 );
#274 = FACE_OUTER_BOUND( '', #623, .T. );
#275 = PLANE( '', #624 );
#276 = FACE_OUTER_BOUND( '', #625, .T. );
#277 = PLANE( '', #626 );
#278 = FACE_OUTER_BOUND( '', #627, .T. );
#279 = PLANE( '', #628 );
#280 = FACE_OUTER_BOUND( '', #629, .T. );
#281 = ( BOUNDED_SURFACE(  )B_SPLINE_SURFACE( 3, 3, ( ( #632, #633, #634, #635, #636, #637 ), ( #638, #639, #640, #641, #642, #643 ), ( #644, #645, #646, #647, #648, #649 ), ( #650, #651, #652, #653, #654, #655 ) ), .UNSPECIFIED., .F., .F., .F. )B_SPLINE_SURFACE_WITH_KNOTS( ( 4, 4 ), ( 4, 1, 1, 4 ), ( 0.000000000000000, 1.00000000000000 ), ( 0.00737735190933500, 0.353150656001300, 0.686281964895500, 0.851944927580000 ), .UNSPECIFIED. )GEOMETRIC_REPRESENTATION_ITEM(  )RATIONAL_B_SPLINE_SURFACE( ( ( 1.19520192949700, 1.19520192949700, 1.19520192949700, 1.19520192949700, 1.19520192949700, 1.19520192949700 ), ( 0.934932690167700, 0.934932690167700, 0.934932690167700, 0.934932690167700, 0.934932690167700, 0.934932690167700 ), ( 0.934932690167700, 0.934932690167700, 0.934932690167700, 0.934932690167700, 0.934932690167700, 0.934932690167700 ), ( 1.19520192949700, 1.19520192949700, 1.19520192949700, 1.19520192949700, 1.19520192949700, 1.19520192949700 ) ) )REPRESENTATION_ITEM( '' )SURFACE(  ) );
#282 = FACE_OUTER_BOUND( '', #661, .T. );
#283 = PLANE( '', #662 );
#284 = FACE_OUTER_BOUND( '', #663, .T. );
#285 = CYLINDRICAL_SURFACE( '', #664, 0.000150000000000000 );
#286 = FACE_OUTER_BOUND( '', #665, .T. );
#287 = PLANE( '', #666 );
#288 = FACE_OUTER_BOUND( '', #667, .T. );
#289 = CYLINDRICAL_SURFACE( '', #668, 0.000150000000000000 );
#290 = FACE_OUTER_BOUND( '', #669, .T. );
#291 = PLANE( '', #670 );
#292 = FACE_OUTER_BOUND( '', #671, .T. );
#293 = PLANE( '', #672 );
#294 = FACE_OUTER_BOUND( '', #673, .T. );
#295 = CYLINDRICAL_SURFACE( '', #674, 0.000100000000000000 );
#296 = FACE_OUTER_BOUND( '', #675, .T. );
#297 = PLANE( '', #676 );
#298 = FACE_OUTER_BOUND( '', #677, .T. );
#299 = PLANE( '', #678 );
#300 = FACE_OUTER_BOUND( '', #679, .T. );
#301 = ( BOUNDED_SURFACE(  )B_SPLINE_SURFACE( 3, 3, ( ( #682, #683, #684, #685, #686, #687 ), ( #688, #689, #690, #691, #692, #693 ), ( #694, #695, #696, #697, #698, #699 ), ( #700, #701, #702, #703, #704, #705 ) ), .UNSPECIFIED., .F., .F., .F. )B_SPLINE_SURFACE_WITH_KNOTS( ( 4, 4 ), ( 4, 1, 1, 4 ), ( 0.000000000000000, 1.00000000000000 ), ( 0.00737735190932300, 0.353150656001300, 0.686281964895400, 0.851944927580000 ), .UNSPECIFIED. )GEOMETRIC_REPRESENTATION_ITEM(  )RATIONAL_B_SPLINE_SURFACE( ( ( 1.19520192949700, 1.19520192949700, 1.19520192949700, 1.19520192949700, 1.19520192949700, 1.19520192949700 ), ( 0.934932690167700, 0.934932690167700, 0.934932690167700, 0.934932690167700, 0.934932690167700, 0.934932690167700 ), ( 0.934932690167700, 0.934932690167700, 0.934932690167700, 0.934932690167700, 0.934932690167700, 0.934932690167700 ), ( 1.19520192949700, 1.19520192949700, 1.19520192949700, 1.19520192949700, 1.19520192949700, 1.19520192949700 ) ) )REPRESENTATION_ITEM( '' )SURFACE(  ) );
#302 = FACE_OUTER_BOUND( '', #711, .T. );
#303 = PLANE( '', #712 );
#304 = FACE_OUTER_BOUND( '', #713, .T. );
#305 = PLANE( '', #714 );
#306 = FACE_OUTER_BOUND( '', #715, .T. );
#307 = PLANE( '', #716 );
#308 = FACE_OUTER_BOUND( '', #717, .T. );
#309 = PLANE( '', #718 );
#310 = FACE_OUTER_BOUND( '', #719, .T. );
#311 = CYLINDRICAL_SURFACE( '', #720, 0.000150000000000000 );
#312 = FACE_OUTER_BOUND( '', #721, .T. );
#313 = PLANE( '', #722 );
#314 = FACE_OUTER_BOUND( '', #723, .T. );
#315 = PLANE( '', #724 );
#316 = FACE_OUTER_BOUND( '', #725, .T. );
#317 = PLANE( '', #726 );
#318 = FACE_OUTER_BOUND( '', #727, .T. );
#319 = CYLINDRICAL_SURFACE( '', #728, 0.000150000000000000 );
#320 = FACE_OUTER_BOUND( '', #729, .T. );
#321 = PLANE( '', #730 );
#322 = FACE_OUTER_BOUND( '', #731, .T. );
#323 = PLANE( '', #732 );
#324 = FACE_OUTER_BOUND( '', #733, .T. );
#325 = CYLINDRICAL_SURFACE( '', #734, 0.000150000000000000 );
#326 = FACE_OUTER_BOUND( '', #735, .T. );
#327 = PLANE( '', #736 );
#328 = FACE_OUTER_BOUND( '', #737, .T. );
#329 = CYLINDRICAL_SURFACE( '', #738, 0.000150000000000000 );
#330 = FACE_OUTER_BOUND( '', #739, .T. );
#331 = PLANE( '', #740 );
#332 = FACE_OUTER_BOUND( '', #741, .T. );
#333 = PLANE( '', #742 );
#334 = FACE_OUTER_BOUND( '', #743, .T. );
#335 = CYLINDRICAL_SURFACE( '', #744, 0.000100000000000000 );
#336 = FACE_OUTER_BOUND( '', #745, .T. );
#337 = CYLINDRICAL_SURFACE( '', #746, 2.00000000000000E-005 );
#338 = FACE_OUTER_BOUND( '', #747, .T. );
#339 = CYLINDRICAL_SURFACE( '', #748, 0.000100000000000000 );
#340 = FACE_OUTER_BOUND( '', #749, .T. );
#341 = PLANE( '', #750 );
#342 = FACE_OUTER_BOUND( '', #751, .T. );
#343 = CYLINDRICAL_SURFACE( '', #752, 2.00000000000000E-005 );
#344 = FACE_OUTER_BOUND( '', #753, .T. );
#345 = PLANE( '', #754 );
#346 = FACE_OUTER_BOUND( '', #755, .T. );
#347 = PLANE( '', #756 );
#348 = FACE_OUTER_BOUND( '', #757, .T. );
#349 = PLANE( '', #758 );
#350 = FACE_OUTER_BOUND( '', #759, .T. );
#351 = PLANE( '', #760 );
#352 = FACE_OUTER_BOUND( '', #761, .T. );
#353 = FACE_BOUND( '', #762, .T. );
#354 = PLANE( '', #763 );
#355 = FACE_OUTER_BOUND( '', #764, .T. );
#356 = PLANE( '', #765 );
#357 = FACE_OUTER_BOUND( '', #766, .T. );
#358 = CYLINDRICAL_SURFACE( '', #767, 0.000120000000000000 );
#359 = FACE_OUTER_BOUND( '', #768, .T. );
#360 = PLANE( '', #769 );
#361 = FACE_OUTER_BOUND( '', #770, .T. );
#362 = PLANE( '', #771 );
#363 = FACE_OUTER_BOUND( '', #772, .T. );
#364 = CYLINDRICAL_SURFACE( '', #773, 0.000100000000000000 );
#365 = FACE_OUTER_BOUND( '', #774, .T. );
#366 = ( BOUNDED_SURFACE(  )B_SPLINE_SURFACE( 3, 3, ( ( #777, #778, #779, #780, #781, #782 ), ( #783, #784, #785, #786, #787, #788 ), ( #789, #790, #791, #792, #793, #794 ), ( #795, #796, #797, #798, #799, #800 ) ), .UNSPECIFIED., .F., .F., .F. )B_SPLINE_SURFACE_WITH_KNOTS( ( 4, 4 ), ( 4, 1, 1, 4 ), ( 0.000000000000000, 1.00000000000000 ), ( 0.00595819655355200, 0.353499502044800, 0.686594148498000, 0.845987441537300 ), .UNSPECIFIED. )GEOMETRIC_REPRESENTATION_ITEM(  )RATIONAL_B_SPLINE_SURFACE( ( ( 1.19520197626600, 1.19520197626600, 1.19520197626600, 1.19520197626600, 1.19520197626600, 1.19520197626600 ), ( 0.934932674578100, 0.934932674578100, 0.934932674578100, 0.934932674578100, 0.934932674578100, 0.934932674578100 ), ( 0.934932674578100, 0.934932674578100, 0.934932674578100, 0.934932674578100, 0.934932674578100, 0.934932674578100 ), ( 1.19520197626600, 1.19520197626600, 1.19520197626600, 1.19520197626600, 1.19520197626600, 1.19520197626600 ) ) )REPRESENTATION_ITEM( '' )SURFACE(  ) );
#367 = FACE_OUTER_BOUND( '', #806, .T. );
#368 = CYLINDRICAL_SURFACE( '', #807, 0.000100000000000000 );
#369 = FACE_OUTER_BOUND( '', #808, .T. );
#370 = CYLINDRICAL_SURFACE( '', #809, 0.000150000000000000 );
#371 = FACE_OUTER_BOUND( '', #810, .T. );
#372 = PLANE( '', #811 );
#373 = FACE_OUTER_BOUND( '', #812, .T. );
#374 = CYLINDRICAL_SURFACE( '', #813, 0.000150000000000000 );
#375 = FACE_OUTER_BOUND( '', #814, .T. );
#376 = PLANE( '', #815 );
#377 = FACE_OUTER_BOUND( '', #816, .T. );
#378 = CYLINDRICAL_SURFACE( '', #817, 0.000150000000000000 );
#379 = FACE_OUTER_BOUND( '', #818, .T. );
#380 = PLANE( '', #819 );
#381 = FACE_OUTER_BOUND( '', #820, .T. );
#382 = CYLINDRICAL_SURFACE( '', #821, 0.000150000000000000 );
#383 = FACE_OUTER_BOUND( '', #822, .T. );
#384 = CYLINDRICAL_SURFACE( '', #823, 0.000150000000000000 );
#385 = FACE_OUTER_BOUND( '', #824, .T. );
#386 = PLANE( '', #825 );
#387 = FACE_OUTER_BOUND( '', #826, .T. );
#388 = PLANE( '', #827 );
#389 = FACE_OUTER_BOUND( '', #828, .T. );
#390 = PLANE( '', #829 );
#391 = FACE_OUTER_BOUND( '', #830, .T. );
#392 = PLANE( '', #831 );
#393 = FACE_OUTER_BOUND( '', #832, .T. );
#394 = PLANE( '', #833 );
#395 = FACE_OUTER_BOUND( '', #834, .T. );
#396 = PLANE( '', #835 );
#397 = FACE_OUTER_BOUND( '', #836, .T. );
#398 = PLANE( '', #837 );
#399 = FACE_OUTER_BOUND( '', #838, .T. );
#400 = CYLINDRICAL_SURFACE( '', #839, 0.000120000000000000 );
#401 = FACE_OUTER_BOUND( '', #840, .T. );
#402 = PLANE( '', #841 );
#403 = FACE_OUTER_BOUND( '', #842, .T. );
#404 = PLANE( '', #843 );
#405 = FACE_OUTER_BOUND( '', #844, .T. );
#406 = PLANE( '', #845 );
#407 = FACE_OUTER_BOUND( '', #846, .T. );
#408 = FACE_BOUND( '', #847, .T. );
#409 = PLANE( '', #848 );
#410 = FACE_OUTER_BOUND( '', #849, .T. );
#411 = PLANE( '', #850 );
#412 = FACE_OUTER_BOUND( '', #851, .T. );
#413 = PLANE( '', #852 );
#414 = FACE_OUTER_BOUND( '', #853, .T. );
#415 = PLANE( '', #854 );
#416 = FACE_OUTER_BOUND( '', #855, .T. );
#417 = CYLINDRICAL_SURFACE( '', #856, 0.000150000000000000 );
#418 = FACE_OUTER_BOUND( '', #857, .T. );
#419 = PLANE( '', #858 );
#420 = FACE_OUTER_BOUND( '', #859, .T. );
#421 = CYLINDRICAL_SURFACE( '', #860, 0.000150000000000000 );
#422 = FACE_OUTER_BOUND( '', #861, .T. );
#423 = PLANE( '', #862 );
#424 = FACE_OUTER_BOUND( '', #863, .T. );
#425 = PLANE( '', #864 );
#426 = FACE_OUTER_BOUND( '', #865, .T. );
#427 = PLANE( '', #866 );
#428 = FACE_OUTER_BOUND( '', #867, .T. );
#429 = PLANE( '', #868 );
#430 = FACE_OUTER_BOUND( '', #869, .T. );
#431 = PLANE( '', #870 );
#432 = FACE_OUTER_BOUND( '', #871, .T. );
#433 = PLANE( '', #872 );
#434 = FACE_OUTER_BOUND( '', #873, .T. );
#435 = PLANE( '', #874 );
#436 = FACE_OUTER_BOUND( '', #875, .T. );
#437 = CYLINDRICAL_SURFACE( '', #876, 0.000120000000000000 );
#438 = FACE_OUTER_BOUND( '', #877, .T. );
#439 = CYLINDRICAL_SURFACE( '', #878, 2.00000000000000E-005 );
#440 = FACE_OUTER_BOUND( '', #879, .T. );
#441 = PLANE( '', #880 );
#442 = FACE_OUTER_BOUND( '', #881, .T. );
#443 = PLANE( '', #882 );
#444 = FACE_OUTER_BOUND( '', #883, .T. );
#445 = PLANE( '', #884 );
#446 = FACE_OUTER_BOUND( '', #885, .T. );
#447 = CYLINDRICAL_SURFACE( '', #886, 0.000150000000000000 );
#448 = FACE_OUTER_BOUND( '', #887, .T. );
#449 = PLANE( '', #888 );
#450 = FACE_OUTER_BOUND( '', #889, .T. );
#451 = PLANE( '', #890 );
#452 = FACE_OUTER_BOUND( '', #891, .T. );
#453 = PLANE( '', #892 );
#454 = FACE_OUTER_BOUND( '', #893, .T. );
#455 = PLANE( '', #894 );
#456 = FACE_OUTER_BOUND( '', #895, .T. );
#457 = PLANE( '', #896 );
#458 = FACE_OUTER_BOUND( '', #897, .T. );
#459 = PLANE( '', #898 );
#460 = FACE_OUTER_BOUND( '', #899, .T. );
#461 = PLANE( '', #900 );
#462 = FACE_OUTER_BOUND( '', #901, .T. );
#463 = PLANE( '', #902 );
#464 = FACE_OUTER_BOUND( '', #903, .T. );
#465 = PLANE( '', #904 );
#466 = FACE_OUTER_BOUND( '', #905, .T. );
#467 = PLANE( '', #906 );
#468 = FACE_OUTER_BOUND( '', #907, .T. );
#469 = PLANE( '', #908 );
#470 = FACE_OUTER_BOUND( '', #909, .T. );
#471 = PLANE( '', #910 );
#472 = FACE_OUTER_BOUND( '', #911, .T. );
#473 = PLANE( '', #912 );
#474 = FACE_OUTER_BOUND( '', #913, .T. );
#475 = PLANE( '', #914 );
#476 = FACE_OUTER_BOUND( '', #915, .T. );
#477 = PLANE( '', #916 );
#478 = FACE_OUTER_BOUND( '', #917, .T. );
#479 = CYLINDRICAL_SURFACE( '', #918, 0.000200000000000000 );
#480 = FACE_OUTER_BOUND( '', #919, .T. );
#481 = PLANE( '', #920 );
#482 = FACE_OUTER_BOUND( '', #921, .T. );
#483 = PLANE( '', #922 );
#484 = FACE_OUTER_BOUND( '', #923, .T. );
#485 = PLANE( '', #924 );
#486 = FACE_OUTER_BOUND( '', #925, .T. );
#487 = PLANE( '', #926 );
#488 = FACE_OUTER_BOUND( '', #927, .T. );
#489 = PLANE( '', #928 );
#490 = FACE_OUTER_BOUND( '', #929, .T. );
#491 = CYLINDRICAL_SURFACE( '', #930, 0.000150000000000000 );
#492 = FACE_OUTER_BOUND( '', #931, .T. );
#493 = PLANE( '', #932 );
#494 = FACE_OUTER_BOUND( '', #933, .T. );
#495 = CYLINDRICAL_SURFACE( '', #934, 2.00000000000000E-005 );
#496 = FACE_OUTER_BOUND( '', #935, .T. );
#497 = CYLINDRICAL_SURFACE( '', #936, 0.000100000000000000 );
#498 = FACE_OUTER_BOUND( '', #937, .T. );
#499 = PLANE( '', #938 );
#500 = FACE_OUTER_BOUND( '', #939, .T. );
#501 = PLANE( '', #940 );
#502 = FACE_OUTER_BOUND( '', #941, .T. );
#503 = PLANE( '', #942 );
#504 = FACE_OUTER_BOUND( '', #943, .T. );
#505 = PLANE( '', #944 );
#506 = FACE_OUTER_BOUND( '', #945, .T. );
#507 = PLANE( '', #946 );
#508 = FACE_OUTER_BOUND( '', #947, .T. );
#509 = PLANE( '', #948 );
#510 = FACE_OUTER_BOUND( '', #949, .T. );
#511 = PLANE( '', #950 );
#512 = FACE_OUTER_BOUND( '', #951, .T. );
#513 = PLANE( '', #952 );
#514 = FACE_OUTER_BOUND( '', #953, .T. );
#515 = PLANE( '', #954 );
#516 = FACE_OUTER_BOUND( '', #955, .T. );
#517 = CYLINDRICAL_SURFACE( '', #956, 0.000150000000000000 );
#518 = FACE_OUTER_BOUND( '', #957, .T. );
#519 = PLANE( '', #958 );
#520 = FACE_OUTER_BOUND( '', #959, .T. );
#521 = CYLINDRICAL_SURFACE( '', #960, 0.000150000000000000 );
#522 = EDGE_LOOP( '', ( #961, #962, #963 ) );
#523 = AXIS2_PLACEMENT_3D( '', #964, #965, #966 );
#524 = EDGE_LOOP( '', ( #967, #968, #969, #970, #971 ) );
#525 = AXIS2_PLACEMENT_3D( '', #972, #973, #974 );
#526 = EDGE_LOOP( '', ( #975, #976, #977, #978, #979, #980, #981, #982, #983, #984, #985, #986, #987, #988, #989, #990, #991, #992, #993, #994, #995, #996, #997, #998 ) );
#527 = EDGE_LOOP( '', ( #999, #1000, #1001, #1002, #1003, #1004, #1005, #1006, #1007, #1008, #1009, #1010, #1011, #1012, #1013, #1014, #1015, #1016, #1017, #1018 ) );
#528 = AXIS2_PLACEMENT_3D( '', #1019, #1020, #1021 );
#529 = EDGE_LOOP( '', ( #1022, #1023, #1024, #1025, #1026 ) );
#532 = CARTESIAN_POINT( '', ( 0.00140095794443100, 0.000395887719060300, -0.000550173824289600 ) );
#533 = CARTESIAN_POINT( '', ( 0.00140695191372900, 0.000354818923189400, -0.000550116659630800 ) );
#534 = CARTESIAN_POINT( '', ( 0.00141864336392900, 0.000274367247297100, -0.000548958099394400 ) );
#535 = CARTESIAN_POINT( '', ( 0.00143290784477400, 0.000175348187103700, -0.000544943381300200 ) );
#536 = CARTESIAN_POINT( '', ( 0.00144117519397100, 0.000117547249171400, -0.000541372803524300 ) );
#537 = CARTESIAN_POINT( '', ( 0.00144383807002900, 9.88808770947300E-005, -0.000540076374196000 ) );
#538 = CARTESIAN_POINT( '', ( 0.00131235986722900, 0.000363560948747800, -0.000544003167142700 ) );
#539 = CARTESIAN_POINT( '', ( 0.00131796250485100, 0.000322552704410300, -0.000549245545563900 ) );
#540 = CARTESIAN_POINT( '', ( 0.00132992281587500, 0.000241924051009600, -0.000558513623069600 ) );
#541 = CARTESIAN_POINT( '', ( 0.00134709387162100, 0.000141923275719700, -0.000567300480532800 ) );
#542 = CARTESIAN_POINT( '', ( 0.00135828969684500, 8.31085920847200E-005, -0.000571105795455200 ) );
#543 = CARTESIAN_POINT( '', ( 0.00136204460264800, 6.40563053735900E-005, -0.000572173051901600 ) );
#544 = CARTESIAN_POINT( '', ( 0.00124812499393300, 0.000341028290463700, -0.000609568986968800 ) );
#545 = CARTESIAN_POINT( '', ( 0.00125763461270500, 0.000300062252229600, -0.000618653704603700 ) );
#546 = CARTESIAN_POINT( '', ( 0.00127797177341100, 0.000219310240581600, -0.000634749535423400 ) );
#547 = CARTESIAN_POINT( '', ( 0.00130725222607200, 0.000118625182556900, -0.000650105673684900 ) );
#548 = CARTESIAN_POINT( '', ( 0.00132637761744600, 5.91038899632500E-005, -0.000656816269184100 ) );
#549 = CARTESIAN_POINT( '', ( 0.00133279559457800, 3.97826100152400E-005, -0.000658708069467000 ) );
#550 = CARTESIAN_POINT( '', ( 0.00125021702427500, 0.000343009999076700, -0.000704038096207400 ) );
#551 = CARTESIAN_POINT( '', ( 0.00126537956359300, 0.000302040248888200, -0.000712997805388200 ) );
#552 = CARTESIAN_POINT( '', ( 0.00129672908991800, 0.000221299086386300, -0.000727862034088200 ) );
#553 = CARTESIAN_POINT( '', ( 0.00133941087027200, 0.000120674209853400, -0.000739263543682900 ) );
#554 = CARTESIAN_POINT( '', ( 0.00136628664876500, 6.12150623045700E-005, -0.000742510830487100 ) );
#555 = CARTESIAN_POINT( '', ( 0.00137519899340500, 4.19174398499500E-005, -0.000743149370284500 ) );
#561 = EDGE_LOOP( '', ( #1027, #1028, #1029, #1030 ) );
#562 = AXIS2_PLACEMENT_3D( '', #1031, #1032, #1033 );
#563 = EDGE_LOOP( '', ( #1034, #1035, #1036, #1037 ) );
#564 = AXIS2_PLACEMENT_3D( '', #1038, #1039, #1040 );
#565 = EDGE_LOOP( '', ( #1041, #1042, #1043, #1044 ) );
#566 = AXIS2_PLACEMENT_3D( '', #1045, #1046, #1047 );
#567 = EDGE_LOOP( '', ( #1048, #1049, #1050, #1051, #1052, #1053, #1054, #1055, #1056, #1057, #1058, #1059, #1060, #1061, #1062, #1063, #1064, #1065, #1066, #1067, #1068, #1069, #1070, #1071, #1072, #1073, #1074, #1075 ) );
#568 = EDGE_LOOP( '', ( #1076, #1077, #1078, #1079, #1080, #1081, #1082, #1083, #1084, #1085, #1086, #1087, #1088, #1089, #1090, #1091, #1092, #1093, #1094, #1095 ) );
#569 = EDGE_LOOP( '', ( #1096, #1097, #1098, #1099, #1100, #1101, #1102, #1103 ) );
#570 = EDGE_LOOP( '', ( #1104, #1105, #1106, #1107, #1108, #1109, #1110, #1111, #1112, #1113, #1114, #1115, #1116, #1117, #1118, #1119, #1120, #1121, #1122, #1123, #1124, #1125, #1126, #1127, #1128, #1129, #1130, #1131 ) );
#571 = AXIS2_PLACEMENT_3D( '', #1132, #1133, #1134 );
#572 = EDGE_LOOP( '', ( #1135, #1136, #1137, #1138, #1139 ) );
#573 = AXIS2_PLACEMENT_3D( '', #1140, #1141, #1142 );
#574 = EDGE_LOOP( '', ( #1143, #1144, #1145 ) );
#575 = AXIS2_PLACEMENT_3D( '', #1146, #1147, #1148 );
#576 = EDGE_LOOP( '', ( #1149, #1150, #1151, #1152, #1153, #1154, #1155, #1156, #1157, #1158, #1159, #1160, #1161, #1162 ) );
#577 = AXIS2_PLACEMENT_3D( '', #1163, #1164, #1165 );
#578 = EDGE_LOOP( '', ( #1166, #1167, #1168, #1169 ) );
#579 = AXIS2_PLACEMENT_3D( '', #1170, #1171, #1172 );
#580 = EDGE_LOOP( '', ( #1173, #1174, #1175 ) );
#581 = AXIS2_PLACEMENT_3D( '', #1176, #1177, #1178 );
#582 = EDGE_LOOP( '', ( #1179, #1180, #1181, #1182 ) );
#583 = AXIS2_PLACEMENT_3D( '', #1183, #1184, #1185 );
#584 = EDGE_LOOP( '', ( #1186, #1187, #1188, #1189 ) );
#585 = AXIS2_PLACEMENT_3D( '', #1190, #1191, #1192 );
#586 = EDGE_LOOP( '', ( #1193, #1194, #1195, #1196, #1197, #1198, #1199 ) );
#587 = AXIS2_PLACEMENT_3D( '', #1200, #1201, #1202 );
#588 = EDGE_LOOP( '', ( #1203, #1204, #1205, #1206 ) );
#589 = AXIS2_PLACEMENT_3D( '', #1207, #1208, #1209 );
#590 = EDGE_LOOP( '', ( #1210, #1211, #1212, #1213 ) );
#591 = AXIS2_PLACEMENT_3D( '', #1214, #1215, #1216 );
#592 = EDGE_LOOP( '', ( #1217, #1218, #1219, #1220 ) );
#593 = AXIS2_PLACEMENT_3D( '', #1221, #1222, #1223 );
#594 = EDGE_LOOP( '', ( #1224, #1225, #1226, #1227 ) );
#595 = AXIS2_PLACEMENT_3D( '', #1228, #1229, #1230 );
#596 = EDGE_LOOP( '', ( #1231, #1232, #1233, #1234 ) );
#597 = AXIS2_PLACEMENT_3D( '', #1235, #1236, #1237 );
#598 = EDGE_LOOP( '', ( #1238, #1239, #1240, #1241 ) );
#599 = AXIS2_PLACEMENT_3D( '', #1242, #1243, #1244 );
#600 = EDGE_LOOP( '', ( #1245 ) );
#601 = EDGE_LOOP( '', ( #1246 ) );
#602 = AXIS2_PLACEMENT_3D( '', #1247, #1248, #1249 );
#603 = EDGE_LOOP( '', ( #1250, #1251, #1252, #1253 ) );
#604 = AXIS2_PLACEMENT_3D( '', #1254, #1255, #1256 );
#605 = EDGE_LOOP( '', ( #1257, #1258, #1259, #1260 ) );
#606 = AXIS2_PLACEMENT_3D( '', #1261, #1262, #1263 );
#607 = EDGE_LOOP( '', ( #1264, #1265, #1266, #1267 ) );
#608 = AXIS2_PLACEMENT_3D( '', #1268, #1269, #1270 );
#609 = EDGE_LOOP( '', ( #1271, #1272, #1273, #1274, #1275, #1276, #1277, #1278, #1279, #1280, #1281, #1282, #1283, #1284 ) );
#610 = AXIS2_PLACEMENT_3D( '', #1285, #1286, #1287 );
#611 = EDGE_LOOP( '', ( #1288, #1289, #1290, #1291 ) );
#612 = AXIS2_PLACEMENT_3D( '', #1292, #1293, #1294 );
#613 = EDGE_LOOP( '', ( #1295, #1296, #1297, #1298 ) );
#614 = AXIS2_PLACEMENT_3D( '', #1299, #1300, #1301 );
#615 = EDGE_LOOP( '', ( #1302, #1303, #1304, #1305 ) );
#616 = AXIS2_PLACEMENT_3D( '', #1306, #1307, #1308 );
#617 = EDGE_LOOP( '', ( #1309, #1310, #1311, #1312 ) );
#618 = AXIS2_PLACEMENT_3D( '', #1313, #1314, #1315 );
#619 = EDGE_LOOP( '', ( #1316, #1317, #1318, #1319 ) );
#620 = AXIS2_PLACEMENT_3D( '', #1320, #1321, #1322 );
#621 = EDGE_LOOP( '', ( #1323, #1324, #1325, #1326 ) );
#622 = AXIS2_PLACEMENT_3D( '', #1327, #1328, #1329 );
#623 = EDGE_LOOP( '', ( #1330, #1331, #1332, #1333 ) );
#624 = AXIS2_PLACEMENT_3D( '', #1334, #1335, #1336 );
#625 = EDGE_LOOP( '', ( #1337, #1338, #1339, #1340 ) );
#626 = AXIS2_PLACEMENT_3D( '', #1341, #1342, #1343 );
#627 = EDGE_LOOP( '', ( #1344, #1345, #1346, #1347 ) );
#628 = AXIS2_PLACEMENT_3D( '', #1348, #1349, #1350 );
#629 = EDGE_LOOP( '', ( #1351, #1352, #1353, #1354, #1355 ) );
#632 = CARTESIAN_POINT( '', ( 0.00125021696476800, 0.000343010151091200, 0.000704038058161100 ) );
#633 = CARTESIAN_POINT( '', ( 0.00126522130325500, 0.000302467689519900, 0.000712904388441600 ) );
#634 = CARTESIAN_POINT( '', ( 0.00129630635837400, 0.000222369661222400, 0.000727678356047600 ) );
#635 = CARTESIAN_POINT( '', ( 0.00133893420278400, 0.000121757331296500, 0.000739175819759300 ) );
#636 = CARTESIAN_POINT( '', ( 0.00136598596031200, 6.18661071371500E-005, 0.000742489311770600 ) );
#637 = CARTESIAN_POINT( '', ( 0.00137519921175000, 4.19173130666600E-005, 0.000743149186902500 ) );
#638 = CARTESIAN_POINT( '', ( 0.00124812496053000, 0.000341028444436800, 0.000609568959908800 ) );
#639 = CARTESIAN_POINT( '', ( 0.00125753533608400, 0.000300489655347400, 0.000618558968978700 ) );
#640 = CARTESIAN_POINT( '', ( 0.00127769446311100, 0.000220381045262200, 0.000634544791699300 ) );
#641 = CARTESIAN_POINT( '', ( 0.00130691819479700, 0.000119709197520700, 0.000649963817409500 ) );
#642 = CARTESIAN_POINT( '', ( 0.00132616109097700, 5.97557350772300E-005, 0.000656752467443400 ) );
#643 = CARTESIAN_POINT( '', ( 0.00133279581250300, 3.97824853400600E-005, 0.000658707954659200 ) );
#644 = CARTESIAN_POINT( '', ( 0.00131235983870200, 0.000363561099434600, 0.000544003160116800 ) );
#645 = CARTESIAN_POINT( '', ( 0.00131790400795600, 0.000322980553018900, 0.000549190887564100 ) );
#646 = CARTESIAN_POINT( '', ( 0.00132975981652700, 0.000242992261333500, 0.000558395848058100 ) );
#647 = CARTESIAN_POINT( '', ( 0.00134689818268000, 0.000142997150687200, 0.000567219670990500 ) );
#648 = CARTESIAN_POINT( '', ( 0.00135816301118400, 8.37513579589900E-005, 0.000571069813672400 ) );
#649 = CARTESIAN_POINT( '', ( 0.00136204472446000, 6.40561771775200E-005, 0.000572172995927000 ) );
#650 = CARTESIAN_POINT( '', ( 0.00140095790477900, 0.000395887866313800, 0.000550173824671300 ) );
#651 = CARTESIAN_POINT( '', ( 0.00140688935967800, 0.000355247412206000, 0.000550117284351100 ) );
#652 = CARTESIAN_POINT( '', ( 0.00141848889439400, 0.000275431736879700, 0.000548978502136200 ) );
#653 = CARTESIAN_POINT( '', ( 0.00143275583250700, 0.000176407515918400, 0.000544998905805500 ) );
#654 = CARTESIAN_POINT( '', ( 0.00144108534045400, 0.000118176990761300, 0.000541416559090600 ) );
#655 = CARTESIAN_POINT( '', ( 0.00144383806665700, 9.88807452277600E-005, 0.000540076317546100 ) );
#661 = EDGE_LOOP( '', ( #1356, #1357, #1358, #1359 ) );
#662 = AXIS2_PLACEMENT_3D( '', #1360, #1361, #1362 );
#663 = EDGE_LOOP( '', ( #1363, #1364, #1365, #1366 ) );
#664 = AXIS2_PLACEMENT_3D( '', #1367, #1368, #1369 );
#665 = EDGE_LOOP( '', ( #1370, #1371, #1372, #1373, #1374, #1375, #1376, #1377 ) );
#666 = AXIS2_PLACEMENT_3D( '', #1378, #1379, #1380 );
#667 = EDGE_LOOP( '', ( #1381, #1382, #1383, #1384 ) );
#668 = AXIS2_PLACEMENT_3D( '', #1385, #1386, #1387 );
#669 = EDGE_LOOP( '', ( #1388, #1389, #1390, #1391, #1392, #1393, #1394, #1395, #1396, #1397, #1398, #1399, #1400, #1401, #1402, #1403, #1404, #1405, #1406, #1407 ) );
#670 = AXIS2_PLACEMENT_3D( '', #1408, #1409, #1410 );
#671 = EDGE_LOOP( '', ( #1411, #1412, #1413 ) );
#672 = AXIS2_PLACEMENT_3D( '', #1414, #1415, #1416 );
#673 = EDGE_LOOP( '', ( #1417, #1418, #1419, #1420, #1421 ) );
#674 = AXIS2_PLACEMENT_3D( '', #1422, #1423, #1424 );
#675 = EDGE_LOOP( '', ( #1425, #1426, #1427, #1428 ) );
#676 = AXIS2_PLACEMENT_3D( '', #1429, #1430, #1431 );
#677 = EDGE_LOOP( '', ( #1432, #1433, #1434, #1435 ) );
#678 = AXIS2_PLACEMENT_3D( '', #1436, #1437, #1438 );
#679 = EDGE_LOOP( '', ( #1439, #1440, #1441, #1442, #1443 ) );
#682 = CARTESIAN_POINT( '', ( -0.00125021696476800, 0.000343010151091300, -0.000704038058161100 ) );
#683 = CARTESIAN_POINT( '', ( -0.00126522130325500, 0.000302467689519900, -0.000712904388441600 ) );
#684 = CARTESIAN_POINT( '', ( -0.00129630635837400, 0.000222369661222400, -0.000727678356047600 ) );
#685 = CARTESIAN_POINT( '', ( -0.00133893420278400, 0.000121757331296500, -0.000739175819759300 ) );
#686 = CARTESIAN_POINT( '', ( -0.00136598596031200, 6.18661071371600E-005, -0.000742489311770600 ) );
#687 = CARTESIAN_POINT( '', ( -0.00137519921175000, 4.19173130666600E-005, -0.000743149186902500 ) );
#688 = CARTESIAN_POINT( '', ( -0.00124812496053000, 0.000341028444436800, -0.000609568959908800 ) );
#689 = CARTESIAN_POINT( '', ( -0.00125753533608400, 0.000300489655347500, -0.000618558968978700 ) );
#690 = CARTESIAN_POINT( '', ( -0.00127769446311100, 0.000220381045262200, -0.000634544791699300 ) );
#691 = CARTESIAN_POINT( '', ( -0.00130691819479700, 0.000119709197520700, -0.000649963817409500 ) );
#692 = CARTESIAN_POINT( '', ( -0.00132616109097700, 5.97557350772300E-005, -0.000656752467443400 ) );
#693 = CARTESIAN_POINT( '', ( -0.00133279581250300, 3.97824853400600E-005, -0.000658707954659200 ) );
#694 = CARTESIAN_POINT( '', ( -0.00131235983870200, 0.000363561099434600, -0.000544003160116800 ) );
#695 = CARTESIAN_POINT( '', ( -0.00131790400795600, 0.000322980553018900, -0.000549190887564100 ) );
#696 = CARTESIAN_POINT( '', ( -0.00132975981652700, 0.000242992261333500, -0.000558395848058100 ) );
#697 = CARTESIAN_POINT( '', ( -0.00134689818268000, 0.000142997150687200, -0.000567219670990500 ) );
#698 = CARTESIAN_POINT( '', ( -0.00135816301118400, 8.37513579589900E-005, -0.000571069813672400 ) );
#699 = CARTESIAN_POINT( '', ( -0.00136204472446000, 6.40561771775200E-005, -0.000572172995927000 ) );
#700 = CARTESIAN_POINT( '', ( -0.00140095790477900, 0.000395887866313800, -0.000550173824671300 ) );
#701 = CARTESIAN_POINT( '', ( -0.00140688935967800, 0.000355247412206000, -0.000550117284351100 ) );
#702 = CARTESIAN_POINT( '', ( -0.00141848889439400, 0.000275431736879700, -0.000548978502136200 ) );
#703 = CARTESIAN_POINT( '', ( -0.00143275583250700, 0.000176407515918400, -0.000544998905805500 ) );
#704 = CARTESIAN_POINT( '', ( -0.00144108534045400, 0.000118176990761300, -0.000541416559090600 ) );
#705 = CARTESIAN_POINT( '', ( -0.00144383806665700, 9.88807452277600E-005, -0.000540076317546100 ) );
#711 = EDGE_LOOP( '', ( #1444, #1445, #1446, #1447 ) );
#712 = AXIS2_PLACEMENT_3D( '', #1448, #1449, #1450 );
#713 = EDGE_LOOP( '', ( #1451, #1452, #1453, #1454 ) );
#714 = AXIS2_PLACEMENT_3D( '', #1455, #1456, #1457 );
#715 = EDGE_LOOP( '', ( #1458, #1459, #1460, #1461 ) );
#716 = AXIS2_PLACEMENT_3D( '', #1462, #1463, #1464 );
#717 = EDGE_LOOP( '', ( #1465, #1466, #1467, #1468 ) );
#718 = AXIS2_PLACEMENT_3D( '', #1469, #1470, #1471 );
#719 = EDGE_LOOP( '', ( #1472, #1473, #1474, #1475 ) );
#720 = AXIS2_PLACEMENT_3D( '', #1476, #1477, #1478 );
#721 = EDGE_LOOP( '', ( #1479, #1480, #1481, #1482 ) );
#722 = AXIS2_PLACEMENT_3D( '', #1483, #1484, #1485 );
#723 = EDGE_LOOP( '', ( #1486, #1487, #1488, #1489 ) );
#724 = AXIS2_PLACEMENT_3D( '', #1490, #1491, #1492 );
#725 = EDGE_LOOP( '', ( #1493, #1494, #1495, #1496 ) );
#726 = AXIS2_PLACEMENT_3D( '', #1497, #1498, #1499 );
#727 = EDGE_LOOP( '', ( #1500, #1501, #1502, #1503 ) );
#728 = AXIS2_PLACEMENT_3D( '', #1504, #1505, #1506 );
#729 = EDGE_LOOP( '', ( #1507, #1508, #1509, #1510 ) );
#730 = AXIS2_PLACEMENT_3D( '', #1511, #1512, #1513 );
#731 = EDGE_LOOP( '', ( #1514, #1515, #1516, #1517 ) );
#732 = AXIS2_PLACEMENT_3D( '', #1518, #1519, #1520 );
#733 = EDGE_LOOP( '', ( #1521, #1522, #1523, #1524 ) );
#734 = AXIS2_PLACEMENT_3D( '', #1525, #1526, #1527 );
#735 = EDGE_LOOP( '', ( #1528, #1529, #1530, #1531 ) );
#736 = AXIS2_PLACEMENT_3D( '', #1532, #1533, #1534 );
#737 = EDGE_LOOP( '', ( #1535, #1536, #1537, #1538 ) );
#738 = AXIS2_PLACEMENT_3D( '', #1539, #1540, #1541 );
#739 = EDGE_LOOP( '', ( #1542, #1543, #1544, #1545 ) );
#740 = AXIS2_PLACEMENT_3D( '', #1546, #1547, #1548 );
#741 = EDGE_LOOP( '', ( #1549, #1550, #1551, #1552 ) );
#742 = AXIS2_PLACEMENT_3D( '', #1553, #1554, #1555 );
#743 = EDGE_LOOP( '', ( #1556, #1557, #1558, #1559, #1560 ) );
#744 = AXIS2_PLACEMENT_3D( '', #1561, #1562, #1563 );
#745 = EDGE_LOOP( '', ( #1564, #1565, #1566, #1567 ) );
#746 = AXIS2_PLACEMENT_3D( '', #1568, #1569, #1570 );
#747 = EDGE_LOOP( '', ( #1571, #1572, #1573, #1574 ) );
#748 = AXIS2_PLACEMENT_3D( '', #1575, #1576, #1577 );
#749 = EDGE_LOOP( '', ( #1578, #1579, #1580, #1581 ) );
#750 = AXIS2_PLACEMENT_3D( '', #1582, #1583, #1584 );
#751 = EDGE_LOOP( '', ( #1585, #1586, #1587, #1588 ) );
#752 = AXIS2_PLACEMENT_3D( '', #1589, #1590, #1591 );
#753 = EDGE_LOOP( '', ( #1592, #1593, #1594, #1595, #1596, #1597, #1598, #1599 ) );
#754 = AXIS2_PLACEMENT_3D( '', #1600, #1601, #1602 );
#755 = EDGE_LOOP( '', ( #1603, #1604, #1605, #1606 ) );
#756 = AXIS2_PLACEMENT_3D( '', #1607, #1608, #1609 );
#757 = EDGE_LOOP( '', ( #1610, #1611, #1612, #1613 ) );
#758 = AXIS2_PLACEMENT_3D( '', #1614, #1615, #1616 );
#759 = EDGE_LOOP( '', ( #1617, #1618, #1619, #1620, #1621, #1622, #1623 ) );
#760 = AXIS2_PLACEMENT_3D( '', #1624, #1625, #1626 );
#761 = EDGE_LOOP( '', ( #1627, #1628, #1629, #1630, #1631, #1632, #1633, #1634, #1635, #1636, #1637, #1638, #1639, #1640, #1641, #1642, #1643, #1644, #1645, #1646 ) );
#762 = EDGE_LOOP( '', ( #1647 ) );
#763 = AXIS2_PLACEMENT_3D( '', #1648, #1649, #1650 );
#764 = EDGE_LOOP( '', ( #1651, #1652, #1653, #1654 ) );
#765 = AXIS2_PLACEMENT_3D( '', #1655, #1656, #1657 );
#766 = EDGE_LOOP( '', ( #1658, #1659, #1660, #1661, #1662 ) );
#767 = AXIS2_PLACEMENT_3D( '', #1663, #1664, #1665 );
#768 = EDGE_LOOP( '', ( #1666, #1667, #1668, #1669, #1670, #1671, #1672 ) );
#769 = AXIS2_PLACEMENT_3D( '', #1673, #1674, #1675 );
#770 = EDGE_LOOP( '', ( #1676, #1677, #1678, #1679 ) );
#771 = AXIS2_PLACEMENT_3D( '', #1680, #1681, #1682 );
#772 = EDGE_LOOP( '', ( #1683, #1684, #1685, #1686 ) );
#773 = AXIS2_PLACEMENT_3D( '', #1687, #1688, #1689 );
#774 = EDGE_LOOP( '', ( #1690, #1691, #1692, #1693, #1694 ) );
#777 = CARTESIAN_POINT( '', ( -0.00140095794443100, 0.000395887719060300, 0.000550173824289600 ) );
#778 = CARTESIAN_POINT( '', ( -0.00140695191372900, 0.000354818923189400, 0.000550116659630800 ) );
#779 = CARTESIAN_POINT( '', ( -0.00141864336392900, 0.000274367247297100, 0.000548958099394400 ) );
#780 = CARTESIAN_POINT( '', ( -0.00143290784477400, 0.000175348187103700, 0.000544943381300200 ) );
#781 = CARTESIAN_POINT( '', ( -0.00144117519397100, 0.000117547249171400, 0.000541372803524300 ) );
#782 = CARTESIAN_POINT( '', ( -0.00144383807002900, 9.88808770947300E-005, 0.000540076374196000 ) );
#783 = CARTESIAN_POINT( '', ( -0.00131235986722900, 0.000363560948747800, 0.000544003167142700 ) );
#784 = CARTESIAN_POINT( '', ( -0.00131796250485100, 0.000322552704410300, 0.000549245545563900 ) );
#785 = CARTESIAN_POINT( '', ( -0.00132992281587500, 0.000241924051009600, 0.000558513623069600 ) );
#786 = CARTESIAN_POINT( '', ( -0.00134709387162100, 0.000141923275719700, 0.000567300480532800 ) );
#787 = CARTESIAN_POINT( '', ( -0.00135828969684500, 8.31085920847100E-005, 0.000571105795455200 ) );
#788 = CARTESIAN_POINT( '', ( -0.00136204460264800, 6.40563053735900E-005, 0.000572173051901600 ) );
#789 = CARTESIAN_POINT( '', ( -0.00124812499393300, 0.000341028290463700, 0.000609568986968800 ) );
#790 = CARTESIAN_POINT( '', ( -0.00125763461270500, 0.000300062252229600, 0.000618653704603700 ) );
#791 = CARTESIAN_POINT( '', ( -0.00127797177341100, 0.000219310240581600, 0.000634749535423400 ) );
#792 = CARTESIAN_POINT( '', ( -0.00130725222607200, 0.000118625182556900, 0.000650105673684900 ) );
#793 = CARTESIAN_POINT( '', ( -0.00132637761744600, 5.91038899632400E-005, 0.000656816269184100 ) );
#794 = CARTESIAN_POINT( '', ( -0.00133279559457800, 3.97826100152400E-005, 0.000658708069467000 ) );
#795 = CARTESIAN_POINT( '', ( -0.00125021702427500, 0.000343009999076600, 0.000704038096207400 ) );
#796 = CARTESIAN_POINT( '', ( -0.00126537956359300, 0.000302040248888200, 0.000712997805388200 ) );
#797 = CARTESIAN_POINT( '', ( -0.00129672908991800, 0.000221299086386300, 0.000727862034088200 ) );
#798 = CARTESIAN_POINT( '', ( -0.00133941087027200, 0.000120674209853400, 0.000739263543682900 ) );
#799 = CARTESIAN_POINT( '', ( -0.00136628664876500, 6.12150623045700E-005, 0.000742510830487100 ) );
#800 = CARTESIAN_POINT( '', ( -0.00137519899340500, 4.19174398499500E-005, 0.000743149370284500 ) );
#806 = EDGE_LOOP( '', ( #1695, #1696, #1697, #1698 ) );
#807 = AXIS2_PLACEMENT_3D( '', #1699, #1700, #1701 );
#808 = EDGE_LOOP( '', ( #1702, #1703, #1704, #1705 ) );
#809 = AXIS2_PLACEMENT_3D( '', #1706, #1707, #1708 );
#810 = EDGE_LOOP( '', ( #1709, #1710, #1711, #1712 ) );
#811 = AXIS2_PLACEMENT_3D( '', #1713, #1714, #1715 );
#812 = EDGE_LOOP( '', ( #1716, #1717, #1718, #1719 ) );
#813 = AXIS2_PLACEMENT_3D( '', #1720, #1721, #1722 );
#814 = EDGE_LOOP( '', ( #1723, #1724, #1725 ) );
#815 = AXIS2_PLACEMENT_3D( '', #1726, #1727, #1728 );
#816 = EDGE_LOOP( '', ( #1729, #1730, #1731, #1732 ) );
#817 = AXIS2_PLACEMENT_3D( '', #1733, #1734, #1735 );
#818 = EDGE_LOOP( '', ( #1736, #1737, #1738, #1739 ) );
#819 = AXIS2_PLACEMENT_3D( '', #1740, #1741, #1742 );
#820 = EDGE_LOOP( '', ( #1743, #1744, #1745, #1746 ) );
#821 = AXIS2_PLACEMENT_3D( '', #1747, #1748, #1749 );
#822 = EDGE_LOOP( '', ( #1750, #1751, #1752, #1753 ) );
#823 = AXIS2_PLACEMENT_3D( '', #1754, #1755, #1756 );
#824 = EDGE_LOOP( '', ( #1757, #1758, #1759, #1760 ) );
#825 = AXIS2_PLACEMENT_3D( '', #1761, #1762, #1763 );
#826 = EDGE_LOOP( '', ( #1764, #1765, #1766, #1767 ) );
#827 = AXIS2_PLACEMENT_3D( '', #1768, #1769, #1770 );
#828 = EDGE_LOOP( '', ( #1771, #1772, #1773, #1774 ) );
#829 = AXIS2_PLACEMENT_3D( '', #1775, #1776, #1777 );
#830 = EDGE_LOOP( '', ( #1778, #1779, #1780, #1781 ) );
#831 = AXIS2_PLACEMENT_3D( '', #1782, #1783, #1784 );
#832 = EDGE_LOOP( '', ( #1785, #1786, #1787, #1788 ) );
#833 = AXIS2_PLACEMENT_3D( '', #1789, #1790, #1791 );
#834 = EDGE_LOOP( '', ( #1792, #1793, #1794, #1795, #1796, #1797, #1798 ) );
#835 = AXIS2_PLACEMENT_3D( '', #1799, #1800, #1801 );
#836 = EDGE_LOOP( '', ( #1802, #1803, #1804, #1805 ) );
#837 = AXIS2_PLACEMENT_3D( '', #1806, #1807, #1808 );
#838 = EDGE_LOOP( '', ( #1809, #1810, #1811, #1812, #1813 ) );
#839 = AXIS2_PLACEMENT_3D( '', #1814, #1815, #1816 );
#840 = EDGE_LOOP( '', ( #1817, #1818, #1819, #1820 ) );
#841 = AXIS2_PLACEMENT_3D( '', #1821, #1822, #1823 );
#842 = EDGE_LOOP( '', ( #1824, #1825, #1826, #1827, #1828, #1829, #1830, #1831 ) );
#843 = AXIS2_PLACEMENT_3D( '', #1832, #1833, #1834 );
#844 = EDGE_LOOP( '', ( #1835, #1836, #1837, #1838 ) );
#845 = AXIS2_PLACEMENT_3D( '', #1839, #1840, #1841 );
#846 = EDGE_LOOP( '', ( #1842, #1843, #1844, #1845, #1846, #1847, #1848, #1849 ) );
#847 = EDGE_LOOP( '', ( #1850, #1851, #1852 ) );
#848 = AXIS2_PLACEMENT_3D( '', #1853, #1854, #1855 );
#849 = EDGE_LOOP( '', ( #1856, #1857, #1858, #1859 ) );
#850 = AXIS2_PLACEMENT_3D( '', #1860, #1861, #1862 );
#851 = EDGE_LOOP( '', ( #1863, #1864, #1865 ) );
#852 = AXIS2_PLACEMENT_3D( '', #1866, #1867, #1868 );
#853 = EDGE_LOOP( '', ( #1869, #1870, #1871, #1872 ) );
#854 = AXIS2_PLACEMENT_3D( '', #1873, #1874, #1875 );
#855 = EDGE_LOOP( '', ( #1876, #1877, #1878, #1879 ) );
#856 = AXIS2_PLACEMENT_3D( '', #1880, #1881, #1882 );
#857 = EDGE_LOOP( '', ( #1883, #1884, #1885, #1886 ) );
#858 = AXIS2_PLACEMENT_3D( '', #1887, #1888, #1889 );
#859 = EDGE_LOOP( '', ( #1890, #1891, #1892, #1893 ) );
#860 = AXIS2_PLACEMENT_3D( '', #1894, #1895, #1896 );
#861 = EDGE_LOOP( '', ( #1897, #1898, #1899 ) );
#862 = AXIS2_PLACEMENT_3D( '', #1900, #1901, #1902 );
#863 = EDGE_LOOP( '', ( #1903, #1904, #1905, #1906 ) );
#864 = AXIS2_PLACEMENT_3D( '', #1907, #1908, #1909 );
#865 = EDGE_LOOP( '', ( #1910, #1911, #1912, #1913 ) );
#866 = AXIS2_PLACEMENT_3D( '', #1914, #1915, #1916 );
#867 = EDGE_LOOP( '', ( #1917, #1918, #1919, #1920 ) );
#868 = AXIS2_PLACEMENT_3D( '', #1921, #1922, #1923 );
#869 = EDGE_LOOP( '', ( #1924, #1925, #1926, #1927 ) );
#870 = AXIS2_PLACEMENT_3D( '', #1928, #1929, #1930 );
#871 = EDGE_LOOP( '', ( #1931, #1932, #1933, #1934, #1935, #1936, #1937 ) );
#872 = AXIS2_PLACEMENT_3D( '', #1938, #1939, #1940 );
#873 = EDGE_LOOP( '', ( #1941, #1942, #1943, #1944, #1945, #1946, #1947 ) );
#874 = AXIS2_PLACEMENT_3D( '', #1948, #1949, #1950 );
#875 = EDGE_LOOP( '', ( #1951, #1952, #1953, #1954, #1955 ) );
#876 = AXIS2_PLACEMENT_3D( '', #1956, #1957, #1958 );
#877 = EDGE_LOOP( '', ( #1959, #1960, #1961, #1962 ) );
#878 = AXIS2_PLACEMENT_3D( '', #1963, #1964, #1965 );
#879 = EDGE_LOOP( '', ( #1966, #1967, #1968, #1969 ) );
#880 = AXIS2_PLACEMENT_3D( '', #1970, #1971, #1972 );
#881 = EDGE_LOOP( '', ( #1973, #1974, #1975, #1976, #1977, #1978, #1979, #1980, #1981, #1982 ) );
#882 = AXIS2_PLACEMENT_3D( '', #1983, #1984, #1985 );
#883 = EDGE_LOOP( '', ( #1986, #1987, #1988, #1989 ) );
#884 = AXIS2_PLACEMENT_3D( '', #1990, #1991, #1992 );
#885 = EDGE_LOOP( '', ( #1993, #1994, #1995, #1996 ) );
#886 = AXIS2_PLACEMENT_3D( '', #1997, #1998, #1999 );
#887 = EDGE_LOOP( '', ( #2000, #2001, #2002, #2003 ) );
#888 = AXIS2_PLACEMENT_3D( '', #2004, #2005, #2006 );
#889 = EDGE_LOOP( '', ( #2007, #2008, #2009, #2010 ) );
#890 = AXIS2_PLACEMENT_3D( '', #2011, #2012, #2013 );
#891 = EDGE_LOOP( '', ( #2014, #2015, #2016, #2017 ) );
#892 = AXIS2_PLACEMENT_3D( '', #2018, #2019, #2020 );
#893 = EDGE_LOOP( '', ( #2021, #2022, #2023, #2024 ) );
#894 = AXIS2_PLACEMENT_3D( '', #2025, #2026, #2027 );
#895 = EDGE_LOOP( '', ( #2028, #2029, #2030, #2031 ) );
#896 = AXIS2_PLACEMENT_3D( '', #2032, #2033, #2034 );
#897 = EDGE_LOOP( '', ( #2035, #2036, #2037, #2038 ) );
#898 = AXIS2_PLACEMENT_3D( '', #2039, #2040, #2041 );
#899 = EDGE_LOOP( '', ( #2042, #2043, #2044, #2045 ) );
#900 = AXIS2_PLACEMENT_3D( '', #2046, #2047, #2048 );
#901 = EDGE_LOOP( '', ( #2049, #2050, #2051, #2052 ) );
#902 = AXIS2_PLACEMENT_3D( '', #2053, #2054, #2055 );
#903 = EDGE_LOOP( '', ( #2056, #2057, #2058, #2059 ) );
#904 = AXIS2_PLACEMENT_3D( '', #2060, #2061, #2062 );
#905 = EDGE_LOOP( '', ( #2063, #2064, #2065, #2066, #2067, #2068, #2069 ) );
#906 = AXIS2_PLACEMENT_3D( '', #2070, #2071, #2072 );
#907 = EDGE_LOOP( '', ( #2073, #2074, #2075, #2076 ) );
#908 = AXIS2_PLACEMENT_3D( '', #2077, #2078, #2079 );
#909 = EDGE_LOOP( '', ( #2080, #2081, #2082, #2083 ) );
#910 = AXIS2_PLACEMENT_3D( '', #2084, #2085, #2086 );
#911 = EDGE_LOOP( '', ( #2087, #2088, #2089, #2090 ) );
#912 = AXIS2_PLACEMENT_3D( '', #2091, #2092, #2093 );
#913 = EDGE_LOOP( '', ( #2094, #2095, #2096, #2097, #2098, #2099, #2100 ) );
#914 = AXIS2_PLACEMENT_3D( '', #2101, #2102, #2103 );
#915 = EDGE_LOOP( '', ( #2104, #2105, #2106, #2107, #2108, #2109, #2110, #2111, #2112, #2113 ) );
#916 = AXIS2_PLACEMENT_3D( '', #2114, #2115, #2116 );
#917 = EDGE_LOOP( '', ( #2117, #2118, #2119 ) );
#918 = AXIS2_PLACEMENT_3D( '', #2120, #2121, #2122 );
#919 = EDGE_LOOP( '', ( #2123, #2124, #2125, #2126 ) );
#920 = AXIS2_PLACEMENT_3D( '', #2127, #2128, #2129 );
#921 = EDGE_LOOP( '', ( #2130, #2131, #2132, #2133 ) );
#922 = AXIS2_PLACEMENT_3D( '', #2134, #2135, #2136 );
#923 = EDGE_LOOP( '', ( #2137, #2138, #2139, #2140, #2141, #2142, #2143, #2144 ) );
#924 = AXIS2_PLACEMENT_3D( '', #2145, #2146, #2147 );
#925 = EDGE_LOOP( '', ( #2148, #2149, #2150 ) );
#926 = AXIS2_PLACEMENT_3D( '', #2151, #2152, #2153 );
#927 = EDGE_LOOP( '', ( #2154, #2155, #2156, #2157 ) );
#928 = AXIS2_PLACEMENT_3D( '', #2158, #2159, #2160 );
#929 = EDGE_LOOP( '', ( #2161, #2162, #2163, #2164 ) );
#930 = AXIS2_PLACEMENT_3D( '', #2165, #2166, #2167 );
#931 = EDGE_LOOP( '', ( #2168, #2169, #2170, #2171 ) );
#932 = AXIS2_PLACEMENT_3D( '', #2172, #2173, #2174 );
#933 = EDGE_LOOP( '', ( #2175, #2176, #2177, #2178 ) );
#934 = AXIS2_PLACEMENT_3D( '', #2179, #2180, #2181 );
#935 = EDGE_LOOP( '', ( #2182, #2183, #2184, #2185, #2186 ) );
#936 = AXIS2_PLACEMENT_3D( '', #2187, #2188, #2189 );
#937 = EDGE_LOOP( '', ( #2190, #2191, #2192, #2193 ) );
#938 = AXIS2_PLACEMENT_3D( '', #2194, #2195, #2196 );
#939 = EDGE_LOOP( '', ( #2197, #2198, #2199, #2200 ) );
#940 = AXIS2_PLACEMENT_3D( '', #2201, #2202, #2203 );
#941 = EDGE_LOOP( '', ( #2204, #2205, #2206, #2207 ) );
#942 = AXIS2_PLACEMENT_3D( '', #2208, #2209, #2210 );
#943 = EDGE_LOOP( '', ( #2211, #2212, #2213, #2214 ) );
#944 = AXIS2_PLACEMENT_3D( '', #2215, #2216, #2217 );
#945 = EDGE_LOOP( '', ( #2218, #2219, #2220, #2221 ) );
#946 = AXIS2_PLACEMENT_3D( '', #2222, #2223, #2224 );
#947 = EDGE_LOOP( '', ( #2225, #2226, #2227, #2228 ) );
#948 = AXIS2_PLACEMENT_3D( '', #2229, #2230, #2231 );
#949 = EDGE_LOOP( '', ( #2232, #2233, #2234, #2235 ) );
#950 = AXIS2_PLACEMENT_3D( '', #2236, #2237, #2238 );
#951 = EDGE_LOOP( '', ( #2239, #2240, #2241, #2242 ) );
#952 = AXIS2_PLACEMENT_3D( '', #2243, #2244, #2245 );
#953 = EDGE_LOOP( '', ( #2246, #2247, #2248, #2249, #2250, #2251, #2252, #2253, #2254, #2255, #2256, #2257, #2258, #2259, #2260, #2261, #2262, #2263, #2264, #2265, #2266, #2267, #2268, #2269, #2270, #2271, #2272, #2273 ) );
#954 = AXIS2_PLACEMENT_3D( '', #2274, #2275, #2276 );
#955 = EDGE_LOOP( '', ( #2277, #2278, #2279, #2280 ) );
#956 = AXIS2_PLACEMENT_3D( '', #2281, #2282, #2283 );
#957 = EDGE_LOOP( '', ( #2284 ) );
#958 = AXIS2_PLACEMENT_3D( '', #2285, #2286, #2287 );
#959 = EDGE_LOOP( '', ( #2288, #2289, #2290, #2291 ) );
#960 = AXIS2_PLACEMENT_3D( '', #2292, #2293, #2294 );
#961 = ORIENTED_EDGE( '', *, *, #2295, .F. );
#962 = ORIENTED_EDGE( '', *, *, #2296, .F. );
#963 = ORIENTED_EDGE( '', *, *, #2297, .F. );
#964 = CARTESIAN_POINT( '', ( 0.000000000000000, 0.000000000000000, 0.000000000000000 ) );
#965 = DIRECTION( '', ( 0.000000000000000, 1.00000000000000, 0.000000000000000 ) );
#966 = DIRECTION( '', ( 1.00000000000000, 0.000000000000000, -0.000000000000000 ) );
#967 = ORIENTED_EDGE( '', *, *, #2298, .T. );
#968 = ORIENTED_EDGE( '', *, *, #2299, .F. );
#969 = ORIENTED_EDGE( '', *, *, #2300, .F. );
#970 = ORIENTED_EDGE( '', *, *, #2301, .F. );
#971 = ORIENTED_EDGE( '', *, *, #2302, .T. );
#972 = CARTESIAN_POINT( '', ( -0.00128418513262300, -4.28686425478100E-005, -0.00120000000000000 ) );
#973 = DIRECTION( '', ( -0.342020143325699, -0.939692620785897, -0.000000000000000 ) );
#974 = DIRECTION( '', ( 0.000000000000000, 0.000000000000000, -1.00000000000000 ) );
#975 = ORIENTED_EDGE( '', *, *, #2303, .T. );
#976 = ORIENTED_EDGE( '', *, *, #2304, .T. );
#977 = ORIENTED_EDGE( '', *, *, #2299, .T. );
#978 = ORIENTED_EDGE( '', *, *, #2305, .T. );
#979 = ORIENTED_EDGE( '', *, *, #2306, .T. );
#980 = ORIENTED_EDGE( '', *, *, #2307, .T. );
#981 = ORIENTED_EDGE( '', *, *, #2308, .T. );
#982 = ORIENTED_EDGE( '', *, *, #2309, .T. );
#983 = ORIENTED_EDGE( '', *, *, #2310, .T. );
#984 = ORIENTED_EDGE( '', *, *, #2311, .T. );
#985 = ORIENTED_EDGE( '', *, *, #2312, .T. );
#986 = ORIENTED_EDGE( '', *, *, #2313, .F. );
#987 = ORIENTED_EDGE( '', *, *, #2314, .T. );
#988 = ORIENTED_EDGE( '', *, *, #2315, .T. );
#989 = ORIENTED_EDGE( '', *, *, #2316, .T. );
#990 = ORIENTED_EDGE( '', *, *, #2317, .T. );
#991 = ORIENTED_EDGE( '', *, *, #2318, .T. );
#992 = ORIENTED_EDGE( '', *, *, #2319, .T. );
#993 = ORIENTED_EDGE( '', *, *, #2320, .T. );
#994 = ORIENTED_EDGE( '', *, *, #2321, .T. );
#995 = ORIENTED_EDGE( '', *, *, #2322, .T. );
#996 = ORIENTED_EDGE( '', *, *, #2323, .T. );
#997 = ORIENTED_EDGE( '', *, *, #2324, .T. );
#998 = ORIENTED_EDGE( '', *, *, #2325, .F. );
#999 = ORIENTED_EDGE( '', *, *, #2326, .F. );
#1000 = ORIENTED_EDGE( '', *, *, #2327, .F. );
#1001 = ORIENTED_EDGE( '', *, *, #2328, .T. );
#1002 = ORIENTED_EDGE( '', *, *, #2329, .F. );
#1003 = ORIENTED_EDGE( '', *, *, #2330, .T. );
#1004 = ORIENTED_EDGE( '', *, *, #2331, .F. );
#1005 = ORIENTED_EDGE( '', *, *, #2332, .T. );
#1006 = ORIENTED_EDGE( '', *, *, #2333, .F. );
#1007 = ORIENTED_EDGE( '', *, *, #2334, .F. );
#1008 = ORIENTED_EDGE( '', *, *, #2335, .T. );
#1009 = ORIENTED_EDGE( '', *, *, #2336, .F. );
#1010 = ORIENTED_EDGE( '', *, *, #2337, .F. );
#1011 = ORIENTED_EDGE( '', *, *, #2338, .T. );
#1012 = ORIENTED_EDGE( '', *, *, #2339, .F. );
#1013 = ORIENTED_EDGE( '', *, *, #2340, .T. );
#1014 = ORIENTED_EDGE( '', *, *, #2341, .F. );
#1015 = ORIENTED_EDGE( '', *, *, #2342, .T. );
#1016 = ORIENTED_EDGE( '', *, *, #2343, .F. );
#1017 = ORIENTED_EDGE( '', *, *, #2344, .F. );
#1018 = ORIENTED_EDGE( '', *, *, #2345, .T. );
#1019 = CARTESIAN_POINT( '', ( 0.000000000000000, 0.000340000000000000, 0.000000000000000 ) );
#1020 = DIRECTION( '', ( 0.000000000000000, 1.00000000000000, 0.000000000000000 ) );
#1021 = DIRECTION( '', ( 1.00000000000000, 0.000000000000000, -0.000000000000000 ) );
#1022 = ORIENTED_EDGE( '', *, *, #2346, .F. );
#1023 = ORIENTED_EDGE( '', *, *, #2324, .F. );
#1024 = ORIENTED_EDGE( '', *, *, #2323, .F. );
#1025 = ORIENTED_EDGE( '', *, *, #2347, .T. );
#1026 = ORIENTED_EDGE( '', *, *, #2348, .F. );
#1027 = ORIENTED_EDGE( '', *, *, #2349, .T. );
#1028 = ORIENTED_EDGE( '', *, *, #2350, .F. );
#1029 = ORIENTED_EDGE( '', *, *, #2351, .F. );
#1030 = ORIENTED_EDGE( '', *, *, #2352, .T. );
#1031 = CARTESIAN_POINT( '', ( -0.00125999999523200, 0.000000000000000, -0.000548936176300000 ) );
#1032 = DIRECTION( '', ( 0.886409055553896, 0.000000000000000, 0.462902782700698 ) );
#1033 = DIRECTION( '', ( 0.000000000000000, -1.00000000000000, 0.000000000000000 ) );
#1034 = ORIENTED_EDGE( '', *, *, #2351, .T. );
#1035 = ORIENTED_EDGE( '', *, *, #2353, .F. );
#1036 = ORIENTED_EDGE( '', *, *, #2354, .F. );
#1037 = ORIENTED_EDGE( '', *, *, #2355, .T. );
#1038 = CARTESIAN_POINT( '', ( -0.00124499999523200, 0.000000000000000, -0.000561702132225000 ) );
#1039 = DIRECTION( '', ( 0.648118584721020, 0.000000000000000, 0.761539427829723 ) );
#1040 = DIRECTION( '', ( 0.000000000000000, -1.00000000000000, 0.000000000000000 ) );
#1041 = ORIENTED_EDGE( '', *, *, #2356, .T. );
#1042 = ORIENTED_EDGE( '', *, *, #2357, .F. );
#1043 = ORIENTED_EDGE( '', *, *, #2349, .F. );
#1044 = ORIENTED_EDGE( '', *, *, #2358, .T. );
#1045 = CARTESIAN_POINT( '', ( -0.00127000000000000, 0.000000000000000, -0.000529787242412600 ) );
#1046 = DIRECTION( '', ( 1.00000000000000, 0.000000000000000, 0.000000000000000 ) );
#1047 = DIRECTION( '', ( 0.000000000000000, 1.00000000000000, -0.000000000000000 ) );
#1048 = ORIENTED_EDGE( '', *, *, #2359, .F. );
#1049 = ORIENTED_EDGE( '', *, *, #2360, .T. );
#1050 = ORIENTED_EDGE( '', *, *, #2361, .F. );
#1051 = ORIENTED_EDGE( '', *, *, #2362, .T. );
#1052 = ORIENTED_EDGE( '', *, *, #2363, .F. );
#1053 = ORIENTED_EDGE( '', *, *, #2364, .T. );
#1054 = ORIENTED_EDGE( '', *, *, #2365, .T. );
#1055 = ORIENTED_EDGE( '', *, *, #2366, .T. );
#1056 = ORIENTED_EDGE( '', *, *, #2367, .F. );
#1057 = ORIENTED_EDGE( '', *, *, #2368, .T. );
#1058 = ORIENTED_EDGE( '', *, *, #2369, .T. );
#1059 = ORIENTED_EDGE( '', *, *, #2370, .T. );
#1060 = ORIENTED_EDGE( '', *, *, #2371, .T. );
#1061 = ORIENTED_EDGE( '', *, *, #2372, .T. );
#1062 = ORIENTED_EDGE( '', *, *, #2373, .F. );
#1063 = ORIENTED_EDGE( '', *, *, #2301, .T. );
#1064 = ORIENTED_EDGE( '', *, *, #2374, .F. );
#1065 = ORIENTED_EDGE( '', *, *, #2375, .T. );
#1066 = ORIENTED_EDGE( '', *, *, #2376, .F. );
#1067 = ORIENTED_EDGE( '', *, *, #2377, .F. );
#1068 = ORIENTED_EDGE( '', *, *, #2378, .T. );
#1069 = ORIENTED_EDGE( '', *, *, #2379, .T. );
#1070 = ORIENTED_EDGE( '', *, *, #2380, .T. );
#1071 = ORIENTED_EDGE( '', *, *, #2381, .T. );
#1072 = ORIENTED_EDGE( '', *, *, #2382, .F. );
#1073 = ORIENTED_EDGE( '', *, *, #2383, .T. );
#1074 = ORIENTED_EDGE( '', *, *, #2384, .T. );
#1075 = ORIENTED_EDGE( '', *, *, #2385, .F. );
#1076 = ORIENTED_EDGE( '', *, *, #2386, .F. );
#1077 = ORIENTED_EDGE( '', *, *, #2387, .F. );
#1078 = ORIENTED_EDGE( '', *, *, #2388, .F. );
#1079 = ORIENTED_EDGE( '', *, *, #2389, .T. );
#1080 = ORIENTED_EDGE( '', *, *, #2390, .F. );
#1081 = ORIENTED_EDGE( '', *, *, #2391, .T. );
#1082 = ORIENTED_EDGE( '', *, *, #2392, .F. );
#1083 = ORIENTED_EDGE( '', *, *, #2393, .T. );
#1084 = ORIENTED_EDGE( '', *, *, #2394, .F. );
#1085 = ORIENTED_EDGE( '', *, *, #2395, .T. );
#1086 = ORIENTED_EDGE( '', *, *, #2396, .F. );
#1087 = ORIENTED_EDGE( '', *, *, #2397, .F. );
#1088 = ORIENTED_EDGE( '', *, *, #2398, .F. );
#1089 = ORIENTED_EDGE( '', *, *, #2399, .F. );
#1090 = ORIENTED_EDGE( '', *, *, #2400, .F. );
#1091 = ORIENTED_EDGE( '', *, *, #2401, .T. );
#1092 = ORIENTED_EDGE( '', *, *, #2402, .F. );
#1093 = ORIENTED_EDGE( '', *, *, #2403, .T. );
#1094 = ORIENTED_EDGE( '', *, *, #2404, .F. );
#1095 = ORIENTED_EDGE( '', *, *, #2405, .F. );
#1096 = ORIENTED_EDGE( '', *, *, #2406, .F. );
#1097 = ORIENTED_EDGE( '', *, *, #2407, .F. );
#1098 = ORIENTED_EDGE( '', *, *, #2408, .F. );
#1099 = ORIENTED_EDGE( '', *, *, #2409, .F. );
#1100 = ORIENTED_EDGE( '', *, *, #2410, .F. );
#1101 = ORIENTED_EDGE( '', *, *, #2411, .F. );
#1102 = ORIENTED_EDGE( '', *, *, #2412, .F. );
#1103 = ORIENTED_EDGE( '', *, *, #2413, .F. );
#1104 = ORIENTED_EDGE( '', *, *, #2414, .F. );
#1105 = ORIENTED_EDGE( '', *, *, #2415, .F. );
#1106 = ORIENTED_EDGE( '', *, *, #2358, .F. );
#1107 = ORIENTED_EDGE( '', *, *, #2352, .F. );
#1108 = ORIENTED_EDGE( '', *, *, #2355, .F. );
#1109 = ORIENTED_EDGE( '', *, *, #2416, .F. );
#1110 = ORIENTED_EDGE( '', *, *, #2417, .F. );
#1111 = ORIENTED_EDGE( '', *, *, #2418, .F. );
#1112 = ORIENTED_EDGE( '', *, *, #2419, .F. );
#1113 = ORIENTED_EDGE( '', *, *, #2420, .F. );
#1114 = ORIENTED_EDGE( '', *, *, #2421, .F. );
#1115 = ORIENTED_EDGE( '', *, *, #2422, .F. );
#1116 = ORIENTED_EDGE( '', *, *, #2423, .F. );
#1117 = ORIENTED_EDGE( '', *, *, #2424, .F. );
#1118 = ORIENTED_EDGE( '', *, *, #2425, .F. );
#1119 = ORIENTED_EDGE( '', *, *, #2426, .F. );
#1120 = ORIENTED_EDGE( '', *, *, #2427, .F. );
#1121 = ORIENTED_EDGE( '', *, *, #2428, .F. );
#1122 = ORIENTED_EDGE( '', *, *, #2429, .F. );
#1123 = ORIENTED_EDGE( '', *, *, #2430, .F. );
#1124 = ORIENTED_EDGE( '', *, *, #2431, .F. );
#1125 = ORIENTED_EDGE( '', *, *, #2432, .F. );
#1126 = ORIENTED_EDGE( '', *, *, #2433, .F. );
#1127 = ORIENTED_EDGE( '', *, *, #2434, .F. );
#1128 = ORIENTED_EDGE( '', *, *, #2435, .F. );
#1129 = ORIENTED_EDGE( '', *, *, #2436, .F. );
#1130 = ORIENTED_EDGE( '', *, *, #2437, .F. );
#1131 = ORIENTED_EDGE( '', *, *, #2438, .F. );
#1132 = CARTESIAN_POINT( '', ( 0.000000000000000, 0.000000000000000, 0.000000000000000 ) );
#1133 = DIRECTION( '', ( 0.000000000000000, 1.00000000000000, 0.000000000000000 ) );
#1134 = DIRECTION( '', ( 1.00000000000000, 0.000000000000000, -0.000000000000000 ) );
#1135 = ORIENTED_EDGE( '', *, *, #2439, .F. );
#1136 = ORIENTED_EDGE( '', *, *, #2440, .F. );
#1137 = ORIENTED_EDGE( '', *, *, #2441, .F. );
#1138 = ORIENTED_EDGE( '', *, *, #2385, .T. );
#1139 = ORIENTED_EDGE( '', *, *, #2442, .F. );
#1140 = CARTESIAN_POINT( '', ( 0.00146000000000000, 0.000120000000000000, 0.00120000000000000 ) );
#1141 = DIRECTION( '', ( -0.000000000000000, -0.000000000000000, 1.00000000000000 ) );
#1142 = DIRECTION( '', ( 0.000000000000000, 1.00000000000000, 0.000000000000000 ) );
#1143 = ORIENTED_EDGE( '', *, *, #2384, .F. );
#1144 = ORIENTED_EDGE( '', *, *, #2443, .F. );
#1145 = ORIENTED_EDGE( '', *, *, #2442, .T. );
#1146 = CARTESIAN_POINT( '', ( 0.00137500000000000, 0.000000000000000, 0.000700000000000000 ) );
#1147 = DIRECTION( '', ( 0.000000000000000, 0.000000000000000, 1.00000000000000 ) );
#1148 = DIRECTION( '', ( 1.00000000000000, -0.000000000000000, 0.000000000000000 ) );
#1149 = ORIENTED_EDGE( '', *, *, #2444, .T. );
#1150 = ORIENTED_EDGE( '', *, *, #2379, .F. );
#1151 = ORIENTED_EDGE( '', *, *, #2445, .T. );
#1152 = ORIENTED_EDGE( '', *, *, #2446, .F. );
#1153 = ORIENTED_EDGE( '', *, *, #2447, .T. );
#1154 = ORIENTED_EDGE( '', *, *, #2448, .T. );
#1155 = ORIENTED_EDGE( '', *, *, #2321, .F. );
#1156 = ORIENTED_EDGE( '', *, *, #2449, .T. );
#1157 = ORIENTED_EDGE( '', *, *, #2450, .T. );
#1158 = ORIENTED_EDGE( '', *, *, #2451, .F. );
#1159 = ORIENTED_EDGE( '', *, *, #2443, .T. );
#1160 = ORIENTED_EDGE( '', *, *, #2383, .F. );
#1161 = ORIENTED_EDGE( '', *, *, #2452, .F. );
#1162 = ORIENTED_EDGE( '', *, *, #2453, .T. );
#1163 = CARTESIAN_POINT( '', ( 0.00150000000000000, 0.000000000000000, 0.00130000000000000 ) );
#1164 = DIRECTION( '', ( 1.00000000000000, 0.000000000000000, 0.000000000000000 ) );
#1165 = DIRECTION( '', ( 0.000000000000000, 1.00000000000000, -0.000000000000000 ) );
#1166 = ORIENTED_EDGE( '', *, *, #2454, .T. );
#1167 = ORIENTED_EDGE( '', *, *, #2455, .F. );
#1168 = ORIENTED_EDGE( '', *, *, #2456, .T. );
#1169 = ORIENTED_EDGE( '', *, *, #2388, .T. );
#1170 = CARTESIAN_POINT( '', ( -0.00110000000000000, 0.000000000000000, 0.000680000000000000 ) );
#1171 = DIRECTION( '', ( 0.000000000000000, 0.000000000000000, -1.00000000000000 ) );
#1172 = DIRECTION( '', ( 0.000000000000000, -1.00000000000000, 0.000000000000000 ) );
#1173 = ORIENTED_EDGE( '', *, *, #2457, .F. );
#1174 = ORIENTED_EDGE( '', *, *, #2458, .T. );
#1175 = ORIENTED_EDGE( '', *, *, #2459, .F. );
#1176 = CARTESIAN_POINT( '', ( 0.00113989794855700, 5.00000000000000E-005, -0.000700000000000000 ) );
#1177 = DIRECTION( '', ( 0.000000000000000, 1.00000000000000, -0.000000000000000 ) );
#1178 = DIRECTION( '', ( -0.979795897113210, 0.000000000000000, 0.200000000000302 ) );
#1179 = ORIENTED_EDGE( '', *, *, #2460, .T. );
#1180 = ORIENTED_EDGE( '', *, *, #2461, .F. );
#1181 = ORIENTED_EDGE( '', *, *, #2462, .F. );
#1182 = ORIENTED_EDGE( '', *, *, #2397, .T. );
#1183 = CARTESIAN_POINT( '', ( 0.000850000000000000, 0.000000000000000, -7.00000000000000E-005 ) );
#1184 = DIRECTION( '', ( 1.00000000000000, 0.000000000000000, 0.000000000000000 ) );
#1185 = DIRECTION( '', ( 0.000000000000000, 1.00000000000000, -0.000000000000000 ) );
#1186 = ORIENTED_EDGE( '', *, *, #2463, .T. );
#1187 = ORIENTED_EDGE( '', *, *, #2464, .F. );
#1188 = ORIENTED_EDGE( '', *, *, #2465, .F. );
#1189 = ORIENTED_EDGE( '', *, *, #2406, .T. );
#1190 = CARTESIAN_POINT( '', ( 0.00111000000476800, 0.000000000000000, -0.000300000000000000 ) );
#1191 = DIRECTION( '', ( -0.966234943424777, 0.000000000000000, -0.257662636222094 ) );
#1192 = DIRECTION( '', ( -0.257662636222094, 0.000000000000000, 0.966234943424776 ) );
#1193 = ORIENTED_EDGE( '', *, *, #2439, .T. );
#1194 = ORIENTED_EDGE( '', *, *, #2451, .T. );
#1195 = ORIENTED_EDGE( '', *, *, #2466, .F. );
#1196 = ORIENTED_EDGE( '', *, *, #2467, .F. );
#1197 = ORIENTED_EDGE( '', *, *, #2468, .F. );
#1198 = ORIENTED_EDGE( '', *, *, #2469, .T. );
#1199 = ORIENTED_EDGE( '', *, *, #2470, .T. );
#1200 = CARTESIAN_POINT( '', ( 0.00180000000000000, 5.00000000000000E-005, 0.000700000000000000 ) );
#1201 = DIRECTION( '', ( 0.000000000000000, 0.000000000000000, 1.00000000000000 ) );
#1202 = DIRECTION( '', ( 1.00000000000000, -0.000000000000000, 0.000000000000000 ) );
#1203 = ORIENTED_EDGE( '', *, *, #2471, .F. );
#1204 = ORIENTED_EDGE( '', *, *, #2472, .T. );
#1205 = ORIENTED_EDGE( '', *, *, #2473, .F. );
#1206 = ORIENTED_EDGE( '', *, *, #2338, .F. );
#1207 = CARTESIAN_POINT( '', ( -0.00117500000000000, 0.000340000000000000, -0.000550000000000000 ) );
#1208 = DIRECTION( '', ( 1.00000000000000, 0.000000000000000, 0.000000000000000 ) );
#1209 = DIRECTION( '', ( 0.000000000000000, 1.00000000000000, -0.000000000000000 ) );
#1210 = ORIENTED_EDGE( '', *, *, #2473, .T. );
#1211 = ORIENTED_EDGE( '', *, *, #2474, .F. );
#1212 = ORIENTED_EDGE( '', *, *, #2475, .F. );
#1213 = ORIENTED_EDGE( '', *, *, #2339, .T. );
#1214 = CARTESIAN_POINT( '', ( -0.00102500000000000, 0.000332424380873800, -0.00110000000000000 ) );
#1215 = DIRECTION( '', ( -0.000000000000000, -1.00000000000000, -0.000000000000000 ) );
#1216 = DIRECTION( '', ( 0.000000000000000, 0.000000000000000, -1.00000000000000 ) );
#1217 = ORIENTED_EDGE( '', *, *, #2475, .T. );
#1218 = ORIENTED_EDGE( '', *, *, #2476, .T. );
#1219 = ORIENTED_EDGE( '', *, *, #2477, .F. );
#1220 = ORIENTED_EDGE( '', *, *, #2340, .F. );
#1221 = CARTESIAN_POINT( '', ( -0.00117500000000000, 0.000340000000000000, -0.00125000000000000 ) );
#1222 = DIRECTION( '', ( 0.000000000000000, 0.000000000000000, 1.00000000000000 ) );
#1223 = DIRECTION( '', ( 1.00000000000000, -0.000000000000000, 0.000000000000000 ) );
#1224 = ORIENTED_EDGE( '', *, *, #2478, .F. );
#1225 = ORIENTED_EDGE( '', *, *, #2479, .F. );
#1226 = ORIENTED_EDGE( '', *, *, #2480, .T. );
#1227 = ORIENTED_EDGE( '', *, *, #2343, .T. );
#1228 = CARTESIAN_POINT( '', ( 0.00132500000000000, 0.000383866098851700, -0.000698956518577500 ) );
#1229 = DIRECTION( '', ( 0.000000000000000, 1.00000000000000, -0.000000000000000 ) );
#1230 = DIRECTION( '', ( -0.0833333333333286, 0.000000000000000, 0.996521728591784 ) );
#1231 = ORIENTED_EDGE( '', *, *, #2480, .F. );
#1232 = ORIENTED_EDGE( '', *, *, #2481, .F. );
#1233 = ORIENTED_EDGE( '', *, *, #2482, .F. );
#1234 = ORIENTED_EDGE( '', *, *, #2344, .T. );
#1235 = CARTESIAN_POINT( '', ( 0.00130000000000000, 0.000332424380873800, -0.000400000000000000 ) );
#1236 = DIRECTION( '', ( 0.000000000000000, -1.00000000000000, -0.000000000000000 ) );
#1237 = DIRECTION( '', ( 1.00000000000000, 0.000000000000000, 0.000000000000000 ) );
#1238 = ORIENTED_EDGE( '', *, *, #2483, .T. );
#1239 = ORIENTED_EDGE( '', *, *, #2484, .T. );
#1240 = ORIENTED_EDGE( '', *, *, #2478, .T. );
#1241 = ORIENTED_EDGE( '', *, *, #2342, .F. );
#1242 = CARTESIAN_POINT( '', ( 0.00117500000000000, 0.000340000000000000, -0.00125000000000000 ) );
#1243 = DIRECTION( '', ( -1.00000000000000, 0.000000000000000, 0.000000000000000 ) );
#1244 = DIRECTION( '', ( 0.000000000000000, 0.000000000000000, 1.00000000000000 ) );
#1245 = ORIENTED_EDGE( '', *, *, #2485, .T. );
#1246 = ORIENTED_EDGE( '', *, *, #2486, .T. );
#1247 = CARTESIAN_POINT( '', ( 0.000000000000000, 0.000512500000000000, 0.000000000000000 ) );
#1248 = DIRECTION( '', ( -0.000000000000000, -1.00000000000000, -0.000000000000000 ) );
#1249 = DIRECTION( '', ( -1.00000000000000, 0.000000000000000, 0.000000000000000 ) );
#1250 = ORIENTED_EDGE( '', *, *, #2487, .T. );
#1251 = ORIENTED_EDGE( '', *, *, #2488, .F. );
#1252 = ORIENTED_EDGE( '', *, *, #2489, .F. );
#1253 = ORIENTED_EDGE( '', *, *, #2418, .T. );
#1254 = CARTESIAN_POINT( '', ( -0.00117500000119200, 0.000000000000000, -0.000561702132225000 ) );
#1255 = DIRECTION( '', ( -0.247383206505997, 0.000000000000000, 0.968917720520588 ) );
#1256 = DIRECTION( '', ( 0.000000000000000, 1.00000000000000, 0.000000000000000 ) );
#1257 = ORIENTED_EDGE( '', *, *, #2490, .F. );
#1258 = ORIENTED_EDGE( '', *, *, #2449, .F. );
#1259 = ORIENTED_EDGE( '', *, *, #2320, .F. );
#1260 = ORIENTED_EDGE( '', *, *, #2491, .T. );
#1261 = CARTESIAN_POINT( '', ( 0.00140000000000000, 0.000346218492074900, 0.000450000000000000 ) );
#1262 = DIRECTION( '', ( -0.000000000000000, 1.00000000000000, -0.000000000000000 ) );
#1263 = DIRECTION( '', ( 1.00000000000000, 0.000000000000000, 0.000000000000000 ) );
#1264 = ORIENTED_EDGE( '', *, *, #2492, .T. );
#1265 = ORIENTED_EDGE( '', *, *, #2493, .F. );
#1266 = ORIENTED_EDGE( '', *, *, #2494, .F. );
#1267 = ORIENTED_EDGE( '', *, *, #2427, .T. );
#1268 = CARTESIAN_POINT( '', ( -0.00125500000000000, 0.000000000000000, -0.000593617022037500 ) );
#1269 = DIRECTION( '', ( -0.208107620730903, 0.000000000000000, -0.978105934034613 ) );
#1270 = DIRECTION( '', ( -0.978105934034613, 0.000000000000000, 0.208107620730903 ) );
#1271 = ORIENTED_EDGE( '', *, *, #2495, .T. );
#1272 = ORIENTED_EDGE( '', *, *, #2366, .F. );
#1273 = ORIENTED_EDGE( '', *, *, #2496, .T. );
#1274 = ORIENTED_EDGE( '', *, *, #2497, .F. );
#1275 = ORIENTED_EDGE( '', *, *, #2498, .T. );
#1276 = ORIENTED_EDGE( '', *, *, #2499, .T. );
#1277 = ORIENTED_EDGE( '', *, *, #2309, .F. );
#1278 = ORIENTED_EDGE( '', *, *, #2500, .T. );
#1279 = ORIENTED_EDGE( '', *, *, #2501, .T. );
#1280 = ORIENTED_EDGE( '', *, *, #2502, .F. );
#1281 = ORIENTED_EDGE( '', *, *, #2503, .T. );
#1282 = ORIENTED_EDGE( '', *, *, #2370, .F. );
#1283 = ORIENTED_EDGE( '', *, *, #2504, .F. );
#1284 = ORIENTED_EDGE( '', *, *, #2505, .T. );
#1285 = CARTESIAN_POINT( '', ( -0.00150000000000000, 0.000000000000000, -0.00130000000000000 ) );
#1286 = DIRECTION( '', ( -1.00000000000000, 0.000000000000000, 0.000000000000000 ) );
#1287 = DIRECTION( '', ( 0.000000000000000, 0.000000000000000, 1.00000000000000 ) );
#1288 = ORIENTED_EDGE( '', *, *, #2506, .F. );
#1289 = ORIENTED_EDGE( '', *, *, #2507, .T. );
#1290 = ORIENTED_EDGE( '', *, *, #2367, .T. );
#1291 = ORIENTED_EDGE( '', *, *, #2495, .F. );
#1292 = CARTESIAN_POINT( '', ( -0.00180000000000000, 5.00000000000000E-005, 0.000250000000000000 ) );
#1293 = DIRECTION( '', ( 0.000000000000000, 0.000000000000000, -1.00000000000000 ) );
#1294 = DIRECTION( '', ( 0.000000000000000, -1.00000000000000, 0.000000000000000 ) );
#1295 = ORIENTED_EDGE( '', *, *, #2508, .F. );
#1296 = ORIENTED_EDGE( '', *, *, #2509, .F. );
#1297 = ORIENTED_EDGE( '', *, *, #2510, .T. );
#1298 = ORIENTED_EDGE( '', *, *, #2511, .T. );
#1299 = CARTESIAN_POINT( '', ( 0.00169823691748000, 0.000274809175358900, -0.00120000000000000 ) );
#1300 = DIRECTION( '', ( -0.529919264233213, -0.848048096156421, 0.000000000000000 ) );
#1301 = DIRECTION( '', ( -0.848048096156421, 0.529919264233213, 0.000000000000000 ) );
#1302 = ORIENTED_EDGE( '', *, *, #2512, .T. );
#1303 = ORIENTED_EDGE( '', *, *, #2513, .F. );
#1304 = ORIENTED_EDGE( '', *, *, #2514, .F. );
#1305 = ORIENTED_EDGE( '', *, *, #2425, .T. );
#1306 = CARTESIAN_POINT( '', ( -0.00120499999761600, 0.000000000000000, -0.000600000000000000 ) );
#1307 = DIRECTION( '', ( 0.179411672105097, 0.000000000000000, -0.983774085810585 ) );
#1308 = DIRECTION( '', ( 0.000000000000000, -1.00000000000000, 0.000000000000000 ) );
#1309 = ORIENTED_EDGE( '', *, *, #2515, .T. );
#1310 = ORIENTED_EDGE( '', *, *, #2516, .F. );
#1311 = ORIENTED_EDGE( '', *, *, #2517, .F. );
#1312 = ORIENTED_EDGE( '', *, *, #2297, .T. );
#1313 = CARTESIAN_POINT( '', ( 0.00121000000238400, 0.000000000000000, -0.000574468088150000 ) );
#1314 = DIRECTION( '', ( 0.967560156892744, 0.000000000000000, 0.252640738586811 ) );
#1315 = DIRECTION( '', ( 0.000000000000000, -1.00000000000000, 0.000000000000000 ) );
#1316 = ORIENTED_EDGE( '', *, *, #2518, .F. );
#1317 = ORIENTED_EDGE( '', *, *, #2508, .T. );
#1318 = ORIENTED_EDGE( '', *, *, #2519, .F. );
#1319 = ORIENTED_EDGE( '', *, *, #2520, .T. );
#1320 = CARTESIAN_POINT( '', ( 0.000760279819786800, -0.00122623595483800, 0.000000000000000 ) );
#1321 = DIRECTION( '', ( -0.848048096156421, 0.529919264233213, 0.000000000000000 ) );
#1322 = DIRECTION( '', ( 0.000000000000000, 0.000000000000000, 1.00000000000000 ) );
#1323 = ORIENTED_EDGE( '', *, *, #2521, .F. );
#1324 = ORIENTED_EDGE( '', *, *, #2317, .F. );
#1325 = ORIENTED_EDGE( '', *, *, #2522, .F. );
#1326 = ORIENTED_EDGE( '', *, *, #2523, .T. );
#1327 = CARTESIAN_POINT( '', ( 0.00137500000000000, 0.000000000000000, -0.000493668753130800 ) );
#1328 = DIRECTION( '', ( -0.939692620785897, -0.342020143325699, 0.000000000000000 ) );
#1329 = DIRECTION( '', ( -0.342020143325699, 0.939692620785897, 0.000000000000000 ) );
#1330 = ORIENTED_EDGE( '', *, *, #2524, .F. );
#1331 = ORIENTED_EDGE( '', *, *, #2469, .F. );
#1332 = ORIENTED_EDGE( '', *, *, #2525, .T. );
#1333 = ORIENTED_EDGE( '', *, *, #2526, .T. );
#1334 = CARTESIAN_POINT( '', ( 0.00169823691748000, 0.000274809175358900, 0.000250000000000000 ) );
#1335 = DIRECTION( '', ( -0.529919264233213, -0.848048096156421, 0.000000000000000 ) );
#1336 = DIRECTION( '', ( -0.848048096156421, 0.529919264233213, 0.000000000000000 ) );
#1337 = ORIENTED_EDGE( '', *, *, #2527, .F. );
#1338 = ORIENTED_EDGE( '', *, *, #2313, .T. );
#1339 = ORIENTED_EDGE( '', *, *, #2528, .T. );
#1340 = ORIENTED_EDGE( '', *, *, #2529, .T. );
#1341 = CARTESIAN_POINT( '', ( -0.00137500000000000, 0.000000000000000, 0.00234366875313100 ) );
#1342 = DIRECTION( '', ( 0.939692620785897, -0.342020143325699, 0.000000000000000 ) );
#1343 = DIRECTION( '', ( 0.000000000000000, 0.000000000000000, -1.00000000000000 ) );
#1344 = ORIENTED_EDGE( '', *, *, #2530, .T. );
#1345 = ORIENTED_EDGE( '', *, *, #2525, .F. );
#1346 = ORIENTED_EDGE( '', *, *, #2468, .T. );
#1347 = ORIENTED_EDGE( '', *, *, #2531, .F. );
#1348 = CARTESIAN_POINT( '', ( 0.000675475010171200, -0.00117324402841500, 0.000000000000000 ) );
#1349 = DIRECTION( '', ( -0.848048096156421, 0.529919264233213, 0.000000000000000 ) );
#1350 = DIRECTION( '', ( 0.000000000000000, 0.000000000000000, 1.00000000000000 ) );
#1351 = ORIENTED_EDGE( '', *, *, #2491, .F. );
#1352 = ORIENTED_EDGE( '', *, *, #2319, .F. );
#1353 = ORIENTED_EDGE( '', *, *, #2318, .F. );
#1354 = ORIENTED_EDGE( '', *, *, #2521, .T. );
#1355 = ORIENTED_EDGE( '', *, *, #2532, .F. );
#1356 = ORIENTED_EDGE( '', *, *, #2462, .T. );
#1357 = ORIENTED_EDGE( '', *, *, #2533, .F. );
#1358 = ORIENTED_EDGE( '', *, *, #2534, .T. );
#1359 = ORIENTED_EDGE( '', *, *, #2398, .T. );
#1360 = CARTESIAN_POINT( '', ( 0.00110000000000000, 0.000000000000000, -7.00000000000000E-005 ) );
#1361 = DIRECTION( '', ( 0.000000000000000, 0.000000000000000, 1.00000000000000 ) );
#1362 = DIRECTION( '', ( 1.00000000000000, -0.000000000000000, 0.000000000000000 ) );
#1363 = ORIENTED_EDGE( '', *, *, #2534, .F. );
#1364 = ORIENTED_EDGE( '', *, *, #2535, .F. );
#1365 = ORIENTED_EDGE( '', *, *, #2536, .T. );
#1366 = ORIENTED_EDGE( '', *, *, #2399, .T. );
#1367 = CARTESIAN_POINT( '', ( 0.000950000000000000, -5.56941776320400E-005, -0.000220000000000000 ) );
#1368 = DIRECTION( '', ( 0.000000000000000, -1.00000000000000, -0.000000000000000 ) );
#1369 = DIRECTION( '', ( 0.000000000000000, 0.000000000000000, 1.00000000000000 ) );
#1370 = ORIENTED_EDGE( '', *, *, #2537, .T. );
#1371 = ORIENTED_EDGE( '', *, *, #2526, .F. );
#1372 = ORIENTED_EDGE( '', *, *, #2530, .F. );
#1373 = ORIENTED_EDGE( '', *, *, #2538, .F. );
#1374 = ORIENTED_EDGE( '', *, *, #2539, .F. );
#1375 = ORIENTED_EDGE( '', *, *, #2540, .F. );
#1376 = ORIENTED_EDGE( '', *, *, #2359, .T. );
#1377 = ORIENTED_EDGE( '', *, *, #2441, .T. );
#1378 = CARTESIAN_POINT( '', ( 0.00157899621935800, 0.000178338164627900, 0.00120000000000000 ) );
#1379 = DIRECTION( '', ( 0.000000000000000, 0.000000000000000, -1.00000000000000 ) );
#1380 = DIRECTION( '', ( 0.000000000000000, -1.00000000000000, 0.000000000000000 ) );
#1381 = ORIENTED_EDGE( '', *, *, #2541, .F. );
#1382 = ORIENTED_EDGE( '', *, *, #2542, .F. );
#1383 = ORIENTED_EDGE( '', *, *, #2543, .T. );
#1384 = ORIENTED_EDGE( '', *, *, #2405, .T. );
#1385 = CARTESIAN_POINT( '', ( -0.000950000000000000, -5.56941776320400E-005, -0.000220000000000000 ) );
#1386 = DIRECTION( '', ( -0.000000000000000, -1.00000000000000, 0.000000000000000 ) );
#1387 = DIRECTION( '', ( -1.00000000000000, 0.000000000000000, 0.000000000000000 ) );
#1388 = ORIENTED_EDGE( '', *, *, #2544, .T. );
#1389 = ORIENTED_EDGE( '', *, *, #2545, .T. );
#1390 = ORIENTED_EDGE( '', *, *, #2546, .T. );
#1391 = ORIENTED_EDGE( '', *, *, #2455, .T. );
#1392 = ORIENTED_EDGE( '', *, *, #2547, .T. );
#1393 = ORIENTED_EDGE( '', *, *, #2548, .T. );
#1394 = ORIENTED_EDGE( '', *, *, #2542, .T. );
#1395 = ORIENTED_EDGE( '', *, *, #2549, .T. );
#1396 = ORIENTED_EDGE( '', *, *, #2550, .T. );
#1397 = ORIENTED_EDGE( '', *, *, #2551, .T. );
#1398 = ORIENTED_EDGE( '', *, *, #2552, .T. );
#1399 = ORIENTED_EDGE( '', *, *, #2553, .T. );
#1400 = ORIENTED_EDGE( '', *, *, #2535, .T. );
#1401 = ORIENTED_EDGE( '', *, *, #2533, .T. );
#1402 = ORIENTED_EDGE( '', *, *, #2461, .T. );
#1403 = ORIENTED_EDGE( '', *, *, #2554, .T. );
#1404 = ORIENTED_EDGE( '', *, *, #2555, .T. );
#1405 = ORIENTED_EDGE( '', *, *, #2556, .T. );
#1406 = ORIENTED_EDGE( '', *, *, #2557, .T. );
#1407 = ORIENTED_EDGE( '', *, *, #2558, .T. );
#1408 = CARTESIAN_POINT( '', ( 0.000000000000000, -5.00000000000000E-005, 0.000000000000000 ) );
#1409 = DIRECTION( '', ( 0.000000000000000, -1.00000000000000, 0.000000000000000 ) );
#1410 = DIRECTION( '', ( 0.000000000000000, 0.000000000000000, -1.00000000000000 ) );
#1411 = ORIENTED_EDGE( '', *, *, #2371, .F. );
#1412 = ORIENTED_EDGE( '', *, *, #2503, .F. );
#1413 = ORIENTED_EDGE( '', *, *, #2559, .T. );
#1414 = CARTESIAN_POINT( '', ( -0.00137500000000000, 0.000000000000000, -0.000700000000000000 ) );
#1415 = DIRECTION( '', ( 0.000000000000000, 0.000000000000000, -1.00000000000000 ) );
#1416 = DIRECTION( '', ( 0.000000000000000, -1.00000000000000, 0.000000000000000 ) );
#1417 = ORIENTED_EDGE( '', *, *, #2375, .F. );
#1418 = ORIENTED_EDGE( '', *, *, #2560, .F. );
#1419 = ORIENTED_EDGE( '', *, *, #2303, .F. );
#1420 = ORIENTED_EDGE( '', *, *, #2561, .T. );
#1421 = ORIENTED_EDGE( '', *, *, #2562, .T. );
#1422 = CARTESIAN_POINT( '', ( 0.00114237565171000, 0.000346749704124900, -0.00120000000000000 ) );
#1423 = DIRECTION( '', ( -0.342020143325699, 0.939692620785897, -0.000000000000000 ) );
#1424 = DIRECTION( '', ( 0.000000000000000, 0.000000000000000, -1.00000000000000 ) );
#1425 = ORIENTED_EDGE( '', *, *, #2563, .T. );
#1426 = ORIENTED_EDGE( '', *, *, #2368, .F. );
#1427 = ORIENTED_EDGE( '', *, *, #2507, .F. );
#1428 = ORIENTED_EDGE( '', *, *, #2564, .T. );
#1429 = CARTESIAN_POINT( '', ( -0.00155000000000000, 0.000000000000000, 0.000250000000000000 ) );
#1430 = DIRECTION( '', ( 1.00000000000000, 0.000000000000000, 0.000000000000000 ) );
#1431 = DIRECTION( '', ( 0.000000000000000, 1.00000000000000, -0.000000000000000 ) );
#1432 = ORIENTED_EDGE( '', *, *, #2369, .F. );
#1433 = ORIENTED_EDGE( '', *, *, #2563, .F. );
#1434 = ORIENTED_EDGE( '', *, *, #2565, .T. );
#1435 = ORIENTED_EDGE( '', *, *, #2504, .T. );
#1436 = CARTESIAN_POINT( '', ( -0.00147500000000000, 5.00000000000000E-005, -0.000150000000000000 ) );
#1437 = DIRECTION( '', ( 0.000000000000000, 0.000000000000000, -1.00000000000000 ) );
#1438 = DIRECTION( '', ( 0.000000000000000, -1.00000000000000, 0.000000000000000 ) );
#1439 = ORIENTED_EDGE( '', *, *, #2566, .F. );
#1440 = ORIENTED_EDGE( '', *, *, #2307, .F. );
#1441 = ORIENTED_EDGE( '', *, *, #2306, .F. );
#1442 = ORIENTED_EDGE( '', *, *, #2567, .T. );
#1443 = ORIENTED_EDGE( '', *, *, #2568, .F. );
#1444 = ORIENTED_EDGE( '', *, *, #2569, .T. );
#1445 = ORIENTED_EDGE( '', *, *, #2570, .F. );
#1446 = ORIENTED_EDGE( '', *, *, #2571, .F. );
#1447 = ORIENTED_EDGE( '', *, *, #2411, .T. );
#1448 = CARTESIAN_POINT( '', ( 0.00131000000000000, 0.000000000000000, -0.000300000000000000 ) );
#1449 = DIRECTION( '', ( 0.000000000000000, 0.000000000000000, 1.00000000000000 ) );
#1450 = DIRECTION( '', ( 1.00000000000000, -0.000000000000000, 0.000000000000000 ) );
#1451 = ORIENTED_EDGE( '', *, *, #2572, .F. );
#1452 = ORIENTED_EDGE( '', *, *, #2545, .F. );
#1453 = ORIENTED_EDGE( '', *, *, #2573, .T. );
#1454 = ORIENTED_EDGE( '', *, *, #2390, .T. );
#1455 = CARTESIAN_POINT( '', ( -0.00110000000000000, 0.000000000000000, 0.00128000000000000 ) );
#1456 = DIRECTION( '', ( -1.00000000000000, 0.000000000000000, 0.000000000000000 ) );
#1457 = DIRECTION( '', ( 0.000000000000000, 0.000000000000000, 1.00000000000000 ) );
#1458 = ORIENTED_EDGE( '', *, *, #2574, .T. );
#1459 = ORIENTED_EDGE( '', *, *, #2575, .F. );
#1460 = ORIENTED_EDGE( '', *, *, #2576, .F. );
#1461 = ORIENTED_EDGE( '', *, *, #2420, .T. );
#1462 = CARTESIAN_POINT( '', ( -0.00115000000000000, 0.000000000000000, -0.000529787242412600 ) );
#1463 = DIRECTION( '', ( -0.886409123481300, 0.000000000000000, 0.462902652627000 ) );
#1464 = DIRECTION( '', ( 0.000000000000000, 1.00000000000000, 0.000000000000000 ) );
#1465 = ORIENTED_EDGE( '', *, *, #2577, .F. );
#1466 = ORIENTED_EDGE( '', *, *, #2578, .T. );
#1467 = ORIENTED_EDGE( '', *, *, #2579, .F. );
#1468 = ORIENTED_EDGE( '', *, *, #2580, .F. );
#1469 = CARTESIAN_POINT( '', ( -0.000760279819786800, -0.00122623595483800, 0.000000000000000 ) );
#1470 = DIRECTION( '', ( 0.848048096156421, 0.529919264233213, 0.000000000000000 ) );
#1471 = DIRECTION( '', ( 0.000000000000000, 0.000000000000000, -1.00000000000000 ) );
#1472 = ORIENTED_EDGE( '', *, *, #2581, .F. );
#1473 = ORIENTED_EDGE( '', *, *, #2582, .F. );
#1474 = ORIENTED_EDGE( '', *, *, #2471, .T. );
#1475 = ORIENTED_EDGE( '', *, *, #2337, .T. );
#1476 = CARTESIAN_POINT( '', ( -0.00132500000000000, 0.000383866098851700, -0.000698956518577500 ) );
#1477 = DIRECTION( '', ( -0.000000000000000, 1.00000000000000, -0.000000000000000 ) );
#1478 = DIRECTION( '', ( 1.00000000000000, 0.000000000000000, 0.000000000000000 ) );
#1479 = ORIENTED_EDGE( '', *, *, #2583, .T. );
#1480 = ORIENTED_EDGE( '', *, *, #2584, .F. );
#1481 = ORIENTED_EDGE( '', *, *, #2585, .F. );
#1482 = ORIENTED_EDGE( '', *, *, #2409, .T. );
#1483 = CARTESIAN_POINT( '', ( 0.00126000000119200, 0.000000000000000, -0.000376595744490600 ) );
#1484 = DIRECTION( '', ( 0.000000000000000, 0.000000000000000, 1.00000000000000 ) );
#1485 = DIRECTION( '', ( 1.00000000000000, -0.000000000000000, 0.000000000000000 ) );
#1486 = ORIENTED_EDGE( '', *, *, #2586, .T. );
#1487 = ORIENTED_EDGE( '', *, *, #2547, .F. );
#1488 = ORIENTED_EDGE( '', *, *, #2454, .F. );
#1489 = ORIENTED_EDGE( '', *, *, #2387, .T. );
#1490 = CARTESIAN_POINT( '', ( -0.000850000000000000, 0.000000000000000, 0.000680000000000000 ) );
#1491 = DIRECTION( '', ( -1.00000000000000, 0.000000000000000, 0.000000000000000 ) );
#1492 = DIRECTION( '', ( 0.000000000000000, 0.000000000000000, 1.00000000000000 ) );
#1493 = ORIENTED_EDGE( '', *, *, #2587, .T. );
#1494 = ORIENTED_EDGE( '', *, *, #2588, .F. );
#1495 = ORIENTED_EDGE( '', *, *, #2512, .F. );
#1496 = ORIENTED_EDGE( '', *, *, #2424, .T. );
#1497 = CARTESIAN_POINT( '', ( -0.00116999999880800, 0.000000000000000, -0.000593617022037500 ) );
#1498 = DIRECTION( '', ( 0.538035430135981, 0.000000000000000, -0.842922224121769 ) );
#1499 = DIRECTION( '', ( 0.000000000000000, -1.00000000000000, 0.000000000000000 ) );
#1500 = ORIENTED_EDGE( '', *, *, #2589, .T. );
#1501 = ORIENTED_EDGE( '', *, *, #2590, .F. );
#1502 = ORIENTED_EDGE( '', *, *, #2591, .F. );
#1503 = ORIENTED_EDGE( '', *, *, #2331, .T. );
#1504 = CARTESIAN_POINT( '', ( -0.00102500000000000, 0.000332424380873800, 0.00110000000000000 ) );
#1505 = DIRECTION( '', ( -0.000000000000000, -1.00000000000000, 0.000000000000000 ) );
#1506 = DIRECTION( '', ( -1.00000000000000, 0.000000000000000, 0.000000000000000 ) );
#1507 = ORIENTED_EDGE( '', *, *, #2591, .T. );
#1508 = ORIENTED_EDGE( '', *, *, #2592, .T. );
#1509 = ORIENTED_EDGE( '', *, *, #2593, .T. );
#1510 = ORIENTED_EDGE( '', *, *, #2332, .F. );
#1511 = CARTESIAN_POINT( '', ( -0.00117500000000000, 0.000340000000000000, 0.00125000000000000 ) );
#1512 = DIRECTION( '', ( 1.00000000000000, 0.000000000000000, 0.000000000000000 ) );
#1513 = DIRECTION( '', ( 0.000000000000000, 1.00000000000000, -0.000000000000000 ) );
#1514 = ORIENTED_EDGE( '', *, *, #2594, .T. );
#1515 = ORIENTED_EDGE( '', *, *, #2595, .T. );
#1516 = ORIENTED_EDGE( '', *, *, #2589, .F. );
#1517 = ORIENTED_EDGE( '', *, *, #2330, .F. );
#1518 = CARTESIAN_POINT( '', ( 0.00117500000000000, 0.000340000000000000, 0.00125000000000000 ) );
#1519 = DIRECTION( '', ( 0.000000000000000, 0.000000000000000, -1.00000000000000 ) );
#1520 = DIRECTION( '', ( 0.000000000000000, -1.00000000000000, 0.000000000000000 ) );
#1521 = ORIENTED_EDGE( '', *, *, #2596, .T. );
#1522 = ORIENTED_EDGE( '', *, *, #2597, .F. );
#1523 = ORIENTED_EDGE( '', *, *, #2594, .F. );
#1524 = ORIENTED_EDGE( '', *, *, #2329, .T. );
#1525 = CARTESIAN_POINT( '', ( 0.00102500000000000, 0.000332424380873800, 0.00110000000000000 ) );
#1526 = DIRECTION( '', ( 0.000000000000000, -1.00000000000000, -0.000000000000000 ) );
#1527 = DIRECTION( '', ( 0.000000000000000, 0.000000000000000, 1.00000000000000 ) );
#1528 = ORIENTED_EDGE( '', *, *, #2598, .T. );
#1529 = ORIENTED_EDGE( '', *, *, #2599, .F. );
#1530 = ORIENTED_EDGE( '', *, *, #2356, .F. );
#1531 = ORIENTED_EDGE( '', *, *, #2415, .T. );
#1532 = CARTESIAN_POINT( '', ( -0.00127000000000000, 0.000000000000000, -0.000517021268606200 ) );
#1533 = DIRECTION( '', ( 0.931128176951713, 0.000000000000000, -0.364692086679405 ) );
#1534 = DIRECTION( '', ( 0.000000000000000, -1.00000000000000, 0.000000000000000 ) );
#1535 = ORIENTED_EDGE( '', *, *, #2600, .F. );
#1536 = ORIENTED_EDGE( '', *, *, #2601, .F. );
#1537 = ORIENTED_EDGE( '', *, *, #2602, .F. );
#1538 = ORIENTED_EDGE( '', *, *, #2334, .T. );
#1539 = CARTESIAN_POINT( '', ( -0.00130000000000000, 0.000332424380873800, 0.000400000000000000 ) );
#1540 = DIRECTION( '', ( -0.000000000000000, -1.00000000000000, 0.000000000000000 ) );
#1541 = DIRECTION( '', ( -1.00000000000000, 0.000000000000000, 0.000000000000000 ) );
#1542 = ORIENTED_EDGE( '', *, *, #2382, .T. );
#1543 = ORIENTED_EDGE( '', *, *, #2603, .F. );
#1544 = ORIENTED_EDGE( '', *, *, #2604, .F. );
#1545 = ORIENTED_EDGE( '', *, *, #2452, .T. );
#1546 = CARTESIAN_POINT( '', ( 0.00180000000000000, 5.00000000000000E-005, 0.000250000000000000 ) );
#1547 = DIRECTION( '', ( 0.000000000000000, 0.000000000000000, -1.00000000000000 ) );
#1548 = DIRECTION( '', ( 0.000000000000000, -1.00000000000000, 0.000000000000000 ) );
#1549 = ORIENTED_EDGE( '', *, *, #2465, .T. );
#1550 = ORIENTED_EDGE( '', *, *, #2605, .F. );
#1551 = ORIENTED_EDGE( '', *, *, #2606, .F. );
#1552 = ORIENTED_EDGE( '', *, *, #2407, .T. );
#1553 = CARTESIAN_POINT( '', ( 0.00114000000476800, 0.000000000000000, -0.000300000000000000 ) );
#1554 = DIRECTION( '', ( 0.000000000000000, 0.000000000000000, 1.00000000000000 ) );
#1555 = DIRECTION( '', ( 1.00000000000000, -0.000000000000000, 0.000000000000000 ) );
#1556 = ORIENTED_EDGE( '', *, *, #2522, .T. );
#1557 = ORIENTED_EDGE( '', *, *, #2316, .F. );
#1558 = ORIENTED_EDGE( '', *, *, #2607, .F. );
#1559 = ORIENTED_EDGE( '', *, *, #2360, .F. );
#1560 = ORIENTED_EDGE( '', *, *, #2540, .T. );
#1561 = CARTESIAN_POINT( '', ( 0.00128418513262300, -4.28686425478100E-005, 0.00120000000000000 ) );
#1562 = DIRECTION( '', ( 0.342020143325699, -0.939692620785897, -0.000000000000000 ) );
#1563 = DIRECTION( '', ( 0.000000000000000, 0.000000000000000, 1.00000000000000 ) );
#1564 = ORIENTED_EDGE( '', *, *, #2608, .T. );
#1565 = ORIENTED_EDGE( '', *, *, #2609, .F. );
#1566 = ORIENTED_EDGE( '', *, *, #2610, .T. );
#1567 = ORIENTED_EDGE( '', *, *, #2611, .T. );
#1568 = CARTESIAN_POINT( '', ( -0.00146000000000000, 0.000120000000000000, 0.000700000000000000 ) );
#1569 = DIRECTION( '', ( -0.000000000000000, 0.000000000000000, -1.00000000000000 ) );
#1570 = DIRECTION( '', ( 0.000000000000000, 1.00000000000000, 0.000000000000000 ) );
#1571 = ORIENTED_EDGE( '', *, *, #2322, .F. );
#1572 = ORIENTED_EDGE( '', *, *, #2448, .F. );
#1573 = ORIENTED_EDGE( '', *, *, #2612, .F. );
#1574 = ORIENTED_EDGE( '', *, *, #2347, .F. );
#1575 = CARTESIAN_POINT( '', ( 0.00140000000000000, -5.87498622864800E-006, -0.000450000000000000 ) );
#1576 = DIRECTION( '', ( 0.000000000000000, -1.00000000000000, -0.000000000000000 ) );
#1577 = DIRECTION( '', ( 1.00000000000000, 0.000000000000000, 0.000000000000000 ) );
#1578 = ORIENTED_EDGE( '', *, *, #2613, .T. );
#1579 = ORIENTED_EDGE( '', *, *, #2614, .F. );
#1580 = ORIENTED_EDGE( '', *, *, #2615, .T. );
#1581 = ORIENTED_EDGE( '', *, *, #2616, .T. );
#1582 = CARTESIAN_POINT( '', ( -0.000675475010171200, -0.00117324402841500, 0.000000000000000 ) );
#1583 = DIRECTION( '', ( 0.848048096156421, 0.529919264233213, 0.000000000000000 ) );
#1584 = DIRECTION( '', ( 0.000000000000000, 0.000000000000000, -1.00000000000000 ) );
#1585 = ORIENTED_EDGE( '', *, *, #2617, .T. );
#1586 = ORIENTED_EDGE( '', *, *, #2616, .F. );
#1587 = ORIENTED_EDGE( '', *, *, #2618, .T. );
#1588 = ORIENTED_EDGE( '', *, *, #2619, .T. );
#1589 = CARTESIAN_POINT( '', ( -0.00146000000000000, 0.000120000000000000, -0.00120000000000000 ) );
#1590 = DIRECTION( '', ( -0.000000000000000, 0.000000000000000, -1.00000000000000 ) );
#1591 = DIRECTION( '', ( 0.000000000000000, 1.00000000000000, 0.000000000000000 ) );
#1592 = ORIENTED_EDGE( '', *, *, #2617, .F. );
#1593 = ORIENTED_EDGE( '', *, *, #2620, .F. );
#1594 = ORIENTED_EDGE( '', *, *, #2302, .F. );
#1595 = ORIENTED_EDGE( '', *, *, #2373, .T. );
#1596 = ORIENTED_EDGE( '', *, *, #2621, .T. );
#1597 = ORIENTED_EDGE( '', *, *, #2622, .T. );
#1598 = ORIENTED_EDGE( '', *, *, #2623, .F. );
#1599 = ORIENTED_EDGE( '', *, *, #2613, .F. );
#1600 = CARTESIAN_POINT( '', ( -0.00168212315177200, 5.00000000000000E-005, -0.00120000000000000 ) );
#1601 = DIRECTION( '', ( 0.000000000000000, 0.000000000000000, 1.00000000000000 ) );
#1602 = DIRECTION( '', ( 1.00000000000000, -0.000000000000000, 0.000000000000000 ) );
#1603 = ORIENTED_EDGE( '', *, *, #2624, .T. );
#1604 = ORIENTED_EDGE( '', *, *, #2625, .F. );
#1605 = ORIENTED_EDGE( '', *, *, #2626, .T. );
#1606 = ORIENTED_EDGE( '', *, *, #2609, .T. );
#1607 = CARTESIAN_POINT( '', ( -0.000675475010171200, -0.00117324402841500, 0.000000000000000 ) );
#1608 = DIRECTION( '', ( 0.848048096156421, 0.529919264233213, 0.000000000000000 ) );
#1609 = DIRECTION( '', ( 0.000000000000000, 0.000000000000000, -1.00000000000000 ) );
#1610 = ORIENTED_EDGE( '', *, *, #2578, .F. );
#1611 = ORIENTED_EDGE( '', *, *, #2627, .F. );
#1612 = ORIENTED_EDGE( '', *, *, #2625, .T. );
#1613 = ORIENTED_EDGE( '', *, *, #2628, .T. );
#1614 = CARTESIAN_POINT( '', ( -0.00169823691748000, 0.000274809175358900, 0.00250000000000000 ) );
#1615 = DIRECTION( '', ( 0.529919264233213, -0.848048096156421, 0.000000000000000 ) );
#1616 = DIRECTION( '', ( 0.000000000000000, 0.000000000000000, -1.00000000000000 ) );
#1617 = ORIENTED_EDGE( '', *, *, #2629, .T. );
#1618 = ORIENTED_EDGE( '', *, *, #2497, .T. );
#1619 = ORIENTED_EDGE( '', *, *, #2630, .T. );
#1620 = ORIENTED_EDGE( '', *, *, #2579, .T. );
#1621 = ORIENTED_EDGE( '', *, *, #2628, .F. );
#1622 = ORIENTED_EDGE( '', *, *, #2624, .F. );
#1623 = ORIENTED_EDGE( '', *, *, #2608, .F. );
#1624 = CARTESIAN_POINT( '', ( -0.00167173209059900, 0.000326746581455300, 0.000700000000000000 ) );
#1625 = DIRECTION( '', ( 0.000000000000000, 0.000000000000000, 1.00000000000000 ) );
#1626 = DIRECTION( '', ( 1.00000000000000, -0.000000000000000, 0.000000000000000 ) );
#1627 = ORIENTED_EDGE( '', *, *, #2631, .T. );
#1628 = ORIENTED_EDGE( '', *, *, #2476, .F. );
#1629 = ORIENTED_EDGE( '', *, *, #2474, .T. );
#1630 = ORIENTED_EDGE( '', *, *, #2472, .F. );
#1631 = ORIENTED_EDGE( '', *, *, #2582, .T. );
#1632 = ORIENTED_EDGE( '', *, *, #2632, .T. );
#1633 = ORIENTED_EDGE( '', *, *, #2633, .F. );
#1634 = ORIENTED_EDGE( '', *, *, #2601, .T. );
#1635 = ORIENTED_EDGE( '', *, *, #2634, .T. );
#1636 = ORIENTED_EDGE( '', *, *, #2592, .F. );
#1637 = ORIENTED_EDGE( '', *, *, #2590, .T. );
#1638 = ORIENTED_EDGE( '', *, *, #2595, .F. );
#1639 = ORIENTED_EDGE( '', *, *, #2597, .T. );
#1640 = ORIENTED_EDGE( '', *, *, #2635, .F. );
#1641 = ORIENTED_EDGE( '', *, *, #2636, .T. );
#1642 = ORIENTED_EDGE( '', *, *, #2637, .T. );
#1643 = ORIENTED_EDGE( '', *, *, #2638, .F. );
#1644 = ORIENTED_EDGE( '', *, *, #2481, .T. );
#1645 = ORIENTED_EDGE( '', *, *, #2479, .T. );
#1646 = ORIENTED_EDGE( '', *, *, #2484, .F. );
#1647 = ORIENTED_EDGE( '', *, *, #2486, .F. );
#1648 = CARTESIAN_POINT( '', ( 0.000000000000000, 0.000375000000000000, 0.000000000000000 ) );
#1649 = DIRECTION( '', ( 0.000000000000000, -1.00000000000000, 0.000000000000000 ) );
#1650 = DIRECTION( '', ( 0.000000000000000, 0.000000000000000, -1.00000000000000 ) );
#1651 = ORIENTED_EDGE( '', *, *, #2639, .T. );
#1652 = ORIENTED_EDGE( '', *, *, #2640, .F. );
#1653 = ORIENTED_EDGE( '', *, *, #2641, .F. );
#1654 = ORIENTED_EDGE( '', *, *, #2432, .T. );
#1655 = CARTESIAN_POINT( '', ( -0.00129500000476800, 0.000000000000000, -0.000491489356756200 ) );
#1656 = DIRECTION( '', ( -0.981359169059880, 0.000000000000000, 0.192182676904296 ) );
#1657 = DIRECTION( '', ( 0.000000000000000, 1.00000000000000, 0.000000000000000 ) );
#1658 = ORIENTED_EDGE( '', *, *, #2364, .F. );
#1659 = ORIENTED_EDGE( '', *, *, #2642, .F. );
#1660 = ORIENTED_EDGE( '', *, *, #2580, .T. );
#1661 = ORIENTED_EDGE( '', *, *, #2630, .F. );
#1662 = ORIENTED_EDGE( '', *, *, #2643, .T. );
#1663 = CARTESIAN_POINT( '', ( -0.00146000000000000, 0.000120000000000000, 0.000700000000000000 ) );
#1664 = DIRECTION( '', ( -0.000000000000000, 0.000000000000000, -1.00000000000000 ) );
#1665 = DIRECTION( '', ( 0.000000000000000, 1.00000000000000, 0.000000000000000 ) );
#1666 = ORIENTED_EDGE( '', *, *, #2644, .T. );
#1667 = ORIENTED_EDGE( '', *, *, #2519, .T. );
#1668 = ORIENTED_EDGE( '', *, *, #2511, .F. );
#1669 = ORIENTED_EDGE( '', *, *, #2645, .F. );
#1670 = ORIENTED_EDGE( '', *, *, #2646, .F. );
#1671 = ORIENTED_EDGE( '', *, *, #2647, .T. );
#1672 = ORIENTED_EDGE( '', *, *, #2446, .T. );
#1673 = CARTESIAN_POINT( '', ( 0.00181994897427800, 5.00000000000000E-005, -0.000700000000000000 ) );
#1674 = DIRECTION( '', ( 0.000000000000000, 0.000000000000000, -1.00000000000000 ) );
#1675 = DIRECTION( '', ( 0.000000000000000, -1.00000000000000, 0.000000000000000 ) );
#1676 = ORIENTED_EDGE( '', *, *, #2543, .F. );
#1677 = ORIENTED_EDGE( '', *, *, #2548, .F. );
#1678 = ORIENTED_EDGE( '', *, *, #2586, .F. );
#1679 = ORIENTED_EDGE( '', *, *, #2386, .T. );
#1680 = CARTESIAN_POINT( '', ( -0.000850000000000000, 0.000000000000000, -7.00000000000000E-005 ) );
#1681 = DIRECTION( '', ( 0.000000000000000, 0.000000000000000, 1.00000000000000 ) );
#1682 = DIRECTION( '', ( 1.00000000000000, -0.000000000000000, 0.000000000000000 ) );
#1683 = ORIENTED_EDGE( '', *, *, #2310, .F. );
#1684 = ORIENTED_EDGE( '', *, *, #2499, .F. );
#1685 = ORIENTED_EDGE( '', *, *, #2648, .F. );
#1686 = ORIENTED_EDGE( '', *, *, #2649, .F. );
#1687 = CARTESIAN_POINT( '', ( -0.00140000000000000, -5.87498622864800E-006, 0.000450000000000000 ) );
#1688 = DIRECTION( '', ( -0.000000000000000, -1.00000000000000, 0.000000000000000 ) );
#1689 = DIRECTION( '', ( -1.00000000000000, 0.000000000000000, 0.000000000000000 ) );
#1690 = ORIENTED_EDGE( '', *, *, #2528, .F. );
#1691 = ORIENTED_EDGE( '', *, *, #2312, .F. );
#1692 = ORIENTED_EDGE( '', *, *, #2311, .F. );
#1693 = ORIENTED_EDGE( '', *, *, #2649, .T. );
#1694 = ORIENTED_EDGE( '', *, *, #2650, .F. );
#1695 = ORIENTED_EDGE( '', *, *, #2651, .F. );
#1696 = ORIENTED_EDGE( '', *, *, #2500, .F. );
#1697 = ORIENTED_EDGE( '', *, *, #2308, .F. );
#1698 = ORIENTED_EDGE( '', *, *, #2566, .T. );
#1699 = CARTESIAN_POINT( '', ( -0.00140000000000000, 0.000346218492074900, -0.000450000000000000 ) );
#1700 = DIRECTION( '', ( 0.000000000000000, 1.00000000000000, -0.000000000000000 ) );
#1701 = DIRECTION( '', ( -1.00000000000000, 0.000000000000000, 0.000000000000000 ) );
#1702 = ORIENTED_EDGE( '', *, *, #2456, .F. );
#1703 = ORIENTED_EDGE( '', *, *, #2546, .F. );
#1704 = ORIENTED_EDGE( '', *, *, #2572, .T. );
#1705 = ORIENTED_EDGE( '', *, *, #2389, .F. );
#1706 = CARTESIAN_POINT( '', ( -0.000950000000000000, -5.56941776320400E-005, 0.000830000000000000 ) );
#1707 = DIRECTION( '', ( -0.000000000000000, -1.00000000000000, -0.000000000000000 ) );
#1708 = DIRECTION( '', ( 0.000000000000000, 0.000000000000000, -1.00000000000000 ) );
#1709 = ORIENTED_EDGE( '', *, *, #2652, .F. );
#1710 = ORIENTED_EDGE( '', *, *, #2554, .F. );
#1711 = ORIENTED_EDGE( '', *, *, #2460, .F. );
#1712 = ORIENTED_EDGE( '', *, *, #2396, .T. );
#1713 = CARTESIAN_POINT( '', ( 0.000850000000000000, 0.000000000000000, 0.000680000000000000 ) );
#1714 = DIRECTION( '', ( 0.000000000000000, 0.000000000000000, -1.00000000000000 ) );
#1715 = DIRECTION( '', ( 0.000000000000000, -1.00000000000000, 0.000000000000000 ) );
#1716 = ORIENTED_EDGE( '', *, *, #2653, .F. );
#1717 = ORIENTED_EDGE( '', *, *, #2550, .F. );
#1718 = ORIENTED_EDGE( '', *, *, #2654, .T. );
#1719 = ORIENTED_EDGE( '', *, *, #2403, .F. );
#1720 = CARTESIAN_POINT( '', ( -0.000950000000000000, -5.56941776320400E-005, -0.00113000000000000 ) );
#1721 = DIRECTION( '', ( -0.000000000000000, -1.00000000000000, -0.000000000000000 ) );
#1722 = DIRECTION( '', ( 0.000000000000000, 0.000000000000000, -1.00000000000000 ) );
#1723 = ORIENTED_EDGE( '', *, *, #2655, .F. );
#1724 = ORIENTED_EDGE( '', *, *, #2656, .F. );
#1725 = ORIENTED_EDGE( '', *, *, #2657, .F. );
#1726 = CARTESIAN_POINT( '', ( -0.00137500000000000, 0.000000000000000, -0.000700000000000000 ) );
#1727 = DIRECTION( '', ( 0.000000000000000, 0.000000000000000, -1.00000000000000 ) );
#1728 = DIRECTION( '', ( 0.000000000000000, -1.00000000000000, 0.000000000000000 ) );
#1729 = ORIENTED_EDGE( '', *, *, #2658, .F. );
#1730 = ORIENTED_EDGE( '', *, *, #2636, .F. );
#1731 = ORIENTED_EDGE( '', *, *, #2659, .T. );
#1732 = ORIENTED_EDGE( '', *, *, #2327, .T. );
#1733 = CARTESIAN_POINT( '', ( 0.00132500000000000, 0.000383866098851700, 0.000698956518577500 ) );
#1734 = DIRECTION( '', ( 0.000000000000000, 1.00000000000000, -0.000000000000000 ) );
#1735 = DIRECTION( '', ( -1.00000000000000, 0.000000000000000, 0.000000000000000 ) );
#1736 = ORIENTED_EDGE( '', *, *, #2660, .T. );
#1737 = ORIENTED_EDGE( '', *, *, #2392, .T. );
#1738 = ORIENTED_EDGE( '', *, *, #2661, .F. );
#1739 = ORIENTED_EDGE( '', *, *, #2558, .F. );
#1740 = CARTESIAN_POINT( '', ( 0.00110000000000000, 0.000000000000000, 0.00128000000000000 ) );
#1741 = DIRECTION( '', ( 0.000000000000000, 0.000000000000000, 1.00000000000000 ) );
#1742 = DIRECTION( '', ( 1.00000000000000, -0.000000000000000, 0.000000000000000 ) );
#1743 = ORIENTED_EDGE( '', *, *, #2573, .F. );
#1744 = ORIENTED_EDGE( '', *, *, #2544, .F. );
#1745 = ORIENTED_EDGE( '', *, *, #2661, .T. );
#1746 = ORIENTED_EDGE( '', *, *, #2391, .F. );
#1747 = CARTESIAN_POINT( '', ( -0.000950000000000000, -5.56941776320400E-005, 0.00113000000000000 ) );
#1748 = DIRECTION( '', ( -0.000000000000000, -1.00000000000000, 0.000000000000000 ) );
#1749 = DIRECTION( '', ( -1.00000000000000, 0.000000000000000, 0.000000000000000 ) );
#1750 = ORIENTED_EDGE( '', *, *, #2662, .T. );
#1751 = ORIENTED_EDGE( '', *, *, #2632, .F. );
#1752 = ORIENTED_EDGE( '', *, *, #2581, .T. );
#1753 = ORIENTED_EDGE( '', *, *, #2336, .T. );
#1754 = CARTESIAN_POINT( '', ( -0.00130000000000000, 0.000332424380873800, -0.000400000000000000 ) );
#1755 = DIRECTION( '', ( -0.000000000000000, -1.00000000000000, -0.000000000000000 ) );
#1756 = DIRECTION( '', ( 0.000000000000000, 0.000000000000000, -1.00000000000000 ) );
#1757 = ORIENTED_EDGE( '', *, *, #2663, .T. );
#1758 = ORIENTED_EDGE( '', *, *, #2664, .F. );
#1759 = ORIENTED_EDGE( '', *, *, #2639, .F. );
#1760 = ORIENTED_EDGE( '', *, *, #2431, .T. );
#1761 = CARTESIAN_POINT( '', ( -0.00130000000000000, 0.000000000000000, -0.000517021268606200 ) );
#1762 = DIRECTION( '', ( -1.00000000000000, 0.000000000000000, 0.000000000000000 ) );
#1763 = DIRECTION( '', ( 0.000000000000000, 0.000000000000000, 1.00000000000000 ) );
#1764 = ORIENTED_EDGE( '', *, *, #2665, .T. );
#1765 = ORIENTED_EDGE( '', *, *, #2666, .F. );
#1766 = ORIENTED_EDGE( '', *, *, #2487, .F. );
#1767 = ORIENTED_EDGE( '', *, *, #2417, .T. );
#1768 = CARTESIAN_POINT( '', ( -0.00120000000238400, 0.000000000000000, -0.000568085110187500 ) );
#1769 = DIRECTION( '', ( 0.000000000000000, 0.000000000000000, 1.00000000000000 ) );
#1770 = DIRECTION( '', ( 1.00000000000000, -0.000000000000000, 0.000000000000000 ) );
#1771 = ORIENTED_EDGE( '', *, *, #2517, .T. );
#1772 = ORIENTED_EDGE( '', *, *, #2667, .F. );
#1773 = ORIENTED_EDGE( '', *, *, #2668, .F. );
#1774 = ORIENTED_EDGE( '', *, *, #2295, .T. );
#1775 = CARTESIAN_POINT( '', ( 0.00125499999880800, 0.000000000000000, -0.000402127656340600 ) );
#1776 = DIRECTION( '', ( -0.967560171616698, 0.000000000000000, 0.252640682197199 ) );
#1777 = DIRECTION( '', ( 0.000000000000000, 1.00000000000000, 0.000000000000000 ) );
#1778 = ORIENTED_EDGE( '', *, *, #2669, .T. );
#1779 = ORIENTED_EDGE( '', *, *, #2670, .F. );
#1780 = ORIENTED_EDGE( '', *, *, #2671, .F. );
#1781 = ORIENTED_EDGE( '', *, *, #2437, .T. );
#1782 = CARTESIAN_POINT( '', ( -0.00112000000000000, 0.000000000000000, -0.000300000000000000 ) );
#1783 = DIRECTION( '', ( 0.000000000000000, 0.000000000000000, 1.00000000000000 ) );
#1784 = DIRECTION( '', ( 1.00000000000000, -0.000000000000000, 0.000000000000000 ) );
#1785 = ORIENTED_EDGE( '', *, *, #2672, .F. );
#1786 = ORIENTED_EDGE( '', *, *, #2556, .F. );
#1787 = ORIENTED_EDGE( '', *, *, #2673, .T. );
#1788 = ORIENTED_EDGE( '', *, *, #2394, .T. );
#1789 = CARTESIAN_POINT( '', ( 0.00110000000000000, 0.000000000000000, 0.000680000000000000 ) );
#1790 = DIRECTION( '', ( 1.00000000000000, 0.000000000000000, 0.000000000000000 ) );
#1791 = DIRECTION( '', ( 0.000000000000000, 1.00000000000000, -0.000000000000000 ) );
#1792 = ORIENTED_EDGE( '', *, *, #2502, .T. );
#1793 = ORIENTED_EDGE( '', *, *, #2674, .F. );
#1794 = ORIENTED_EDGE( '', *, *, #2618, .F. );
#1795 = ORIENTED_EDGE( '', *, *, #2615, .F. );
#1796 = ORIENTED_EDGE( '', *, *, #2675, .T. );
#1797 = ORIENTED_EDGE( '', *, *, #2676, .T. );
#1798 = ORIENTED_EDGE( '', *, *, #2677, .T. );
#1799 = CARTESIAN_POINT( '', ( -0.00168230343637100, 0.000343664271112300, -0.000700000000000000 ) );
#1800 = DIRECTION( '', ( 0.000000000000000, 0.000000000000000, -1.00000000000000 ) );
#1801 = DIRECTION( '', ( 0.000000000000000, -1.00000000000000, 0.000000000000000 ) );
#1802 = ORIENTED_EDGE( '', *, *, #2549, .F. );
#1803 = ORIENTED_EDGE( '', *, *, #2541, .T. );
#1804 = ORIENTED_EDGE( '', *, *, #2404, .T. );
#1805 = ORIENTED_EDGE( '', *, *, #2654, .F. );
#1806 = CARTESIAN_POINT( '', ( -0.00110000000000000, 0.000000000000000, -7.00000000000000E-005 ) );
#1807 = DIRECTION( '', ( -1.00000000000000, 0.000000000000000, 0.000000000000000 ) );
#1808 = DIRECTION( '', ( 0.000000000000000, 0.000000000000000, 1.00000000000000 ) );
#1809 = ORIENTED_EDGE( '', *, *, #2677, .F. );
#1810 = ORIENTED_EDGE( '', *, *, #2678, .T. );
#1811 = ORIENTED_EDGE( '', *, *, #2621, .F. );
#1812 = ORIENTED_EDGE( '', *, *, #2372, .F. );
#1813 = ORIENTED_EDGE( '', *, *, #2559, .F. );
#1814 = CARTESIAN_POINT( '', ( -0.00146000000000000, 0.000120000000000000, -0.00120000000000000 ) );
#1815 = DIRECTION( '', ( -0.000000000000000, 0.000000000000000, -1.00000000000000 ) );
#1816 = DIRECTION( '', ( 0.000000000000000, 1.00000000000000, 0.000000000000000 ) );
#1817 = ORIENTED_EDGE( '', *, *, #2653, .T. );
#1818 = ORIENTED_EDGE( '', *, *, #2402, .T. );
#1819 = ORIENTED_EDGE( '', *, *, #2679, .F. );
#1820 = ORIENTED_EDGE( '', *, *, #2551, .F. );
#1821 = CARTESIAN_POINT( '', ( -0.00110000000000000, 0.000000000000000, -0.00128000000000000 ) );
#1822 = DIRECTION( '', ( 0.000000000000000, 0.000000000000000, -1.00000000000000 ) );
#1823 = DIRECTION( '', ( 0.000000000000000, -1.00000000000000, 0.000000000000000 ) );
#1824 = ORIENTED_EDGE( '', *, *, #2680, .F. );
#1825 = ORIENTED_EDGE( '', *, *, #2610, .F. );
#1826 = ORIENTED_EDGE( '', *, *, #2626, .F. );
#1827 = ORIENTED_EDGE( '', *, *, #2627, .T. );
#1828 = ORIENTED_EDGE( '', *, *, #2577, .T. );
#1829 = ORIENTED_EDGE( '', *, *, #2642, .T. );
#1830 = ORIENTED_EDGE( '', *, *, #2363, .T. );
#1831 = ORIENTED_EDGE( '', *, *, #2681, .F. );
#1832 = CARTESIAN_POINT( '', ( -0.00162500000000000, 5.00000000000000E-005, 0.00120000000000000 ) );
#1833 = DIRECTION( '', ( 0.000000000000000, 0.000000000000000, -1.00000000000000 ) );
#1834 = DIRECTION( '', ( 0.000000000000000, -1.00000000000000, 0.000000000000000 ) );
#1835 = ORIENTED_EDGE( '', *, *, #2571, .T. );
#1836 = ORIENTED_EDGE( '', *, *, #2682, .F. );
#1837 = ORIENTED_EDGE( '', *, *, #2683, .F. );
#1838 = ORIENTED_EDGE( '', *, *, #2412, .T. );
#1839 = CARTESIAN_POINT( '', ( 0.00122999999761600, 0.000000000000000, -0.000600000000000000 ) );
#1840 = DIRECTION( '', ( 0.966234937689470, 0.000000000000000, -0.257662657729492 ) );
#1841 = DIRECTION( '', ( 0.000000000000000, -1.00000000000000, 0.000000000000000 ) );
#1842 = ORIENTED_EDGE( '', *, *, #2682, .T. );
#1843 = ORIENTED_EDGE( '', *, *, #2570, .T. );
#1844 = ORIENTED_EDGE( '', *, *, #2684, .T. );
#1845 = ORIENTED_EDGE( '', *, *, #2584, .T. );
#1846 = ORIENTED_EDGE( '', *, *, #2685, .T. );
#1847 = ORIENTED_EDGE( '', *, *, #2605, .T. );
#1848 = ORIENTED_EDGE( '', *, *, #2464, .T. );
#1849 = ORIENTED_EDGE( '', *, *, #2686, .T. );
#1850 = ORIENTED_EDGE( '', *, *, #2687, .T. );
#1851 = ORIENTED_EDGE( '', *, *, #2667, .T. );
#1852 = ORIENTED_EDGE( '', *, *, #2516, .T. );
#1853 = CARTESIAN_POINT( '', ( 0.000000000000000, -1.00000000000000E-005, 0.000000000000000 ) );
#1854 = DIRECTION( '', ( 0.000000000000000, -1.00000000000000, 0.000000000000000 ) );
#1855 = DIRECTION( '', ( 0.000000000000000, 0.000000000000000, -1.00000000000000 ) );
#1856 = ORIENTED_EDGE( '', *, *, #2606, .T. );
#1857 = ORIENTED_EDGE( '', *, *, #2685, .F. );
#1858 = ORIENTED_EDGE( '', *, *, #2583, .F. );
#1859 = ORIENTED_EDGE( '', *, *, #2408, .T. );
#1860 = CARTESIAN_POINT( '', ( 0.00116000000000000, 0.000000000000000, -0.000376595744490600 ) );
#1861 = DIRECTION( '', ( 0.967560179029822, 0.000000000000000, 0.252640653806506 ) );
#1862 = DIRECTION( '', ( 0.000000000000000, -1.00000000000000, 0.000000000000000 ) );
#1863 = ORIENTED_EDGE( '', *, *, #2496, .F. );
#1864 = ORIENTED_EDGE( '', *, *, #2365, .F. );
#1865 = ORIENTED_EDGE( '', *, *, #2643, .F. );
#1866 = CARTESIAN_POINT( '', ( -0.00150000000000000, 0.000000000000000, 0.000700000000000000 ) );
#1867 = DIRECTION( '', ( 0.000000000000000, 0.000000000000000, 1.00000000000000 ) );
#1868 = DIRECTION( '', ( 1.00000000000000, -0.000000000000000, 0.000000000000000 ) );
#1869 = ORIENTED_EDGE( '', *, *, #2623, .T. );
#1870 = ORIENTED_EDGE( '', *, *, #2688, .F. );
#1871 = ORIENTED_EDGE( '', *, *, #2675, .F. );
#1872 = ORIENTED_EDGE( '', *, *, #2614, .T. );
#1873 = CARTESIAN_POINT( '', ( -0.00169823691748000, 0.000274809175358900, -0.000150000000000000 ) );
#1874 = DIRECTION( '', ( 0.529919264233213, -0.848048096156421, 0.000000000000000 ) );
#1875 = DIRECTION( '', ( 0.000000000000000, 0.000000000000000, -1.00000000000000 ) );
#1876 = ORIENTED_EDGE( '', *, *, #2673, .F. );
#1877 = ORIENTED_EDGE( '', *, *, #2555, .F. );
#1878 = ORIENTED_EDGE( '', *, *, #2652, .T. );
#1879 = ORIENTED_EDGE( '', *, *, #2395, .F. );
#1880 = CARTESIAN_POINT( '', ( 0.000950000000000000, -5.56941776320400E-005, 0.000830000000000000 ) );
#1881 = DIRECTION( '', ( 0.000000000000000, -1.00000000000000, -0.000000000000000 ) );
#1882 = DIRECTION( '', ( 1.00000000000000, 0.000000000000000, 0.000000000000000 ) );
#1883 = ORIENTED_EDGE( '', *, *, #2668, .T. );
#1884 = ORIENTED_EDGE( '', *, *, #2687, .F. );
#1885 = ORIENTED_EDGE( '', *, *, #2515, .F. );
#1886 = ORIENTED_EDGE( '', *, *, #2296, .T. );
#1887 = CARTESIAN_POINT( '', ( 0.00116499999523200, 0.000000000000000, -0.000402127656340600 ) );
#1888 = DIRECTION( '', ( 0.000000000000000, 0.000000000000000, -1.00000000000000 ) );
#1889 = DIRECTION( '', ( 0.000000000000000, -1.00000000000000, 0.000000000000000 ) );
#1890 = ORIENTED_EDGE( '', *, *, #2401, .F. );
#1891 = ORIENTED_EDGE( '', *, *, #2689, .F. );
#1892 = ORIENTED_EDGE( '', *, *, #2552, .F. );
#1893 = ORIENTED_EDGE( '', *, *, #2679, .T. );
#1894 = CARTESIAN_POINT( '', ( 0.000950000000000000, -5.56941776320400E-005, -0.00113000000000000 ) );
#1895 = DIRECTION( '', ( 0.000000000000000, -1.00000000000000, -0.000000000000000 ) );
#1896 = DIRECTION( '', ( 1.00000000000000, 0.000000000000000, 0.000000000000000 ) );
#1897 = ORIENTED_EDGE( '', *, *, #2690, .T. );
#1898 = ORIENTED_EDGE( '', *, *, #2691, .F. );
#1899 = ORIENTED_EDGE( '', *, *, #2459, .T. );
#1900 = CARTESIAN_POINT( '', ( 0.00150000000000000, 0.000000000000000, -0.000700000000000000 ) );
#1901 = DIRECTION( '', ( 0.000000000000000, 0.000000000000000, -1.00000000000000 ) );
#1902 = DIRECTION( '', ( 0.000000000000000, -1.00000000000000, 0.000000000000000 ) );
#1903 = ORIENTED_EDGE( '', *, *, #2482, .T. );
#1904 = ORIENTED_EDGE( '', *, *, #2638, .T. );
#1905 = ORIENTED_EDGE( '', *, *, #2692, .F. );
#1906 = ORIENTED_EDGE( '', *, *, #2345, .F. );
#1907 = CARTESIAN_POINT( '', ( 0.00145000000000000, 0.000340000000000000, -0.000550000000000000 ) );
#1908 = DIRECTION( '', ( -1.00000000000000, 0.000000000000000, 0.000000000000000 ) );
#1909 = DIRECTION( '', ( 0.000000000000000, 0.000000000000000, 1.00000000000000 ) );
#1910 = ORIENTED_EDGE( '', *, *, #2693, .T. );
#1911 = ORIENTED_EDGE( '', *, *, #2694, .F. );
#1912 = ORIENTED_EDGE( '', *, *, #2695, .F. );
#1913 = ORIENTED_EDGE( '', *, *, #2429, .T. );
#1914 = CARTESIAN_POINT( '', ( -0.00129500000476800, 0.000000000000000, -0.000555319154262500 ) );
#1915 = DIRECTION( '', ( -0.787227875096049, 0.000000000000000, -0.616662203051038 ) );
#1916 = DIRECTION( '', ( -0.616662203051038, 0.000000000000000, 0.787227875096049 ) );
#1917 = ORIENTED_EDGE( '', *, *, #2695, .T. );
#1918 = ORIENTED_EDGE( '', *, *, #2696, .F. );
#1919 = ORIENTED_EDGE( '', *, *, #2663, .F. );
#1920 = ORIENTED_EDGE( '', *, *, #2430, .T. );
#1921 = CARTESIAN_POINT( '', ( -0.00130000000000000, 0.000000000000000, -0.000529787242412600 ) );
#1922 = DIRECTION( '', ( -0.981359169059880, 0.000000000000000, -0.192182676904296 ) );
#1923 = DIRECTION( '', ( -0.192182676904296, 0.000000000000000, 0.981359169059880 ) );
#1924 = ORIENTED_EDGE( '', *, *, #2494, .T. );
#1925 = ORIENTED_EDGE( '', *, *, #2697, .F. );
#1926 = ORIENTED_EDGE( '', *, *, #2693, .F. );
#1927 = ORIENTED_EDGE( '', *, *, #2428, .T. );
#1928 = CARTESIAN_POINT( '', ( -0.00127499999523200, 0.000000000000000, -0.000580851066112500 ) );
#1929 = DIRECTION( '', ( -0.538035498493692, 0.000000000000000, -0.842922180489187 ) );
#1930 = DIRECTION( '', ( -0.842922180489187, 0.000000000000000, 0.538035498493692 ) );
#1931 = ORIENTED_EDGE( '', *, *, #2539, .T. );
#1932 = ORIENTED_EDGE( '', *, *, #2698, .T. );
#1933 = ORIENTED_EDGE( '', *, *, #2466, .T. );
#1934 = ORIENTED_EDGE( '', *, *, #2450, .F. );
#1935 = ORIENTED_EDGE( '', *, *, #2490, .T. );
#1936 = ORIENTED_EDGE( '', *, *, #2532, .T. );
#1937 = ORIENTED_EDGE( '', *, *, #2523, .F. );
#1938 = CARTESIAN_POINT( '', ( 0.000000000000000, 0.000100000000000000, 0.000000000000000 ) );
#1939 = DIRECTION( '', ( 0.000000000000000, 1.00000000000000, 0.000000000000000 ) );
#1940 = DIRECTION( '', ( 1.00000000000000, 0.000000000000000, -0.000000000000000 ) );
#1941 = ORIENTED_EDGE( '', *, *, #2699, .F. );
#1942 = ORIENTED_EDGE( '', *, *, #2656, .T. );
#1943 = ORIENTED_EDGE( '', *, *, #2700, .F. );
#1944 = ORIENTED_EDGE( '', *, *, #2567, .F. );
#1945 = ORIENTED_EDGE( '', *, *, #2305, .F. );
#1946 = ORIENTED_EDGE( '', *, *, #2298, .F. );
#1947 = ORIENTED_EDGE( '', *, *, #2701, .T. );
#1948 = CARTESIAN_POINT( '', ( -0.00137500000000000, 0.000000000000000, 0.000493668753130800 ) );
#1949 = DIRECTION( '', ( 0.939692620785897, -0.342020143325699, 0.000000000000000 ) );
#1950 = DIRECTION( '', ( 0.000000000000000, 0.000000000000000, -1.00000000000000 ) );
#1951 = ORIENTED_EDGE( '', *, *, #2377, .T. );
#1952 = ORIENTED_EDGE( '', *, *, #2702, .F. );
#1953 = ORIENTED_EDGE( '', *, *, #2520, .F. );
#1954 = ORIENTED_EDGE( '', *, *, #2644, .F. );
#1955 = ORIENTED_EDGE( '', *, *, #2703, .T. );
#1956 = CARTESIAN_POINT( '', ( 0.00146000000000000, 0.000120000000000000, -0.000700000000000000 ) );
#1957 = DIRECTION( '', ( -0.000000000000000, -0.000000000000000, 1.00000000000000 ) );
#1958 = DIRECTION( '', ( 0.000000000000000, 1.00000000000000, 0.000000000000000 ) );
#1959 = ORIENTED_EDGE( '', *, *, #2646, .T. );
#1960 = ORIENTED_EDGE( '', *, *, #2704, .T. );
#1961 = ORIENTED_EDGE( '', *, *, #2705, .T. );
#1962 = ORIENTED_EDGE( '', *, *, #2706, .F. );
#1963 = CARTESIAN_POINT( '', ( 0.00146000000000000, 0.000120000000000000, -0.000700000000000000 ) );
#1964 = DIRECTION( '', ( -0.000000000000000, -0.000000000000000, 1.00000000000000 ) );
#1965 = DIRECTION( '', ( 0.000000000000000, 1.00000000000000, 0.000000000000000 ) );
#1966 = ORIENTED_EDGE( '', *, *, #2645, .T. );
#1967 = ORIENTED_EDGE( '', *, *, #2510, .F. );
#1968 = ORIENTED_EDGE( '', *, *, #2707, .T. );
#1969 = ORIENTED_EDGE( '', *, *, #2704, .F. );
#1970 = CARTESIAN_POINT( '', ( 0.000675475010171200, -0.00117324402841500, 0.000000000000000 ) );
#1971 = DIRECTION( '', ( -0.848048096156421, 0.529919264233213, 0.000000000000000 ) );
#1972 = DIRECTION( '', ( 0.000000000000000, 0.000000000000000, 1.00000000000000 ) );
#1973 = ORIENTED_EDGE( '', *, *, #2708, .T. );
#1974 = ORIENTED_EDGE( '', *, *, #2709, .T. );
#1975 = ORIENTED_EDGE( '', *, *, #2457, .T. );
#1976 = ORIENTED_EDGE( '', *, *, #2691, .T. );
#1977 = ORIENTED_EDGE( '', *, *, #2710, .F. );
#1978 = ORIENTED_EDGE( '', *, *, #2348, .T. );
#1979 = ORIENTED_EDGE( '', *, *, #2612, .T. );
#1980 = ORIENTED_EDGE( '', *, *, #2447, .F. );
#1981 = ORIENTED_EDGE( '', *, *, #2647, .F. );
#1982 = ORIENTED_EDGE( '', *, *, #2706, .T. );
#1983 = CARTESIAN_POINT( '', ( 0.000000000000000, 0.000100000000000000, 0.000000000000000 ) );
#1984 = DIRECTION( '', ( 0.000000000000000, 1.00000000000000, 0.000000000000000 ) );
#1985 = DIRECTION( '', ( 1.00000000000000, 0.000000000000000, -0.000000000000000 ) );
#1986 = ORIENTED_EDGE( '', *, *, #2374, .T. );
#1987 = ORIENTED_EDGE( '', *, *, #2300, .T. );
#1988 = ORIENTED_EDGE( '', *, *, #2304, .F. );
#1989 = ORIENTED_EDGE( '', *, *, #2560, .T. );
#1990 = CARTESIAN_POINT( '', ( 0.00150000000000000, 0.000000000000000, -0.00130000000000000 ) );
#1991 = DIRECTION( '', ( 0.000000000000000, 0.000000000000000, -1.00000000000000 ) );
#1992 = DIRECTION( '', ( 0.000000000000000, -1.00000000000000, 0.000000000000000 ) );
#1993 = ORIENTED_EDGE( '', *, *, #2660, .F. );
#1994 = ORIENTED_EDGE( '', *, *, #2557, .F. );
#1995 = ORIENTED_EDGE( '', *, *, #2672, .T. );
#1996 = ORIENTED_EDGE( '', *, *, #2393, .F. );
#1997 = CARTESIAN_POINT( '', ( 0.000950000000000000, -5.56941776320400E-005, 0.00113000000000000 ) );
#1998 = DIRECTION( '', ( 0.000000000000000, -1.00000000000000, -0.000000000000000 ) );
#1999 = DIRECTION( '', ( 0.000000000000000, 0.000000000000000, 1.00000000000000 ) );
#2000 = ORIENTED_EDGE( '', *, *, #2354, .T. );
#2001 = ORIENTED_EDGE( '', *, *, #2711, .F. );
#2002 = ORIENTED_EDGE( '', *, *, #2665, .F. );
#2003 = ORIENTED_EDGE( '', *, *, #2416, .T. );
#2004 = CARTESIAN_POINT( '', ( -0.00121999999761600, 0.000000000000000, -0.000568085110187500 ) );
#2005 = DIRECTION( '', ( 0.247383239728699, 0.000000000000000, 0.968917712038196 ) );
#2006 = DIRECTION( '', ( 0.000000000000000, -1.00000000000000, 0.000000000000000 ) );
#2007 = ORIENTED_EDGE( '', *, *, #2712, .T. );
#2008 = ORIENTED_EDGE( '', *, *, #2713, .F. );
#2009 = ORIENTED_EDGE( '', *, *, #2714, .F. );
#2010 = ORIENTED_EDGE( '', *, *, #2434, .T. );
#2011 = CARTESIAN_POINT( '', ( -0.00116000000119200, 0.000000000000000, -0.000331914894282800 ) );
#2012 = DIRECTION( '', ( -0.746940826861898, 0.000000000000000, 0.664890518180899 ) );
#2013 = DIRECTION( '', ( 0.000000000000000, 1.00000000000000, 0.000000000000000 ) );
#2014 = ORIENTED_EDGE( '', *, *, #2714, .T. );
#2015 = ORIENTED_EDGE( '', *, *, #2715, .F. );
#2016 = ORIENTED_EDGE( '', *, *, #2716, .F. );
#2017 = ORIENTED_EDGE( '', *, *, #2435, .T. );
#2018 = CARTESIAN_POINT( '', ( -0.00130000000000000, 0.000000000000000, -0.000331914894282800 ) );
#2019 = DIRECTION( '', ( 0.000000000000000, 0.000000000000000, -1.00000000000000 ) );
#2020 = DIRECTION( '', ( 0.000000000000000, -1.00000000000000, 0.000000000000000 ) );
#2021 = ORIENTED_EDGE( '', *, *, #2716, .T. );
#2022 = ORIENTED_EDGE( '', *, *, #2717, .F. );
#2023 = ORIENTED_EDGE( '', *, *, #2669, .F. );
#2024 = ORIENTED_EDGE( '', *, *, #2436, .T. );
#2025 = CARTESIAN_POINT( '', ( -0.00130000000000000, 0.000000000000000, -0.000300000000000000 ) );
#2026 = DIRECTION( '', ( -1.00000000000000, 0.000000000000000, 0.000000000000000 ) );
#2027 = DIRECTION( '', ( 0.000000000000000, 0.000000000000000, 1.00000000000000 ) );
#2028 = ORIENTED_EDGE( '', *, *, #2489, .T. );
#2029 = ORIENTED_EDGE( '', *, *, #2718, .F. );
#2030 = ORIENTED_EDGE( '', *, *, #2574, .F. );
#2031 = ORIENTED_EDGE( '', *, *, #2419, .T. );
#2032 = CARTESIAN_POINT( '', ( -0.00116000000119200, 0.000000000000000, -0.000548936176300000 ) );
#2033 = DIRECTION( '', ( -0.648118584721020, 0.000000000000000, 0.761539427829723 ) );
#2034 = DIRECTION( '', ( 0.000000000000000, 1.00000000000000, 0.000000000000000 ) );
#2035 = ORIENTED_EDGE( '', *, *, #2719, .T. );
#2036 = ORIENTED_EDGE( '', *, *, #2720, .F. );
#2037 = ORIENTED_EDGE( '', *, *, #2598, .F. );
#2038 = ORIENTED_EDGE( '', *, *, #2414, .T. );
#2039 = CARTESIAN_POINT( '', ( -0.00125999999523200, 0.000000000000000, -0.000491489356756200 ) );
#2040 = DIRECTION( '', ( 0.751706808401370, 0.000000000000000, -0.659497440634174 ) );
#2041 = DIRECTION( '', ( 0.000000000000000, -1.00000000000000, 0.000000000000000 ) );
#2042 = ORIENTED_EDGE( '', *, *, #2576, .T. );
#2043 = ORIENTED_EDGE( '', *, *, #2721, .F. );
#2044 = ORIENTED_EDGE( '', *, *, #2722, .F. );
#2045 = ORIENTED_EDGE( '', *, *, #2421, .T. );
#2046 = CARTESIAN_POINT( '', ( -0.00112500000014900, 0.000000000000000, -0.000529787242412600 ) );
#2047 = DIRECTION( '', ( 0.000000000000000, 0.000000000000000, 1.00000000000000 ) );
#2048 = DIRECTION( '', ( 1.00000000000000, -0.000000000000000, 0.000000000000000 ) );
#2049 = ORIENTED_EDGE( '', *, *, #2722, .T. );
#2050 = ORIENTED_EDGE( '', *, *, #2723, .F. );
#2051 = ORIENTED_EDGE( '', *, *, #2724, .F. );
#2052 = ORIENTED_EDGE( '', *, *, #2422, .T. );
#2053 = CARTESIAN_POINT( '', ( -0.00113000000029800, 0.000000000000000, -0.000555319154262500 ) );
#2054 = DIRECTION( '', ( 0.981359133413016, 0.000000000000000, -0.192182858930903 ) );
#2055 = DIRECTION( '', ( 0.000000000000000, -1.00000000000000, 0.000000000000000 ) );
#2056 = ORIENTED_EDGE( '', *, *, #2724, .T. );
#2057 = ORIENTED_EDGE( '', *, *, #2725, .F. );
#2058 = ORIENTED_EDGE( '', *, *, #2587, .F. );
#2059 = ORIENTED_EDGE( '', *, *, #2423, .T. );
#2060 = CARTESIAN_POINT( '', ( -0.00115000000000000, 0.000000000000000, -0.000580851066112500 ) );
#2061 = DIRECTION( '', ( 0.787228022303191, 0.000000000000000, -0.616662015127093 ) );
#2062 = DIRECTION( '', ( 0.000000000000000, -1.00000000000000, 0.000000000000000 ) );
#2063 = ORIENTED_EDGE( '', *, *, #2561, .F. );
#2064 = ORIENTED_EDGE( '', *, *, #2325, .T. );
#2065 = ORIENTED_EDGE( '', *, *, #2346, .T. );
#2066 = ORIENTED_EDGE( '', *, *, #2710, .T. );
#2067 = ORIENTED_EDGE( '', *, *, #2690, .F. );
#2068 = ORIENTED_EDGE( '', *, *, #2458, .F. );
#2069 = ORIENTED_EDGE( '', *, *, #2709, .F. );
#2070 = CARTESIAN_POINT( '', ( 0.00137500000000000, 0.000000000000000, -0.00234366875313100 ) );
#2071 = DIRECTION( '', ( -0.939692620785897, -0.342020143325699, 0.000000000000000 ) );
#2072 = DIRECTION( '', ( -0.342020143325699, 0.939692620785897, 0.000000000000000 ) );
#2073 = ORIENTED_EDGE( '', *, *, #2726, .T. );
#2074 = ORIENTED_EDGE( '', *, *, #2727, .T. );
#2075 = ORIENTED_EDGE( '', *, *, #2380, .F. );
#2076 = ORIENTED_EDGE( '', *, *, #2444, .F. );
#2077 = CARTESIAN_POINT( '', ( 0.00147500000000000, 5.00000000000000E-005, -0.000150000000000000 ) );
#2078 = DIRECTION( '', ( 0.000000000000000, 0.000000000000000, -1.00000000000000 ) );
#2079 = DIRECTION( '', ( 0.000000000000000, -1.00000000000000, 0.000000000000000 ) );
#2080 = ORIENTED_EDGE( '', *, *, #2603, .T. );
#2081 = ORIENTED_EDGE( '', *, *, #2381, .F. );
#2082 = ORIENTED_EDGE( '', *, *, #2727, .F. );
#2083 = ORIENTED_EDGE( '', *, *, #2728, .T. );
#2084 = CARTESIAN_POINT( '', ( 0.00155000000000000, 0.000000000000000, -0.000150000000000000 ) );
#2085 = DIRECTION( '', ( -1.00000000000000, 0.000000000000000, 0.000000000000000 ) );
#2086 = DIRECTION( '', ( 0.000000000000000, 0.000000000000000, 1.00000000000000 ) );
#2087 = ORIENTED_EDGE( '', *, *, #2604, .T. );
#2088 = ORIENTED_EDGE( '', *, *, #2728, .F. );
#2089 = ORIENTED_EDGE( '', *, *, #2726, .F. );
#2090 = ORIENTED_EDGE( '', *, *, #2453, .F. );
#2091 = CARTESIAN_POINT( '', ( 0.000000000000000, 0.000100000000000000, 0.000000000000000 ) );
#2092 = DIRECTION( '', ( 0.000000000000000, 1.00000000000000, 0.000000000000000 ) );
#2093 = DIRECTION( '', ( 1.00000000000000, 0.000000000000000, -0.000000000000000 ) );
#2094 = ORIENTED_EDGE( '', *, *, #2680, .T. );
#2095 = ORIENTED_EDGE( '', *, *, #2529, .F. );
#2096 = ORIENTED_EDGE( '', *, *, #2650, .T. );
#2097 = ORIENTED_EDGE( '', *, *, #2648, .T. );
#2098 = ORIENTED_EDGE( '', *, *, #2498, .F. );
#2099 = ORIENTED_EDGE( '', *, *, #2629, .F. );
#2100 = ORIENTED_EDGE( '', *, *, #2611, .F. );
#2101 = CARTESIAN_POINT( '', ( 0.000000000000000, 0.000100000000000000, 0.000000000000000 ) );
#2102 = DIRECTION( '', ( 0.000000000000000, 1.00000000000000, 0.000000000000000 ) );
#2103 = DIRECTION( '', ( 1.00000000000000, 0.000000000000000, -0.000000000000000 ) );
#2104 = ORIENTED_EDGE( '', *, *, #2701, .F. );
#2105 = ORIENTED_EDGE( '', *, *, #2620, .T. );
#2106 = ORIENTED_EDGE( '', *, *, #2619, .F. );
#2107 = ORIENTED_EDGE( '', *, *, #2674, .T. );
#2108 = ORIENTED_EDGE( '', *, *, #2501, .F. );
#2109 = ORIENTED_EDGE( '', *, *, #2651, .T. );
#2110 = ORIENTED_EDGE( '', *, *, #2568, .T. );
#2111 = ORIENTED_EDGE( '', *, *, #2700, .T. );
#2112 = ORIENTED_EDGE( '', *, *, #2655, .T. );
#2113 = ORIENTED_EDGE( '', *, *, #2729, .T. );
#2114 = CARTESIAN_POINT( '', ( 0.000000000000000, 0.000100000000000000, 0.000000000000000 ) );
#2115 = DIRECTION( '', ( 0.000000000000000, 1.00000000000000, 0.000000000000000 ) );
#2116 = DIRECTION( '', ( 1.00000000000000, 0.000000000000000, -0.000000000000000 ) );
#2117 = ORIENTED_EDGE( '', *, *, #2699, .T. );
#2118 = ORIENTED_EDGE( '', *, *, #2729, .F. );
#2119 = ORIENTED_EDGE( '', *, *, #2657, .T. );
#2120 = CARTESIAN_POINT( '', ( -0.00113989794855700, 5.00000000000000E-005, -0.000700000000000000 ) );
#2121 = DIRECTION( '', ( 0.000000000000000, 1.00000000000000, -0.000000000000000 ) );
#2122 = DIRECTION( '', ( -1.00000000000000, 0.000000000000000, 0.000000000000000 ) );
#2123 = ORIENTED_EDGE( '', *, *, #2676, .F. );
#2124 = ORIENTED_EDGE( '', *, *, #2688, .T. );
#2125 = ORIENTED_EDGE( '', *, *, #2622, .F. );
#2126 = ORIENTED_EDGE( '', *, *, #2678, .F. );
#2127 = CARTESIAN_POINT( '', ( -0.000760279819786800, -0.00122623595483800, 0.000000000000000 ) );
#2128 = DIRECTION( '', ( 0.848048096156421, 0.529919264233213, 0.000000000000000 ) );
#2129 = DIRECTION( '', ( 0.000000000000000, 0.000000000000000, -1.00000000000000 ) );
#2130 = ORIENTED_EDGE( '', *, *, #2585, .T. );
#2131 = ORIENTED_EDGE( '', *, *, #2684, .F. );
#2132 = ORIENTED_EDGE( '', *, *, #2569, .F. );
#2133 = ORIENTED_EDGE( '', *, *, #2410, .T. );
#2134 = CARTESIAN_POINT( '', ( 0.00128000000000000, 0.000000000000000, -0.000300000000000000 ) );
#2135 = DIRECTION( '', ( -0.967560167986834, 0.000000000000000, 0.252640696098809 ) );
#2136 = DIRECTION( '', ( 0.000000000000000, 1.00000000000000, 0.000000000000000 ) );
#2137 = ORIENTED_EDGE( '', *, *, #2708, .F. );
#2138 = ORIENTED_EDGE( '', *, *, #2705, .F. );
#2139 = ORIENTED_EDGE( '', *, *, #2707, .F. );
#2140 = ORIENTED_EDGE( '', *, *, #2509, .T. );
#2141 = ORIENTED_EDGE( '', *, *, #2518, .T. );
#2142 = ORIENTED_EDGE( '', *, *, #2702, .T. );
#2143 = ORIENTED_EDGE( '', *, *, #2376, .T. );
#2144 = ORIENTED_EDGE( '', *, *, #2562, .F. );
#2145 = CARTESIAN_POINT( '', ( 0.00168212315177200, 5.00000000000000E-005, -0.00120000000000000 ) );
#2146 = DIRECTION( '', ( 0.000000000000000, 0.000000000000000, 1.00000000000000 ) );
#2147 = DIRECTION( '', ( 1.00000000000000, -0.000000000000000, 0.000000000000000 ) );
#2148 = ORIENTED_EDGE( '', *, *, #2445, .F. );
#2149 = ORIENTED_EDGE( '', *, *, #2378, .F. );
#2150 = ORIENTED_EDGE( '', *, *, #2703, .F. );
#2151 = CARTESIAN_POINT( '', ( 0.00150000000000000, 0.000000000000000, -0.000700000000000000 ) );
#2152 = DIRECTION( '', ( 0.000000000000000, 0.000000000000000, -1.00000000000000 ) );
#2153 = DIRECTION( '', ( 0.000000000000000, -1.00000000000000, 0.000000000000000 ) );
#2154 = ORIENTED_EDGE( '', *, *, #2470, .F. );
#2155 = ORIENTED_EDGE( '', *, *, #2524, .T. );
#2156 = ORIENTED_EDGE( '', *, *, #2537, .F. );
#2157 = ORIENTED_EDGE( '', *, *, #2440, .T. );
#2158 = CARTESIAN_POINT( '', ( 0.000760279819786800, -0.00122623595483800, 0.000000000000000 ) );
#2159 = DIRECTION( '', ( -0.848048096156421, 0.529919264233213, 0.000000000000000 ) );
#2160 = DIRECTION( '', ( 0.000000000000000, 0.000000000000000, 1.00000000000000 ) );
#2161 = ORIENTED_EDGE( '', *, *, #2692, .T. );
#2162 = ORIENTED_EDGE( '', *, *, #2637, .F. );
#2163 = ORIENTED_EDGE( '', *, *, #2658, .T. );
#2164 = ORIENTED_EDGE( '', *, *, #2326, .T. );
#2165 = CARTESIAN_POINT( '', ( 0.00130000000000000, 0.000332424380873800, 0.000400000000000000 ) );
#2166 = DIRECTION( '', ( 0.000000000000000, -1.00000000000000, -0.000000000000000 ) );
#2167 = DIRECTION( '', ( 0.000000000000000, 0.000000000000000, 1.00000000000000 ) );
#2168 = ORIENTED_EDGE( '', *, *, #2602, .T. );
#2169 = ORIENTED_EDGE( '', *, *, #2633, .T. );
#2170 = ORIENTED_EDGE( '', *, *, #2662, .F. );
#2171 = ORIENTED_EDGE( '', *, *, #2335, .F. );
#2172 = CARTESIAN_POINT( '', ( -0.00145000000000000, 0.000340000000000000, 0.000550000000000000 ) );
#2173 = DIRECTION( '', ( 1.00000000000000, 0.000000000000000, 0.000000000000000 ) );
#2174 = DIRECTION( '', ( 0.000000000000000, 1.00000000000000, -0.000000000000000 ) );
#2175 = ORIENTED_EDGE( '', *, *, #2538, .T. );
#2176 = ORIENTED_EDGE( '', *, *, #2531, .T. );
#2177 = ORIENTED_EDGE( '', *, *, #2467, .T. );
#2178 = ORIENTED_EDGE( '', *, *, #2698, .F. );
#2179 = CARTESIAN_POINT( '', ( 0.00146000000000000, 0.000120000000000000, 0.00120000000000000 ) );
#2180 = DIRECTION( '', ( -0.000000000000000, -0.000000000000000, 1.00000000000000 ) );
#2181 = DIRECTION( '', ( 0.000000000000000, 1.00000000000000, 0.000000000000000 ) );
#2182 = ORIENTED_EDGE( '', *, *, #2362, .F. );
#2183 = ORIENTED_EDGE( '', *, *, #2730, .F. );
#2184 = ORIENTED_EDGE( '', *, *, #2314, .F. );
#2185 = ORIENTED_EDGE( '', *, *, #2527, .T. );
#2186 = ORIENTED_EDGE( '', *, *, #2681, .T. );
#2187 = CARTESIAN_POINT( '', ( -0.00114237565171000, 0.000346749704124900, 0.00120000000000000 ) );
#2188 = DIRECTION( '', ( 0.342020143325699, 0.939692620785897, -0.000000000000000 ) );
#2189 = DIRECTION( '', ( 0.000000000000000, 0.000000000000000, 1.00000000000000 ) );
#2190 = ORIENTED_EDGE( '', *, *, #2315, .F. );
#2191 = ORIENTED_EDGE( '', *, *, #2730, .T. );
#2192 = ORIENTED_EDGE( '', *, *, #2361, .T. );
#2193 = ORIENTED_EDGE( '', *, *, #2607, .T. );
#2194 = CARTESIAN_POINT( '', ( -0.00150000000000000, 0.000000000000000, 0.00130000000000000 ) );
#2195 = DIRECTION( '', ( 0.000000000000000, 0.000000000000000, 1.00000000000000 ) );
#2196 = DIRECTION( '', ( 1.00000000000000, -0.000000000000000, 0.000000000000000 ) );
#2197 = ORIENTED_EDGE( '', *, *, #2641, .T. );
#2198 = ORIENTED_EDGE( '', *, *, #2731, .F. );
#2199 = ORIENTED_EDGE( '', *, *, #2712, .F. );
#2200 = ORIENTED_EDGE( '', *, *, #2433, .T. );
#2201 = CARTESIAN_POINT( '', ( -0.00128500000000000, 0.000000000000000, -0.000472340422868700 ) );
#2202 = DIRECTION( '', ( -0.886409055553896, 0.000000000000000, 0.462902782700698 ) );
#2203 = DIRECTION( '', ( 0.000000000000000, 1.00000000000000, 0.000000000000000 ) );
#2204 = ORIENTED_EDGE( '', *, *, #2514, .T. );
#2205 = ORIENTED_EDGE( '', *, *, #2732, .F. );
#2206 = ORIENTED_EDGE( '', *, *, #2492, .F. );
#2207 = ORIENTED_EDGE( '', *, *, #2426, .T. );
#2208 = CARTESIAN_POINT( '', ( -0.00122500000000000, 0.000000000000000, -0.000600000000000000 ) );
#2209 = DIRECTION( '', ( 0.000000000000000, 0.000000000000000, -1.00000000000000 ) );
#2210 = DIRECTION( '', ( 0.000000000000000, -1.00000000000000, 0.000000000000000 ) );
#2211 = ORIENTED_EDGE( '', *, *, #2671, .T. );
#2212 = ORIENTED_EDGE( '', *, *, #2733, .F. );
#2213 = ORIENTED_EDGE( '', *, *, #2719, .F. );
#2214 = ORIENTED_EDGE( '', *, *, #2438, .T. );
#2215 = CARTESIAN_POINT( '', ( -0.00112000000000000, 0.000000000000000, -0.000331914894282800 ) );
#2216 = DIRECTION( '', ( 1.00000000000000, 0.000000000000000, 0.000000000000000 ) );
#2217 = DIRECTION( '', ( 0.000000000000000, 1.00000000000000, -0.000000000000000 ) );
#2218 = ORIENTED_EDGE( '', *, *, #2683, .T. );
#2219 = ORIENTED_EDGE( '', *, *, #2686, .F. );
#2220 = ORIENTED_EDGE( '', *, *, #2463, .F. );
#2221 = ORIENTED_EDGE( '', *, *, #2413, .T. );
#2222 = CARTESIAN_POINT( '', ( 0.00119000000000000, 0.000000000000000, -0.000600000000000000 ) );
#2223 = DIRECTION( '', ( 0.000000000000000, 0.000000000000000, -1.00000000000000 ) );
#2224 = DIRECTION( '', ( 0.000000000000000, -1.00000000000000, 0.000000000000000 ) );
#2225 = ORIENTED_EDGE( '', *, *, #2400, .T. );
#2226 = ORIENTED_EDGE( '', *, *, #2536, .F. );
#2227 = ORIENTED_EDGE( '', *, *, #2553, .F. );
#2228 = ORIENTED_EDGE( '', *, *, #2689, .T. );
#2229 = CARTESIAN_POINT( '', ( 0.00110000000000000, 0.000000000000000, -0.00128000000000000 ) );
#2230 = DIRECTION( '', ( 1.00000000000000, 0.000000000000000, 0.000000000000000 ) );
#2231 = DIRECTION( '', ( 0.000000000000000, 1.00000000000000, -0.000000000000000 ) );
#2232 = ORIENTED_EDGE( '', *, *, #2659, .F. );
#2233 = ORIENTED_EDGE( '', *, *, #2635, .T. );
#2234 = ORIENTED_EDGE( '', *, *, #2596, .F. );
#2235 = ORIENTED_EDGE( '', *, *, #2328, .F. );
#2236 = CARTESIAN_POINT( '', ( 0.00117500000000000, 0.000340000000000000, 0.000550000000000000 ) );
#2237 = DIRECTION( '', ( -1.00000000000000, 0.000000000000000, 0.000000000000000 ) );
#2238 = DIRECTION( '', ( 0.000000000000000, 0.000000000000000, 1.00000000000000 ) );
#2239 = ORIENTED_EDGE( '', *, *, #2565, .F. );
#2240 = ORIENTED_EDGE( '', *, *, #2564, .F. );
#2241 = ORIENTED_EDGE( '', *, *, #2506, .T. );
#2242 = ORIENTED_EDGE( '', *, *, #2505, .F. );
#2243 = CARTESIAN_POINT( '', ( 0.000000000000000, 0.000100000000000000, 0.000000000000000 ) );
#2244 = DIRECTION( '', ( 0.000000000000000, 1.00000000000000, 0.000000000000000 ) );
#2245 = DIRECTION( '', ( 1.00000000000000, 0.000000000000000, -0.000000000000000 ) );
#2246 = ORIENTED_EDGE( '', *, *, #2670, .T. );
#2247 = ORIENTED_EDGE( '', *, *, #2717, .T. );
#2248 = ORIENTED_EDGE( '', *, *, #2715, .T. );
#2249 = ORIENTED_EDGE( '', *, *, #2713, .T. );
#2250 = ORIENTED_EDGE( '', *, *, #2731, .T. );
#2251 = ORIENTED_EDGE( '', *, *, #2640, .T. );
#2252 = ORIENTED_EDGE( '', *, *, #2664, .T. );
#2253 = ORIENTED_EDGE( '', *, *, #2696, .T. );
#2254 = ORIENTED_EDGE( '', *, *, #2694, .T. );
#2255 = ORIENTED_EDGE( '', *, *, #2697, .T. );
#2256 = ORIENTED_EDGE( '', *, *, #2493, .T. );
#2257 = ORIENTED_EDGE( '', *, *, #2732, .T. );
#2258 = ORIENTED_EDGE( '', *, *, #2513, .T. );
#2259 = ORIENTED_EDGE( '', *, *, #2588, .T. );
#2260 = ORIENTED_EDGE( '', *, *, #2725, .T. );
#2261 = ORIENTED_EDGE( '', *, *, #2723, .T. );
#2262 = ORIENTED_EDGE( '', *, *, #2721, .T. );
#2263 = ORIENTED_EDGE( '', *, *, #2575, .T. );
#2264 = ORIENTED_EDGE( '', *, *, #2718, .T. );
#2265 = ORIENTED_EDGE( '', *, *, #2488, .T. );
#2266 = ORIENTED_EDGE( '', *, *, #2666, .T. );
#2267 = ORIENTED_EDGE( '', *, *, #2711, .T. );
#2268 = ORIENTED_EDGE( '', *, *, #2353, .T. );
#2269 = ORIENTED_EDGE( '', *, *, #2350, .T. );
#2270 = ORIENTED_EDGE( '', *, *, #2357, .T. );
#2271 = ORIENTED_EDGE( '', *, *, #2599, .T. );
#2272 = ORIENTED_EDGE( '', *, *, #2720, .T. );
#2273 = ORIENTED_EDGE( '', *, *, #2733, .T. );
#2274 = CARTESIAN_POINT( '', ( 0.000000000000000, -1.00000000000000E-005, 0.000000000000000 ) );
#2275 = DIRECTION( '', ( 0.000000000000000, -1.00000000000000, 0.000000000000000 ) );
#2276 = DIRECTION( '', ( 0.000000000000000, 0.000000000000000, -1.00000000000000 ) );
#2277 = ORIENTED_EDGE( '', *, *, #2477, .T. );
#2278 = ORIENTED_EDGE( '', *, *, #2631, .F. );
#2279 = ORIENTED_EDGE( '', *, *, #2483, .F. );
#2280 = ORIENTED_EDGE( '', *, *, #2341, .T. );
#2281 = CARTESIAN_POINT( '', ( 0.00102500000000000, 0.000332424380873800, -0.00110000000000000 ) );
#2282 = DIRECTION( '', ( 0.000000000000000, -1.00000000000000, -0.000000000000000 ) );
#2283 = DIRECTION( '', ( 1.00000000000000, 0.000000000000000, 0.000000000000000 ) );
#2284 = ORIENTED_EDGE( '', *, *, #2485, .F. );
#2285 = CARTESIAN_POINT( '', ( 0.000000000000000, 0.000650000000000000, 0.000000000000000 ) );
#2286 = DIRECTION( '', ( 0.000000000000000, -1.00000000000000, 0.000000000000000 ) );
#2287 = DIRECTION( '', ( 0.000000000000000, 0.000000000000000, -1.00000000000000 ) );
#2288 = ORIENTED_EDGE( '', *, *, #2593, .F. );
#2289 = ORIENTED_EDGE( '', *, *, #2634, .F. );
#2290 = ORIENTED_EDGE( '', *, *, #2600, .T. );
#2291 = ORIENTED_EDGE( '', *, *, #2333, .T. );
#2292 = CARTESIAN_POINT( '', ( -0.00132500000000000, 0.000383866098851700, 0.000698956518577500 ) );
#2293 = DIRECTION( '', ( -0.000000000000000, 1.00000000000000, -0.000000000000000 ) );
#2294 = DIRECTION( '', ( 0.0833333333333286, 0.000000000000000, -0.996521728591784 ) );
#2295 = EDGE_CURVE( '', #2734, #2735, #2736, .T. );
#2296 = EDGE_CURVE( '', #2737, #2734, #2738, .T. );
#2297 = EDGE_CURVE( '', #2735, #2737, #2739, .T. );
#2298 = EDGE_CURVE( '', #2740, #2741, #2742, .T. );
#2299 = EDGE_CURVE( '', #2743, #2741, #2744, .T. );
#2300 = EDGE_CURVE( '', #2745, #2743, #2746, .T. );
#2301 = EDGE_CURVE( '', #2747, #2745, #2748, .T. );
#2302 = EDGE_CURVE( '', #2747, #2740, #2749, .T. );
#2303 = EDGE_CURVE( '', #2750, #2751, #2752, .T. );
#2304 = EDGE_CURVE( '', #2751, #2743, #2753, .T. );
#2305 = EDGE_CURVE( '', #2741, #2754, #2755, .T. );
#2306 = EDGE_CURVE( '', #2754, #2756, #2757, .T. );
#2307 = EDGE_CURVE( '', #2756, #2758, #2759, .T. );
#2308 = EDGE_CURVE( '', #2758, #2760, #2761, .T. );
#2309 = EDGE_CURVE( '', #2760, #2762, #2763, .T. );
#2310 = EDGE_CURVE( '', #2762, #2764, #2765, .T. );
#2311 = EDGE_CURVE( '', #2764, #2766, #2767, .T. );
#2312 = EDGE_CURVE( '', #2766, #2768, #2769, .T. );
#2313 = EDGE_CURVE( '', #2770, #2768, #2771, .T. );
#2314 = EDGE_CURVE( '', #2770, #2772, #2773, .T. );
#2315 = EDGE_CURVE( '', #2772, #2774, #2775, .T. );
#2316 = EDGE_CURVE( '', #2774, #2776, #2777, .T. );
#2317 = EDGE_CURVE( '', #2776, #2778, #2779, .T. );
#2318 = EDGE_CURVE( '', #2778, #2780, #2781, .T. );
#2319 = EDGE_CURVE( '', #2780, #2782, #2783, .T. );
#2320 = EDGE_CURVE( '', #2782, #2784, #2785, .T. );
#2321 = EDGE_CURVE( '', #2784, #2786, #2787, .T. );
#2322 = EDGE_CURVE( '', #2786, #2788, #2789, .T. );
#2323 = EDGE_CURVE( '', #2788, #2790, #2791, .T. );
#2324 = EDGE_CURVE( '', #2790, #2792, #2793, .T. );
#2325 = EDGE_CURVE( '', #2750, #2792, #2794, .T. );
#2326 = EDGE_CURVE( '', #2795, #2796, #2797, .T. );
#2327 = EDGE_CURVE( '', #2798, #2795, #2799, .T. );
#2328 = EDGE_CURVE( '', #2798, #2800, #2801, .T. );
#2329 = EDGE_CURVE( '', #2802, #2800, #2803, .T. );
#2330 = EDGE_CURVE( '', #2802, #2804, #2805, .T. );
#2331 = EDGE_CURVE( '', #2806, #2804, #2807, .T. );
#2332 = EDGE_CURVE( '', #2806, #2808, #2809, .T. );
#2333 = EDGE_CURVE( '', #2810, #2808, #2811, .T. );
#2334 = EDGE_CURVE( '', #2812, #2810, #2813, .T. );
#2335 = EDGE_CURVE( '', #2812, #2814, #2815, .T. );
#2336 = EDGE_CURVE( '', #2816, #2814, #2817, .T. );
#2337 = EDGE_CURVE( '', #2818, #2816, #2819, .T. );
#2338 = EDGE_CURVE( '', #2818, #2820, #2821, .T. );
#2339 = EDGE_CURVE( '', #2822, #2820, #2823, .T. );
#2340 = EDGE_CURVE( '', #2822, #2824, #2825, .T. );
#2341 = EDGE_CURVE( '', #2826, #2824, #2827, .T. );
#2342 = EDGE_CURVE( '', #2826, #2828, #2829, .T. );
#2343 = EDGE_CURVE( '', #2830, #2828, #2831, .T. );
#2344 = EDGE_CURVE( '', #2832, #2830, #2833, .T. );
#2345 = EDGE_CURVE( '', #2832, #2796, #2834, .T. );
#2346 = EDGE_CURVE( '', #2792, #2835, #2836, .T. );
#2347 = EDGE_CURVE( '', #2788, #2837, #2838, .T. );
#2348 = EDGE_CURVE( '', #2835, #2837, #2839, .T. );
#2349 = EDGE_CURVE( '', #2840, #2841, #2842, .T. );
#2350 = EDGE_CURVE( '', #2843, #2841, #2844, .T. );
#2351 = EDGE_CURVE( '', #2845, #2843, #2846, .T. );
#2352 = EDGE_CURVE( '', #2845, #2840, #2847, .T. );
#2353 = EDGE_CURVE( '', #2848, #2843, #2849, .T. );
#2354 = EDGE_CURVE( '', #2850, #2848, #2851, .T. );
#2355 = EDGE_CURVE( '', #2850, #2845, #2852, .T. );
#2356 = EDGE_CURVE( '', #2853, #2854, #2855, .T. );
#2357 = EDGE_CURVE( '', #2841, #2854, #2856, .T. );
#2358 = EDGE_CURVE( '', #2840, #2853, #2857, .T. );
#2359 = EDGE_CURVE( '', #2858, #2859, #2860, .T. );
#2360 = EDGE_CURVE( '', #2858, #2861, #2862, .T. );
#2361 = EDGE_CURVE( '', #2863, #2861, #2864, .T. );
#2362 = EDGE_CURVE( '', #2863, #2865, #2866, .T. );
#2363 = EDGE_CURVE( '', #2867, #2865, #2868, .T. );
#2364 = EDGE_CURVE( '', #2867, #2869, #2870, .T. );
#2365 = EDGE_CURVE( '', #2869, #2871, #2872, .T. );
#2366 = EDGE_CURVE( '', #2871, #2873, #2874, .T. );
#2367 = EDGE_CURVE( '', #2875, #2873, #2876, .T. );
#2368 = EDGE_CURVE( '', #2875, #2877, #2878, .T. );
#2369 = EDGE_CURVE( '', #2877, #2879, #2880, .T. );
#2370 = EDGE_CURVE( '', #2879, #2881, #2882, .T. );
#2371 = EDGE_CURVE( '', #2881, #2883, #2884, .T. );
#2372 = EDGE_CURVE( '', #2883, #2885, #2886, .T. );
#2373 = EDGE_CURVE( '', #2747, #2885, #2887, .T. );
#2374 = EDGE_CURVE( '', #2888, #2745, #2889, .T. );
#2375 = EDGE_CURVE( '', #2888, #2890, #2891, .T. );
#2376 = EDGE_CURVE( '', #2892, #2890, #2893, .T. );
#2377 = EDGE_CURVE( '', #2894, #2892, #2895, .T. );
#2378 = EDGE_CURVE( '', #2894, #2896, #2897, .T. );
#2379 = EDGE_CURVE( '', #2896, #2898, #2899, .T. );
#2380 = EDGE_CURVE( '', #2898, #2900, #2901, .T. );
#2381 = EDGE_CURVE( '', #2900, #2902, #2903, .T. );
#2382 = EDGE_CURVE( '', #2904, #2902, #2905, .T. );
#2383 = EDGE_CURVE( '', #2904, #2906, #2907, .T. );
#2384 = EDGE_CURVE( '', #2906, #2908, #2909, .T. );
#2385 = EDGE_CURVE( '', #2859, #2908, #2910, .T. );
#2386 = EDGE_CURVE( '', #2911, #2912, #2913, .T. );
#2387 = EDGE_CURVE( '', #2914, #2911, #2915, .T. );
#2388 = EDGE_CURVE( '', #2916, #2914, #2917, .T. );
#2389 = EDGE_CURVE( '', #2916, #2918, #2919, .T. );
#2390 = EDGE_CURVE( '', #2920, #2918, #2921, .T. );
#2391 = EDGE_CURVE( '', #2920, #2922, #2923, .T. );
#2392 = EDGE_CURVE( '', #2924, #2922, #2925, .T. );
#2393 = EDGE_CURVE( '', #2924, #2926, #2927, .T. );
#2394 = EDGE_CURVE( '', #2928, #2926, #2929, .T. );
#2395 = EDGE_CURVE( '', #2928, #2930, #2931, .T. );
#2396 = EDGE_CURVE( '', #2932, #2930, #2933, .T. );
#2397 = EDGE_CURVE( '', #2934, #2932, #2935, .T. );
#2398 = EDGE_CURVE( '', #2936, #2934, #2937, .T. );
#2399 = EDGE_CURVE( '', #2938, #2936, #2939, .T. );
#2400 = EDGE_CURVE( '', #2940, #2938, #2941, .T. );
#2401 = EDGE_CURVE( '', #2940, #2942, #2943, .T. );
#2402 = EDGE_CURVE( '', #2944, #2942, #2945, .T. );
#2403 = EDGE_CURVE( '', #2944, #2946, #2947, .T. );
#2404 = EDGE_CURVE( '', #2948, #2946, #2949, .T. );
#2405 = EDGE_CURVE( '', #2912, #2948, #2950, .T. );
#2406 = EDGE_CURVE( '', #2951, #2952, #2953, .T. );
#2407 = EDGE_CURVE( '', #2954, #2951, #2955, .T. );
#2408 = EDGE_CURVE( '', #2956, #2954, #2957, .T. );
#2409 = EDGE_CURVE( '', #2958, #2956, #2959, .T. );
#2410 = EDGE_CURVE( '', #2960, #2958, #2961, .T. );
#2411 = EDGE_CURVE( '', #2962, #2960, #2963, .T. );
#2412 = EDGE_CURVE( '', #2964, #2962, #2965, .T. );
#2413 = EDGE_CURVE( '', #2952, #2964, #2966, .T. );
#2414 = EDGE_CURVE( '', #2967, #2968, #2969, .T. );
#2415 = EDGE_CURVE( '', #2853, #2967, #2970, .T. );
#2416 = EDGE_CURVE( '', #2971, #2850, #2972, .T. );
#2417 = EDGE_CURVE( '', #2973, #2971, #2974, .T. );
#2418 = EDGE_CURVE( '', #2975, #2973, #2976, .T. );
#2419 = EDGE_CURVE( '', #2977, #2975, #2978, .T. );
#2420 = EDGE_CURVE( '', #2979, #2977, #2980, .T. );
#2421 = EDGE_CURVE( '', #2981, #2979, #2982, .T. );
#2422 = EDGE_CURVE( '', #2983, #2981, #2984, .T. );
#2423 = EDGE_CURVE( '', #2985, #2983, #2986, .T. );
#2424 = EDGE_CURVE( '', #2987, #2985, #2988, .T. );
#2425 = EDGE_CURVE( '', #2989, #2987, #2990, .T. );
#2426 = EDGE_CURVE( '', #2991, #2989, #2992, .T. );
#2427 = EDGE_CURVE( '', #2993, #2991, #2994, .T. );
#2428 = EDGE_CURVE( '', #2995, #2993, #2996, .T. );
#2429 = EDGE_CURVE( '', #2997, #2995, #2998, .T. );
#2430 = EDGE_CURVE( '', #2999, #2997, #3000, .T. );
#2431 = EDGE_CURVE( '', #3001, #2999, #3002, .T. );
#2432 = EDGE_CURVE( '', #3003, #3001, #3004, .T. );
#2433 = EDGE_CURVE( '', #3005, #3003, #3006, .T. );
#2434 = EDGE_CURVE( '', #3007, #3005, #3008, .T. );
#2435 = EDGE_CURVE( '', #3009, #3007, #3010, .T. );
#2436 = EDGE_CURVE( '', #3011, #3009, #3012, .T. );
#2437 = EDGE_CURVE( '', #3013, #3011, #3014, .T. );
#2438 = EDGE_CURVE( '', #2968, #3013, #3015, .T. );
#2439 = EDGE_CURVE( '', #3016, #3017, #3018, .T. );
#2440 = EDGE_CURVE( '', #3019, #3016, #3020, .T. );
#2441 = EDGE_CURVE( '', #2859, #3019, #3021, .T. );
#2442 = EDGE_CURVE( '', #3017, #2908, #3022, .T. );
#2443 = EDGE_CURVE( '', #3017, #2906, #3023, .T. );
#2444 = EDGE_CURVE( '', #3024, #2898, #3025, .T. );
#2445 = EDGE_CURVE( '', #2896, #3026, #3027, .T. );
#2446 = EDGE_CURVE( '', #3028, #3026, #3029, .T. );
#2447 = EDGE_CURVE( '', #3028, #3030, #3031, .T. );
#2448 = EDGE_CURVE( '', #3030, #2786, #3032, .T. );
#2449 = EDGE_CURVE( '', #2784, #3033, #3034, .T. );
#2450 = EDGE_CURVE( '', #3033, #3035, #3036, .T. );
#2451 = EDGE_CURVE( '', #3017, #3035, #3037, .T. );
#2452 = EDGE_CURVE( '', #3038, #2904, #3039, .T. );
#2453 = EDGE_CURVE( '', #3038, #3024, #3040, .T. );
#2454 = EDGE_CURVE( '', #2914, #3041, #3042, .T. );
#2455 = EDGE_CURVE( '', #3043, #3041, #3044, .T. );
#2456 = EDGE_CURVE( '', #3043, #2916, #3045, .T. );
#2457 = EDGE_CURVE( '', #3046, #3047, #3048, .T. );
#2458 = EDGE_CURVE( '', #3046, #3049, #3050, .T. );
#2459 = EDGE_CURVE( '', #3047, #3049, #3051, .T. );
#2460 = EDGE_CURVE( '', #2932, #3052, #3053, .T. );
#2461 = EDGE_CURVE( '', #3054, #3052, #3055, .T. );
#2462 = EDGE_CURVE( '', #2934, #3054, #3056, .T. );
#2463 = EDGE_CURVE( '', #2952, #3057, #3058, .T. );
#2464 = EDGE_CURVE( '', #3059, #3057, #3060, .T. );
#2465 = EDGE_CURVE( '', #2951, #3059, #3061, .T. );
#2466 = EDGE_CURVE( '', #3062, #3035, #3063, .T. );
#2467 = EDGE_CURVE( '', #3064, #3062, #3065, .T. );
#2468 = EDGE_CURVE( '', #3066, #3064, #3067, .T. );
#2469 = EDGE_CURVE( '', #3066, #3068, #3069, .T. );
#2470 = EDGE_CURVE( '', #3068, #3016, #3070, .T. );
#2471 = EDGE_CURVE( '', #3071, #2818, #3072, .T. );
#2472 = EDGE_CURVE( '', #3071, #3073, #3074, .T. );
#2473 = EDGE_CURVE( '', #2820, #3073, #3075, .T. );
#2474 = EDGE_CURVE( '', #3076, #3073, #3077, .T. );
#2475 = EDGE_CURVE( '', #2822, #3076, #3078, .T. );
#2476 = EDGE_CURVE( '', #3076, #3079, #3080, .T. );
#2477 = EDGE_CURVE( '', #2824, #3079, #3081, .T. );
#2478 = EDGE_CURVE( '', #3082, #2828, #3083, .T. );
#2479 = EDGE_CURVE( '', #3084, #3082, #3085, .T. );
#2480 = EDGE_CURVE( '', #3084, #2830, #3086, .T. );
#2481 = EDGE_CURVE( '', #3087, #3084, #3088, .T. );
#2482 = EDGE_CURVE( '', #2832, #3087, #3089, .T. );
#2483 = EDGE_CURVE( '', #2826, #3090, #3091, .T. );
#2484 = EDGE_CURVE( '', #3090, #3082, #3092, .T. );
#2485 = EDGE_CURVE( '', #3093, #3093, #3094, .T. );
#2486 = EDGE_CURVE( '', #3095, #3095, #3096, .T. );
#2487 = EDGE_CURVE( '', #2973, #3097, #3098, .T. );
#2488 = EDGE_CURVE( '', #3099, #3097, #3100, .T. );
#2489 = EDGE_CURVE( '', #2975, #3099, #3101, .T. );
#2490 = EDGE_CURVE( '', #3033, #3102, #3103, .T. );
#2491 = EDGE_CURVE( '', #2782, #3102, #3104, .T. );
#2492 = EDGE_CURVE( '', #2991, #3105, #3106, .T. );
#2493 = EDGE_CURVE( '', #3107, #3105, #3108, .T. );
#2494 = EDGE_CURVE( '', #2993, #3107, #3109, .T. );
#2495 = EDGE_CURVE( '', #3110, #2873, #3111, .T. );
#2496 = EDGE_CURVE( '', #2871, #3112, #3113, .T. );
#2497 = EDGE_CURVE( '', #3114, #3112, #3115, .T. );
#2498 = EDGE_CURVE( '', #3114, #3116, #3117, .T. );
#2499 = EDGE_CURVE( '', #3116, #2762, #3118, .T. );
#2500 = EDGE_CURVE( '', #2760, #3119, #3120, .T. );
#2501 = EDGE_CURVE( '', #3119, #3121, #3122, .T. );
#2502 = EDGE_CURVE( '', #3123, #3121, #3124, .T. );
#2503 = EDGE_CURVE( '', #3123, #2881, #3125, .T. );
#2504 = EDGE_CURVE( '', #3126, #2879, #3127, .T. );
#2505 = EDGE_CURVE( '', #3126, #3110, #3128, .T. );
#2506 = EDGE_CURVE( '', #3129, #3110, #3130, .T. );
#2507 = EDGE_CURVE( '', #3129, #2875, #3131, .T. );
#2508 = EDGE_CURVE( '', #3132, #3133, #3134, .T. );
#2509 = EDGE_CURVE( '', #3135, #3132, #3136, .T. );
#2510 = EDGE_CURVE( '', #3135, #3137, #3138, .T. );
#2511 = EDGE_CURVE( '', #3137, #3133, #3139, .T. );
#2512 = EDGE_CURVE( '', #2987, #3140, #3141, .T. );
#2513 = EDGE_CURVE( '', #3142, #3140, #3143, .T. );
#2514 = EDGE_CURVE( '', #2989, #3142, #3144, .T. );
#2515 = EDGE_CURVE( '', #2737, #3145, #3146, .T. );
#2516 = EDGE_CURVE( '', #3147, #3145, #3148, .T. );
#2517 = EDGE_CURVE( '', #2735, #3147, #3149, .T. );
#2518 = EDGE_CURVE( '', #3132, #3150, #3151, .T. );
#2519 = EDGE_CURVE( '', #3152, #3133, #3153, .T. );
#2520 = EDGE_CURVE( '', #3152, #3150, #3154, .T. );
#2521 = EDGE_CURVE( '', #2778, #3155, #3156, .T. );
#2522 = EDGE_CURVE( '', #3157, #2776, #3158, .T. );
#2523 = EDGE_CURVE( '', #3157, #3155, #3159, .T. );
#2524 = EDGE_CURVE( '', #3068, #3160, #3161, .T. );
#2525 = EDGE_CURVE( '', #3066, #3162, #3163, .T. );
#2526 = EDGE_CURVE( '', #3162, #3160, #3164, .T. );
#2527 = EDGE_CURVE( '', #2770, #3165, #3166, .T. );
#2528 = EDGE_CURVE( '', #2768, #3167, #3168, .T. );
#2529 = EDGE_CURVE( '', #3167, #3165, #3169, .T. );
#2530 = EDGE_CURVE( '', #3170, #3162, #3171, .T. );
#2531 = EDGE_CURVE( '', #3170, #3064, #3172, .T. );
#2532 = EDGE_CURVE( '', #3102, #3155, #3173, .T. );
#2533 = EDGE_CURVE( '', #3174, #3054, #3175, .T. );
#2534 = EDGE_CURVE( '', #3174, #2936, #3176, .T. );
#2535 = EDGE_CURVE( '', #3177, #3174, #3178, .T. );
#2536 = EDGE_CURVE( '', #3177, #2938, #3179, .T. );
#2537 = EDGE_CURVE( '', #3019, #3160, #3180, .T. );
#2538 = EDGE_CURVE( '', #3181, #3170, #3182, .T. );
#2539 = EDGE_CURVE( '', #3157, #3181, #3183, .T. );
#2540 = EDGE_CURVE( '', #2858, #3157, #3184, .T. );
#2541 = EDGE_CURVE( '', #3185, #2948, #3186, .T. );
#2542 = EDGE_CURVE( '', #3187, #3185, #3188, .T. );
#2543 = EDGE_CURVE( '', #3187, #2912, #3189, .T. );
#2544 = EDGE_CURVE( '', #3190, #3191, #3192, .T. );
#2545 = EDGE_CURVE( '', #3191, #3193, #3194, .T. );
#2546 = EDGE_CURVE( '', #3193, #3043, #3195, .T. );
#2547 = EDGE_CURVE( '', #3041, #3196, #3197, .T. );
#2548 = EDGE_CURVE( '', #3196, #3187, #3198, .T. );
#2549 = EDGE_CURVE( '', #3185, #3199, #3200, .T. );
#2550 = EDGE_CURVE( '', #3199, #3201, #3202, .T. );
#2551 = EDGE_CURVE( '', #3201, #3203, #3204, .T. );
#2552 = EDGE_CURVE( '', #3203, #3205, #3206, .T. );
#2553 = EDGE_CURVE( '', #3205, #3177, #3207, .T. );
#2554 = EDGE_CURVE( '', #3052, #3208, #3209, .T. );
#2555 = EDGE_CURVE( '', #3208, #3210, #3211, .T. );
#2556 = EDGE_CURVE( '', #3210, #3212, #3213, .T. );
#2557 = EDGE_CURVE( '', #3212, #3214, #3215, .T. );
#2558 = EDGE_CURVE( '', #3214, #3190, #3216, .T. );
#2559 = EDGE_CURVE( '', #3123, #2883, #3217, .T. );
#2560 = EDGE_CURVE( '', #2751, #2888, #3218, .T. );
#2561 = EDGE_CURVE( '', #2750, #3219, #3220, .T. );
#2562 = EDGE_CURVE( '', #3219, #2890, #3221, .T. );
#2563 = EDGE_CURVE( '', #3222, #2877, #3223, .T. );
#2564 = EDGE_CURVE( '', #3129, #3222, #3224, .T. );
#2565 = EDGE_CURVE( '', #3222, #3126, #3225, .T. );
#2566 = EDGE_CURVE( '', #2758, #3226, #3227, .T. );
#2567 = EDGE_CURVE( '', #2754, #3228, #3229, .T. );
#2568 = EDGE_CURVE( '', #3226, #3228, #3230, .T. );
#2569 = EDGE_CURVE( '', #2960, #3231, #3232, .T. );
#2570 = EDGE_CURVE( '', #3233, #3231, #3234, .T. );
#2571 = EDGE_CURVE( '', #2962, #3233, #3235, .T. );
#2572 = EDGE_CURVE( '', #3193, #2918, #3236, .T. );
#2573 = EDGE_CURVE( '', #3191, #2920, #3237, .T. );
#2574 = EDGE_CURVE( '', #2977, #3238, #3239, .T. );
#2575 = EDGE_CURVE( '', #3240, #3238, #3241, .T. );
#2576 = EDGE_CURVE( '', #2979, #3240, #3242, .T. );
#2577 = EDGE_CURVE( '', #3243, #3244, #3245, .T. );
#2578 = EDGE_CURVE( '', #3243, #3246, #3247, .T. );
#2579 = EDGE_CURVE( '', #3248, #3246, #3249, .T. );
#2580 = EDGE_CURVE( '', #3244, #3248, #3250, .T. );
#2581 = EDGE_CURVE( '', #3251, #2816, #3252, .T. );
#2582 = EDGE_CURVE( '', #3071, #3251, #3253, .T. );
#2583 = EDGE_CURVE( '', #2956, #3254, #3255, .T. );
#2584 = EDGE_CURVE( '', #3256, #3254, #3257, .T. );
#2585 = EDGE_CURVE( '', #2958, #3256, #3258, .T. );
#2586 = EDGE_CURVE( '', #2911, #3196, #3259, .T. );
#2587 = EDGE_CURVE( '', #2985, #3260, #3261, .T. );
#2588 = EDGE_CURVE( '', #3140, #3260, #3262, .T. );
#2589 = EDGE_CURVE( '', #2804, #3263, #3264, .T. );
#2590 = EDGE_CURVE( '', #3265, #3263, #3266, .T. );
#2591 = EDGE_CURVE( '', #2806, #3265, #3267, .T. );
#2592 = EDGE_CURVE( '', #3265, #3268, #3269, .T. );
#2593 = EDGE_CURVE( '', #3268, #2808, #3270, .T. );
#2594 = EDGE_CURVE( '', #2802, #3271, #3272, .T. );
#2595 = EDGE_CURVE( '', #3271, #3263, #3273, .T. );
#2596 = EDGE_CURVE( '', #2800, #3274, #3275, .T. );
#2597 = EDGE_CURVE( '', #3271, #3274, #3276, .T. );
#2598 = EDGE_CURVE( '', #2967, #3277, #3278, .T. );
#2599 = EDGE_CURVE( '', #2854, #3277, #3279, .T. );
#2600 = EDGE_CURVE( '', #3280, #2810, #3281, .T. );
#2601 = EDGE_CURVE( '', #3282, #3280, #3283, .T. );
#2602 = EDGE_CURVE( '', #2812, #3282, #3284, .T. );
#2603 = EDGE_CURVE( '', #3285, #2902, #3286, .T. );
#2604 = EDGE_CURVE( '', #3038, #3285, #3287, .T. );
#2605 = EDGE_CURVE( '', #3288, #3059, #3289, .T. );
#2606 = EDGE_CURVE( '', #2954, #3288, #3290, .T. );
#2607 = EDGE_CURVE( '', #2861, #2774, #3291, .T. );
#2608 = EDGE_CURVE( '', #3292, #3293, #3294, .T. );
#2609 = EDGE_CURVE( '', #3295, #3293, #3296, .T. );
#2610 = EDGE_CURVE( '', #3295, #3297, #3298, .T. );
#2611 = EDGE_CURVE( '', #3297, #3292, #3299, .T. );
#2612 = EDGE_CURVE( '', #2837, #3030, #3300, .T. );
#2613 = EDGE_CURVE( '', #3301, #3302, #3303, .T. );
#2614 = EDGE_CURVE( '', #3304, #3302, #3305, .T. );
#2615 = EDGE_CURVE( '', #3304, #3306, #3307, .T. );
#2616 = EDGE_CURVE( '', #3306, #3301, #3308, .T. );
#2617 = EDGE_CURVE( '', #3309, #3301, #3310, .T. );
#2618 = EDGE_CURVE( '', #3306, #3311, #3312, .T. );
#2619 = EDGE_CURVE( '', #3311, #3309, #3313, .T. );
#2620 = EDGE_CURVE( '', #2740, #3309, #3314, .T. );
#2621 = EDGE_CURVE( '', #2885, #3315, #3316, .T. );
#2622 = EDGE_CURVE( '', #3315, #3317, #3318, .T. );
#2623 = EDGE_CURVE( '', #3302, #3317, #3319, .T. );
#2624 = EDGE_CURVE( '', #3293, #3320, #3321, .T. );
#2625 = EDGE_CURVE( '', #3322, #3320, #3323, .T. );
#2626 = EDGE_CURVE( '', #3322, #3295, #3324, .T. );
#2627 = EDGE_CURVE( '', #3322, #3243, #3325, .T. );
#2628 = EDGE_CURVE( '', #3320, #3246, #3326, .T. );
#2629 = EDGE_CURVE( '', #3292, #3114, #3327, .T. );
#2630 = EDGE_CURVE( '', #3112, #3248, #3328, .T. );
#2631 = EDGE_CURVE( '', #3090, #3079, #3329, .T. );
#2632 = EDGE_CURVE( '', #3251, #3330, #3331, .T. );
#2633 = EDGE_CURVE( '', #3282, #3330, #3332, .T. );
#2634 = EDGE_CURVE( '', #3280, #3268, #3333, .T. );
#2635 = EDGE_CURVE( '', #3334, #3274, #3335, .T. );
#2636 = EDGE_CURVE( '', #3334, #3336, #3337, .T. );
#2637 = EDGE_CURVE( '', #3336, #3338, #3339, .T. );
#2638 = EDGE_CURVE( '', #3087, #3338, #3340, .T. );
#2639 = EDGE_CURVE( '', #3001, #3341, #3342, .T. );
#2640 = EDGE_CURVE( '', #3343, #3341, #3344, .T. );
#2641 = EDGE_CURVE( '', #3003, #3343, #3345, .T. );
#2642 = EDGE_CURVE( '', #3244, #2867, #3346, .T. );
#2643 = EDGE_CURVE( '', #3112, #2869, #3347, .T. );
#2644 = EDGE_CURVE( '', #3026, #3152, #3348, .T. );
#2645 = EDGE_CURVE( '', #3349, #3137, #3350, .T. );
#2646 = EDGE_CURVE( '', #3351, #3349, #3352, .T. );
#2647 = EDGE_CURVE( '', #3351, #3028, #3353, .T. );
#2648 = EDGE_CURVE( '', #3354, #3116, #3355, .T. );
#2649 = EDGE_CURVE( '', #2764, #3354, #3356, .T. );
#2650 = EDGE_CURVE( '', #3167, #3354, #3357, .T. );
#2651 = EDGE_CURVE( '', #3119, #3226, #3358, .T. );
#2652 = EDGE_CURVE( '', #3208, #2930, #3359, .T. );
#2653 = EDGE_CURVE( '', #3201, #2944, #3360, .T. );
#2654 = EDGE_CURVE( '', #3199, #2946, #3361, .T. );
#2655 = EDGE_CURVE( '', #3362, #3363, #3364, .T. );
#2656 = EDGE_CURVE( '', #3365, #3362, #3366, .T. );
#2657 = EDGE_CURVE( '', #3363, #3365, #3367, .T. );
#2658 = EDGE_CURVE( '', #3336, #2795, #3368, .T. );
#2659 = EDGE_CURVE( '', #3334, #2798, #3369, .T. );
#2660 = EDGE_CURVE( '', #3214, #2924, #3370, .T. );
#2661 = EDGE_CURVE( '', #3190, #2922, #3371, .T. );
#2662 = EDGE_CURVE( '', #2814, #3330, #3372, .T. );
#2663 = EDGE_CURVE( '', #2999, #3373, #3374, .T. );
#2664 = EDGE_CURVE( '', #3341, #3373, #3375, .T. );
#2665 = EDGE_CURVE( '', #2971, #3376, #3377, .T. );
#2666 = EDGE_CURVE( '', #3097, #3376, #3378, .T. );
#2667 = EDGE_CURVE( '', #3379, #3147, #3380, .T. );
#2668 = EDGE_CURVE( '', #2734, #3379, #3381, .T. );
#2669 = EDGE_CURVE( '', #3011, #3382, #3383, .T. );
#2670 = EDGE_CURVE( '', #3384, #3382, #3385, .T. );
#2671 = EDGE_CURVE( '', #3013, #3384, #3386, .T. );
#2672 = EDGE_CURVE( '', #3212, #2926, #3387, .T. );
#2673 = EDGE_CURVE( '', #3210, #2928, #3388, .T. );
#2674 = EDGE_CURVE( '', #3311, #3121, #3389, .T. );
#2675 = EDGE_CURVE( '', #3304, #3390, #3391, .T. );
#2676 = EDGE_CURVE( '', #3390, #3392, #3393, .T. );
#2677 = EDGE_CURVE( '', #3392, #3123, #3394, .T. );
#2678 = EDGE_CURVE( '', #3392, #3315, #3395, .T. );
#2679 = EDGE_CURVE( '', #3203, #2942, #3396, .T. );
#2680 = EDGE_CURVE( '', #3297, #3165, #3397, .T. );
#2681 = EDGE_CURVE( '', #3165, #2865, #3398, .T. );
#2682 = EDGE_CURVE( '', #3399, #3233, #3400, .T. );
#2683 = EDGE_CURVE( '', #2964, #3399, #3401, .T. );
#2684 = EDGE_CURVE( '', #3231, #3256, #3402, .T. );
#2685 = EDGE_CURVE( '', #3254, #3288, #3403, .T. );
#2686 = EDGE_CURVE( '', #3057, #3399, #3404, .T. );
#2687 = EDGE_CURVE( '', #3145, #3379, #3405, .T. );
#2688 = EDGE_CURVE( '', #3390, #3317, #3406, .T. );
#2689 = EDGE_CURVE( '', #3205, #2940, #3407, .T. );
#2690 = EDGE_CURVE( '', #3049, #3408, #3409, .T. );
#2691 = EDGE_CURVE( '', #3047, #3408, #3410, .T. );
#2692 = EDGE_CURVE( '', #2796, #3338, #3411, .T. );
#2693 = EDGE_CURVE( '', #2995, #3412, #3413, .T. );
#2694 = EDGE_CURVE( '', #3414, #3412, #3415, .T. );
#2695 = EDGE_CURVE( '', #2997, #3414, #3416, .T. );
#2696 = EDGE_CURVE( '', #3373, #3414, #3417, .T. );
#2697 = EDGE_CURVE( '', #3412, #3107, #3418, .T. );
#2698 = EDGE_CURVE( '', #3181, #3062, #3419, .T. );
#2699 = EDGE_CURVE( '', #3365, #3420, #3421, .T. );
#2700 = EDGE_CURVE( '', #3228, #3362, #3422, .T. );
#2701 = EDGE_CURVE( '', #2740, #3420, #3423, .T. );
#2702 = EDGE_CURVE( '', #3150, #2892, #3424, .T. );
#2703 = EDGE_CURVE( '', #3026, #2894, #3425, .T. );
#2704 = EDGE_CURVE( '', #3349, #3426, #3427, .T. );
#2705 = EDGE_CURVE( '', #3426, #3428, #3429, .T. );
#2706 = EDGE_CURVE( '', #3351, #3428, #3430, .T. );
#2707 = EDGE_CURVE( '', #3135, #3426, #3431, .T. );
#2708 = EDGE_CURVE( '', #3428, #3219, #3432, .T. );
#2709 = EDGE_CURVE( '', #3219, #3046, #3433, .T. );
#2710 = EDGE_CURVE( '', #2835, #3408, #3434, .T. );
#2711 = EDGE_CURVE( '', #3376, #2848, #3435, .T. );
#2712 = EDGE_CURVE( '', #3005, #3436, #3437, .T. );
#2713 = EDGE_CURVE( '', #3438, #3436, #3439, .T. );
#2714 = EDGE_CURVE( '', #3007, #3438, #3440, .T. );
#2715 = EDGE_CURVE( '', #3441, #3438, #3442, .T. );
#2716 = EDGE_CURVE( '', #3009, #3441, #3443, .T. );
#2717 = EDGE_CURVE( '', #3382, #3441, #3444, .T. );
#2718 = EDGE_CURVE( '', #3238, #3099, #3445, .T. );
#2719 = EDGE_CURVE( '', #2968, #3446, #3447, .T. );
#2720 = EDGE_CURVE( '', #3277, #3446, #3448, .T. );
#2721 = EDGE_CURVE( '', #3449, #3240, #3450, .T. );
#2722 = EDGE_CURVE( '', #2981, #3449, #3451, .T. );
#2723 = EDGE_CURVE( '', #3452, #3449, #3453, .T. );
#2724 = EDGE_CURVE( '', #2983, #3452, #3454, .T. );
#2725 = EDGE_CURVE( '', #3260, #3452, #3455, .T. );
#2726 = EDGE_CURVE( '', #3024, #3456, #3457, .T. );
#2727 = EDGE_CURVE( '', #3456, #2900, #3458, .T. );
#2728 = EDGE_CURVE( '', #3456, #3285, #3459, .T. );
#2729 = EDGE_CURVE( '', #3363, #3420, #3460, .T. );
#2730 = EDGE_CURVE( '', #2772, #2863, #3461, .T. );
#2731 = EDGE_CURVE( '', #3436, #3343, #3462, .T. );
#2732 = EDGE_CURVE( '', #3105, #3142, #3463, .T. );
#2733 = EDGE_CURVE( '', #3446, #3384, #3464, .T. );
#2734 = VERTEX_POINT( '', #3465 );
#2735 = VERTEX_POINT( '', #3466 );
#2736 = LINE( '', #3467, #3468 );
#2737 = VERTEX_POINT( '', #3469 );
#2738 = LINE( '', #3470, #3471 );
#2739 = LINE( '', #3472, #3473 );
#2740 = VERTEX_POINT( '', #3474 );
#2741 = VERTEX_POINT( '', #3475 );
#2742 = LINE( '', #3476, #3477 );
#2743 = VERTEX_POINT( '', #3478 );
#2744 = B_SPLINE_CURVE_WITH_KNOTS( '', 2, ( #3479, #3480, #3481, #3482, #3483, #3484, #3485 ), .UNSPECIFIED., .F., .F., ( 3, 2, 2, 3 ), ( 0.000000000000000, 0.500000000000000, 0.750000000000000, 1.00000000000000 ), .UNSPECIFIED. );
#2745 = VERTEX_POINT( '', #3486 );
#2746 = LINE( '', #3487, #3488 );
#2747 = VERTEX_POINT( '', #3489 );
#2748 = B_SPLINE_CURVE_WITH_KNOTS( '', 2, ( #3490, #3491, #3492, #3493, #3494 ), .UNSPECIFIED., .F., .F., ( 3, 2, 3 ), ( 0.000000000000000, 0.500000000000000, 1.00000000000000 ), .UNSPECIFIED. );
#2749 = LINE( '', #3495, #3496 );
#2750 = VERTEX_POINT( '', #3497 );
#2751 = VERTEX_POINT( '', #3498 );
#2752 = B_SPLINE_CURVE_WITH_KNOTS( '', 2, ( #3499, #3500, #3501, #3502, #3503 ), .UNSPECIFIED., .F., .F., ( 3, 2, 3 ), ( 0.000000000000000, 0.500000000000000, 1.00000000000000 ), .UNSPECIFIED. );
#2753 = LINE( '', #3504, #3505 );
#2754 = VERTEX_POINT( '', #3506 );
#2755 = LINE( '', #3507, #3508 );
#2756 = VERTEX_POINT( '', #3509 );
#2757 = B_SPLINE_CURVE_WITH_KNOTS( '', 2, ( #3510, #3511, #3512, #3513, #3514, #3515, #3516 ), .UNSPECIFIED., .F., .F., ( 3, 2, 2, 3 ), ( 0.000000000000000, 0.500000000000000, 0.750000000000000, 1.00000000000000 ), .UNSPECIFIED. );
#2758 = VERTEX_POINT( '', #3517 );
#2759 = B_SPLINE_CURVE_WITH_KNOTS( '', 1, ( #3518, #3519 ), .UNSPECIFIED., .F., .F., ( 2, 2 ), ( 0.000000000000000, 1.00000000000000 ), .UNSPECIFIED. );
#2760 = VERTEX_POINT( '', #3520 );
#2761 = CIRCLE( '', #3521, 0.000100000000000000 );
#2762 = VERTEX_POINT( '', #3522 );
#2763 = LINE( '', #3523, #3524 );
#2764 = VERTEX_POINT( '', #3525 );
#2765 = CIRCLE( '', #3526, 0.000100000000000000 );
#2766 = VERTEX_POINT( '', #3527 );
#2767 = B_SPLINE_CURVE_WITH_KNOTS( '', 1, ( #3528, #3529 ), .UNSPECIFIED., .F., .F., ( 2, 2 ), ( 0.000000000000000, 1.00000000000000 ), .UNSPECIFIED. );
#2768 = VERTEX_POINT( '', #3530 );
#2769 = B_SPLINE_CURVE_WITH_KNOTS( '', 2, ( #3531, #3532, #3533, #3534, #3535, #3536, #3537, #3538, #3539 ), .UNSPECIFIED., .F., .F., ( 3, 2, 2, 2, 3 ), ( 0.000000000000000, 0.250000000000000, 0.500000000000000, 0.750000000000000, 1.00000000000000 ), .UNSPECIFIED. );
#2770 = VERTEX_POINT( '', #3540 );
#2771 = LINE( '', #3541, #3542 );
#2772 = VERTEX_POINT( '', #3543 );
#2773 = B_SPLINE_CURVE_WITH_KNOTS( '', 2, ( #3544, #3545, #3546, #3547, #3548 ), .UNSPECIFIED., .F., .F., ( 3, 2, 3 ), ( 0.000000000000000, 0.500000000000000, 1.00000000000000 ), .UNSPECIFIED. );
#2774 = VERTEX_POINT( '', #3549 );
#2775 = LINE( '', #3550, #3551 );
#2776 = VERTEX_POINT( '', #3552 );
#2777 = B_SPLINE_CURVE_WITH_KNOTS( '', 2, ( #3553, #3554, #3555, #3556, #3557, #3558, #3559 ), .UNSPECIFIED., .F., .F., ( 3, 2, 2, 3 ), ( 0.000000000000000, 0.500000000000000, 0.750000000000000, 1.00000000000000 ), .UNSPECIFIED. );
#2778 = VERTEX_POINT( '', #3560 );
#2779 = LINE( '', #3561, #3562 );
#2780 = VERTEX_POINT( '', #3563 );
#2781 = B_SPLINE_CURVE_WITH_KNOTS( '', 2, ( #3564, #3565, #3566, #3567, #3568, #3569, #3570 ), .UNSPECIFIED., .F., .F., ( 3, 2, 2, 3 ), ( 0.000000000000000, 0.500000000000000, 0.750000000000000, 1.00000000000000 ), .UNSPECIFIED. );
#2782 = VERTEX_POINT( '', #3571 );
#2783 = B_SPLINE_CURVE_WITH_KNOTS( '', 1, ( #3572, #3573 ), .UNSPECIFIED., .F., .F., ( 2, 2 ), ( 0.000000000000000, 1.00000000000000 ), .UNSPECIFIED. );
#2784 = VERTEX_POINT( '', #3574 );
#2785 = CIRCLE( '', #3575, 0.000100000000000000 );
#2786 = VERTEX_POINT( '', #3576 );
#2787 = LINE( '', #3577, #3578 );
#2788 = VERTEX_POINT( '', #3579 );
#2789 = CIRCLE( '', #3580, 0.000100000000000000 );
#2790 = VERTEX_POINT( '', #3581 );
#2791 = B_SPLINE_CURVE_WITH_KNOTS( '', 1, ( #3582, #3583 ), .UNSPECIFIED., .F., .F., ( 2, 2 ), ( 0.000000000000000, 1.00000000000000 ), .UNSPECIFIED. );
#2792 = VERTEX_POINT( '', #3584 );
#2793 = B_SPLINE_CURVE_WITH_KNOTS( '', 2, ( #3585, #3586, #3587, #3588, #3589, #3590, #3591, #3592, #3593 ), .UNSPECIFIED., .F., .F., ( 3, 2, 2, 2, 3 ), ( 0.000000000000000, 0.250000000000000, 0.500000000000000, 0.750000000000000, 1.00000000000000 ), .UNSPECIFIED. );
#2794 = LINE( '', #3594, #3595 );
#2795 = VERTEX_POINT( '', #3596 );
#2796 = VERTEX_POINT( '', #3597 );
#2797 = CIRCLE( '', #3598, 0.000150000000000000 );
#2798 = VERTEX_POINT( '', #3599 );
#2799 = CIRCLE( '', #3600, 0.000150000000000000 );
#2800 = VERTEX_POINT( '', #3601 );
#2801 = LINE( '', #3602, #3603 );
#2802 = VERTEX_POINT( '', #3604 );
#2803 = CIRCLE( '', #3605, 0.000150000000000000 );
#2804 = VERTEX_POINT( '', #3606 );
#2805 = LINE( '', #3607, #3608 );
#2806 = VERTEX_POINT( '', #3609 );
#2807 = CIRCLE( '', #3610, 0.000150000000000000 );
#2808 = VERTEX_POINT( '', #3611 );
#2809 = LINE( '', #3612, #3613 );
#2810 = VERTEX_POINT( '', #3614 );
#2811 = CIRCLE( '', #3615, 0.000150000000000000 );
#2812 = VERTEX_POINT( '', #3616 );
#2813 = CIRCLE( '', #3617, 0.000150000000000000 );
#2814 = VERTEX_POINT( '', #3618 );
#2815 = LINE( '', #3619, #3620 );
#2816 = VERTEX_POINT( '', #3621 );
#2817 = CIRCLE( '', #3622, 0.000150000000000000 );
#2818 = VERTEX_POINT( '', #3623 );
#2819 = CIRCLE( '', #3624, 0.000150000000000000 );
#2820 = VERTEX_POINT( '', #3625 );
#2821 = LINE( '', #3626, #3627 );
#2822 = VERTEX_POINT( '', #3628 );
#2823 = CIRCLE( '', #3629, 0.000150000000000000 );
#2824 = VERTEX_POINT( '', #3630 );
#2825 = LINE( '', #3631, #3632 );
#2826 = VERTEX_POINT( '', #3633 );
#2827 = CIRCLE( '', #3634, 0.000150000000000000 );
#2828 = VERTEX_POINT( '', #3635 );
#2829 = LINE( '', #3636, #3637 );
#2830 = VERTEX_POINT( '', #3638 );
#2831 = CIRCLE( '', #3639, 0.000150000000000000 );
#2832 = VERTEX_POINT( '', #3640 );
#2833 = CIRCLE( '', #3641, 0.000150000000000000 );
#2834 = LINE( '', #3642, #3643 );
#2835 = VERTEX_POINT( '', #3644 );
#2836 = B_SPLINE_CURVE_WITH_KNOTS( '', 3, ( #3645, #3646, #3647, #3648, #3649, #3650 ), .UNSPECIFIED., .F., .F., ( 4, 1, 1, 4 ), ( 0.000000000000000, 0.333333333333300, 0.666666666666700, 1.00000000000000 ), .UNSPECIFIED. );
#2837 = VERTEX_POINT( '', #3651 );
#2838 = B_SPLINE_CURVE_WITH_KNOTS( '', 3, ( #3652, #3653, #3654, #3655, #3656, #3657 ), .UNSPECIFIED., .F., .F., ( 4, 1, 1, 4 ), ( 0.000000000000000, 0.333333333333300, 0.666666666666700, 1.00000000000000 ), .UNSPECIFIED. );
#2839 = B_SPLINE_CURVE_WITH_KNOTS( '', 3, ( #3658, #3659, #3660, #3661, #3662, #3663, #3664, #3665, #3666, #3667, #3668, #3669 ), .UNSPECIFIED., .F., .F., ( 4, 1, 1, 1, 1, 1, 1, 1, 1, 4 ), ( 0.000000000000000, 0.111111111111100, 0.222222222222200, 0.333333333333300, 0.444444444444400, 0.555555555555600, 0.666666666666700, 0.777777777777800, 0.888888888888900, 1.00000000000000 ), .UNSPECIFIED. );
#2840 = VERTEX_POINT( '', #3670 );
#2841 = VERTEX_POINT( '', #3671 );
#2842 = LINE( '', #3672, #3673 );
#2843 = VERTEX_POINT( '', #3674 );
#2844 = LINE( '', #3675, #3676 );
#2845 = VERTEX_POINT( '', #3677 );
#2846 = LINE( '', #3678, #3679 );
#2847 = LINE( '', #3680, #3681 );
#2848 = VERTEX_POINT( '', #3682 );
#2849 = LINE( '', #3683, #3684 );
#2850 = VERTEX_POINT( '', #3685 );
#2851 = LINE( '', #3686, #3687 );
#2852 = LINE( '', #3688, #3689 );
#2853 = VERTEX_POINT( '', #3690 );
#2854 = VERTEX_POINT( '', #3691 );
#2855 = LINE( '', #3692, #3693 );
#2856 = LINE( '', #3694, #3695 );
#2857 = LINE( '', #3696, #3697 );
#2858 = VERTEX_POINT( '', #3698 );
#2859 = VERTEX_POINT( '', #3699 );
#2860 = LINE( '', #3700, #3701 );
#2861 = VERTEX_POINT( '', #3702 );
#2862 = B_SPLINE_CURVE_WITH_KNOTS( '', 2, ( #3703, #3704, #3705, #3706, #3707 ), .UNSPECIFIED., .F., .F., ( 3, 2, 3 ), ( 0.000000000000000, 0.500000000000000, 1.00000000000000 ), .UNSPECIFIED. );
#2863 = VERTEX_POINT( '', #3708 );
#2864 = LINE( '', #3709, #3710 );
#2865 = VERTEX_POINT( '', #3711 );
#2866 = B_SPLINE_CURVE_WITH_KNOTS( '', 2, ( #3712, #3713, #3714, #3715, #3716, #3717, #3718 ), .UNSPECIFIED., .F., .F., ( 3, 2, 2, 3 ), ( 0.000000000000000, 0.500000000000000, 0.750000000000000, 1.00000000000000 ), .UNSPECIFIED. );
#2867 = VERTEX_POINT( '', #3719 );
#2868 = LINE( '', #3720, #3721 );
#2869 = VERTEX_POINT( '', #3722 );
#2870 = LINE( '', #3723, #3724 );
#2871 = VERTEX_POINT( '', #3725 );
#2872 = LINE( '', #3726, #3727 );
#2873 = VERTEX_POINT( '', #3728 );
#2874 = LINE( '', #3729, #3730 );
#2875 = VERTEX_POINT( '', #3731 );
#2876 = LINE( '', #3732, #3733 );
#2877 = VERTEX_POINT( '', #3734 );
#2878 = LINE( '', #3735, #3736 );
#2879 = VERTEX_POINT( '', #3737 );
#2880 = LINE( '', #3738, #3739 );
#2881 = VERTEX_POINT( '', #3740 );
#2882 = LINE( '', #3741, #3742 );
#2883 = VERTEX_POINT( '', #3743 );
#2884 = LINE( '', #3744, #3745 );
#2885 = VERTEX_POINT( '', #3746 );
#2886 = LINE( '', #3747, #3748 );
#2887 = LINE( '', #3749, #3750 );
#2888 = VERTEX_POINT( '', #3751 );
#2889 = LINE( '', #3752, #3753 );
#2890 = VERTEX_POINT( '', #3754 );
#2891 = B_SPLINE_CURVE_WITH_KNOTS( '', 2, ( #3755, #3756, #3757, #3758, #3759, #3760, #3761 ), .UNSPECIFIED., .F., .F., ( 3, 2, 2, 3 ), ( 0.000000000000000, 0.500000000000000, 0.750000000000000, 1.00000000000000 ), .UNSPECIFIED. );
#2892 = VERTEX_POINT( '', #3762 );
#2893 = LINE( '', #3763, #3764 );
#2894 = VERTEX_POINT( '', #3765 );
#2895 = LINE( '', #3766, #3767 );
#2896 = VERTEX_POINT( '', #3768 );
#2897 = LINE( '', #3769, #3770 );
#2898 = VERTEX_POINT( '', #3771 );
#2899 = LINE( '', #3772, #3773 );
#2900 = VERTEX_POINT( '', #3774 );
#2901 = LINE( '', #3775, #3776 );
#2902 = VERTEX_POINT( '', #3777 );
#2903 = LINE( '', #3778, #3779 );
#2904 = VERTEX_POINT( '', #3780 );
#2905 = LINE( '', #3781, #3782 );
#2906 = VERTEX_POINT( '', #3783 );
#2907 = LINE( '', #3784, #3785 );
#2908 = VERTEX_POINT( '', #3786 );
#2909 = LINE( '', #3787, #3788 );
#2910 = LINE( '', #3789, #3790 );
#2911 = VERTEX_POINT( '', #3791 );
#2912 = VERTEX_POINT( '', #3792 );
#2913 = LINE( '', #3793, #3794 );
#2914 = VERTEX_POINT( '', #3795 );
#2915 = LINE( '', #3796, #3797 );
#2916 = VERTEX_POINT( '', #3798 );
#2917 = LINE( '', #3799, #3800 );
#2918 = VERTEX_POINT( '', #3801 );
#2919 = CIRCLE( '', #3802, 0.000150000000000000 );
#2920 = VERTEX_POINT( '', #3803 );
#2921 = LINE( '', #3804, #3805 );
#2922 = VERTEX_POINT( '', #3806 );
#2923 = CIRCLE( '', #3807, 0.000150000000000000 );
#2924 = VERTEX_POINT( '', #3808 );
#2925 = LINE( '', #3809, #3810 );
#2926 = VERTEX_POINT( '', #3811 );
#2927 = CIRCLE( '', #3812, 0.000150000000000000 );
#2928 = VERTEX_POINT( '', #3813 );
#2929 = LINE( '', #3814, #3815 );
#2930 = VERTEX_POINT( '', #3816 );
#2931 = CIRCLE( '', #3817, 0.000150000000000000 );
#2932 = VERTEX_POINT( '', #3818 );
#2933 = LINE( '', #3819, #3820 );
#2934 = VERTEX_POINT( '', #3821 );
#2935 = LINE( '', #3822, #3823 );
#2936 = VERTEX_POINT( '', #3824 );
#2937 = LINE( '', #3825, #3826 );
#2938 = VERTEX_POINT( '', #3827 );
#2939 = CIRCLE( '', #3828, 0.000150000000000000 );
#2940 = VERTEX_POINT( '', #3829 );
#2941 = LINE( '', #3830, #3831 );
#2942 = VERTEX_POINT( '', #3832 );
#2943 = CIRCLE( '', #3833, 0.000150000000000000 );
#2944 = VERTEX_POINT( '', #3834 );
#2945 = LINE( '', #3835, #3836 );
#2946 = VERTEX_POINT( '', #3837 );
#2947 = CIRCLE( '', #3838, 0.000150000000000000 );
#2948 = VERTEX_POINT( '', #3839 );
#2949 = LINE( '', #3840, #3841 );
#2950 = CIRCLE( '', #3842, 0.000150000000000000 );
#2951 = VERTEX_POINT( '', #3843 );
#2952 = VERTEX_POINT( '', #3844 );
#2953 = LINE( '', #3845, #3846 );
#2954 = VERTEX_POINT( '', #3847 );
#2955 = LINE( '', #3848, #3849 );
#2956 = VERTEX_POINT( '', #3850 );
#2957 = LINE( '', #3851, #3852 );
#2958 = VERTEX_POINT( '', #3853 );
#2959 = LINE( '', #3854, #3855 );
#2960 = VERTEX_POINT( '', #3856 );
#2961 = LINE( '', #3857, #3858 );
#2962 = VERTEX_POINT( '', #3859 );
#2963 = LINE( '', #3860, #3861 );
#2964 = VERTEX_POINT( '', #3862 );
#2965 = LINE( '', #3863, #3864 );
#2966 = LINE( '', #3865, #3866 );
#2967 = VERTEX_POINT( '', #3867 );
#2968 = VERTEX_POINT( '', #3868 );
#2969 = LINE( '', #3869, #3870 );
#2970 = LINE( '', #3871, #3872 );
#2971 = VERTEX_POINT( '', #3873 );
#2972 = LINE( '', #3874, #3875 );
#2973 = VERTEX_POINT( '', #3876 );
#2974 = LINE( '', #3877, #3878 );
#2975 = VERTEX_POINT( '', #3879 );
#2976 = LINE( '', #3880, #3881 );
#2977 = VERTEX_POINT( '', #3882 );
#2978 = LINE( '', #3883, #3884 );
#2979 = VERTEX_POINT( '', #3885 );
#2980 = LINE( '', #3886, #3887 );
#2981 = VERTEX_POINT( '', #3888 );
#2982 = LINE( '', #3889, #3890 );
#2983 = VERTEX_POINT( '', #3891 );
#2984 = LINE( '', #3892, #3893 );
#2985 = VERTEX_POINT( '', #3894 );
#2986 = LINE( '', #3895, #3896 );
#2987 = VERTEX_POINT( '', #3897 );
#2988 = LINE( '', #3898, #3899 );
#2989 = VERTEX_POINT( '', #3900 );
#2990 = LINE( '', #3901, #3902 );
#2991 = VERTEX_POINT( '', #3903 );
#2992 = LINE( '', #3904, #3905 );
#2993 = VERTEX_POINT( '', #3906 );
#2994 = LINE( '', #3907, #3908 );
#2995 = VERTEX_POINT( '', #3909 );
#2996 = LINE( '', #3910, #3911 );
#2997 = VERTEX_POINT( '', #3912 );
#2998 = LINE( '', #3913, #3914 );
#2999 = VERTEX_POINT( '', #3915 );
#3000 = LINE( '', #3916, #3917 );
#3001 = VERTEX_POINT( '', #3918 );
#3002 = LINE( '', #3919, #3920 );
#3003 = VERTEX_POINT( '', #3921 );
#3004 = LINE( '', #3922, #3923 );
#3005 = VERTEX_POINT( '', #3924 );
#3006 = LINE( '', #3925, #3926 );
#3007 = VERTEX_POINT( '', #3927 );
#3008 = LINE( '', #3928, #3929 );
#3009 = VERTEX_POINT( '', #3930 );
#3010 = LINE( '', #3931, #3932 );
#3011 = VERTEX_POINT( '', #3933 );
#3012 = LINE( '', #3934, #3935 );
#3013 = VERTEX_POINT( '', #3936 );
#3014 = LINE( '', #3937, #3938 );
#3015 = LINE( '', #3939, #3940 );
#3016 = VERTEX_POINT( '', #3941 );
#3017 = VERTEX_POINT( '', #3942 );
#3018 = CIRCLE( '', #3943, 0.000120000000000000 );
#3019 = VERTEX_POINT( '', #3944 );
#3020 = LINE( '', #3945, #3946 );
#3021 = CIRCLE( '', #3947, 0.000120000000000000 );
#3022 = CIRCLE( '', #3948, 0.000120000000000000 );
#3023 = LINE( '', #3949, #3950 );
#3024 = VERTEX_POINT( '', #3951 );
#3025 = LINE( '', #3952, #3953 );
#3026 = VERTEX_POINT( '', #3954 );
#3027 = LINE( '', #3955, #3956 );
#3028 = VERTEX_POINT( '', #3957 );
#3029 = LINE( '', #3958, #3959 );
#3030 = VERTEX_POINT( '', #3960 );
#3031 = LINE( '', #3961, #3962 );
#3032 = LINE( '', #3963, #3964 );
#3033 = VERTEX_POINT( '', #3965 );
#3034 = LINE( '', #3966, #3967 );
#3035 = VERTEX_POINT( '', #3968 );
#3036 = LINE( '', #3969, #3970 );
#3037 = LINE( '', #3971, #3972 );
#3038 = VERTEX_POINT( '', #3973 );
#3039 = LINE( '', #3974, #3975 );
#3040 = LINE( '', #3976, #3977 );
#3041 = VERTEX_POINT( '', #3978 );
#3042 = LINE( '', #3979, #3980 );
#3043 = VERTEX_POINT( '', #3981 );
#3044 = LINE( '', #3982, #3983 );
#3045 = LINE( '', #3984, #3985 );
#3046 = VERTEX_POINT( '', #3986 );
#3047 = VERTEX_POINT( '', #3987 );
#3048 = CIRCLE( '', #3988, 0.000200000000000000 );
#3049 = VERTEX_POINT( '', #3989 );
#3050 = B_SPLINE_CURVE_WITH_KNOTS( '', 3, ( #3990, #3991, #3992, #3993 ), .UNSPECIFIED., .F., .F., ( 4, 4 ), ( 0.000000000000000, 1.00000000000000 ), .UNSPECIFIED. );
#3051 = LINE( '', #3994, #3995 );
#3052 = VERTEX_POINT( '', #3996 );
#3053 = LINE( '', #3997, #3998 );
#3054 = VERTEX_POINT( '', #3999 );
#3055 = LINE( '', #4000, #4001 );
#3056 = LINE( '', #4002, #4003 );
#3057 = VERTEX_POINT( '', #4004 );
#3058 = LINE( '', #4005, #4006 );
#3059 = VERTEX_POINT( '', #4007 );
#3060 = LINE( '', #4008, #4009 );
#3061 = LINE( '', #4010, #4011 );
#3062 = VERTEX_POINT( '', #4012 );
#3063 = LINE( '', #4013, #4014 );
#3064 = VERTEX_POINT( '', #4015 );
#3065 = CIRCLE( '', #4016, 2.00000000000000E-005 );
#3066 = VERTEX_POINT( '', #4017 );
#3067 = LINE( '', #4018, #4019 );
#3068 = VERTEX_POINT( '', #4020 );
#3069 = LINE( '', #4021, #4022 );
#3070 = LINE( '', #4023, #4024 );
#3071 = VERTEX_POINT( '', #4025 );
#3072 = LINE( '', #4026, #4027 );
#3073 = VERTEX_POINT( '', #4028 );
#3074 = LINE( '', #4029, #4030 );
#3075 = LINE( '', #4031, #4032 );
#3076 = VERTEX_POINT( '', #4033 );
#3077 = CIRCLE( '', #4034, 0.000150000000000000 );
#3078 = LINE( '', #4035, #4036 );
#3079 = VERTEX_POINT( '', #4037 );
#3080 = LINE( '', #4038, #4039 );
#3081 = LINE( '', #4040, #4041 );
#3082 = VERTEX_POINT( '', #4042 );
#3083 = LINE( '', #4043, #4044 );
#3084 = VERTEX_POINT( '', #4045 );
#3085 = CIRCLE( '', #4046, 0.000150000000000000 );
#3086 = LINE( '', #4047, #4048 );
#3087 = VERTEX_POINT( '', #4049 );
#3088 = CIRCLE( '', #4050, 0.000150000000000000 );
#3089 = LINE( '', #4051, #4052 );
#3090 = VERTEX_POINT( '', #4053 );
#3091 = LINE( '', #4054, #4055 );
#3092 = LINE( '', #4056, #4057 );
#3093 = VERTEX_POINT( '', #4058 );
#3094 = CIRCLE( '', #4059, 0.000407099235904000 );
#3095 = VERTEX_POINT( '', #4060 );
#3096 = CIRCLE( '', #4061, 0.00105709923590400 );
#3097 = VERTEX_POINT( '', #4062 );
#3098 = LINE( '', #4063, #4064 );
#3099 = VERTEX_POINT( '', #4065 );
#3100 = LINE( '', #4066, #4067 );
#3101 = LINE( '', #4068, #4069 );
#3102 = VERTEX_POINT( '', #4070 );
#3103 = CIRCLE( '', #4071, 0.000100000000000000 );
#3104 = B_SPLINE_CURVE_WITH_KNOTS( '', 3, ( #4072, #4073, #4074, #4075, #4076, #4077 ), .UNSPECIFIED., .F., .F., ( 4, 1, 1, 4 ), ( 0.000000000000000, 0.333333333333300, 0.666666666666700, 1.00000000000000 ), .UNSPECIFIED. );
#3105 = VERTEX_POINT( '', #4078 );
#3106 = LINE( '', #4079, #4080 );
#3107 = VERTEX_POINT( '', #4081 );
#3108 = LINE( '', #4082, #4083 );
#3109 = LINE( '', #4084, #4085 );
#3110 = VERTEX_POINT( '', #4086 );
#3111 = LINE( '', #4087, #4088 );
#3112 = VERTEX_POINT( '', #4089 );
#3113 = LINE( '', #4090, #4091 );
#3114 = VERTEX_POINT( '', #4092 );
#3115 = LINE( '', #4093, #4094 );
#3116 = VERTEX_POINT( '', #4095 );
#3117 = LINE( '', #4096, #4097 );
#3118 = LINE( '', #4098, #4099 );
#3119 = VERTEX_POINT( '', #4100 );
#3120 = LINE( '', #4101, #4102 );
#3121 = VERTEX_POINT( '', #4103 );
#3122 = LINE( '', #4104, #4105 );
#3123 = VERTEX_POINT( '', #4106 );
#3124 = LINE( '', #4107, #4108 );
#3125 = LINE( '', #4109, #4110 );
#3126 = VERTEX_POINT( '', #4111 );
#3127 = LINE( '', #4112, #4113 );
#3128 = LINE( '', #4114, #4115 );
#3129 = VERTEX_POINT( '', #4116 );
#3130 = LINE( '', #4117, #4118 );
#3131 = LINE( '', #4119, #4120 );
#3132 = VERTEX_POINT( '', #4121 );
#3133 = VERTEX_POINT( '', #4122 );
#3134 = LINE( '', #4123, #4124 );
#3135 = VERTEX_POINT( '', #4125 );
#3136 = LINE( '', #4126, #4127 );
#3137 = VERTEX_POINT( '', #4128 );
#3138 = LINE( '', #4129, #4130 );
#3139 = LINE( '', #4131, #4132 );
#3140 = VERTEX_POINT( '', #4133 );
#3141 = LINE( '', #4134, #4135 );
#3142 = VERTEX_POINT( '', #4136 );
#3143 = LINE( '', #4137, #4138 );
#3144 = LINE( '', #4139, #4140 );
#3145 = VERTEX_POINT( '', #4141 );
#3146 = LINE( '', #4142, #4143 );
#3147 = VERTEX_POINT( '', #4144 );
#3148 = LINE( '', #4145, #4146 );
#3149 = LINE( '', #4147, #4148 );
#3150 = VERTEX_POINT( '', #4149 );
#3151 = LINE( '', #4150, #4151 );
#3152 = VERTEX_POINT( '', #4152 );
#3153 = LINE( '', #4153, #4154 );
#3154 = LINE( '', #4155, #4156 );
#3155 = VERTEX_POINT( '', #4157 );
#3156 = B_SPLINE_CURVE_WITH_KNOTS( '', 3, ( #4158, #4159, #4160, #4161, #4162, #4163 ), .UNSPECIFIED., .F., .F., ( 4, 1, 1, 4 ), ( 0.000000000000000, 0.333333333333300, 0.666666666666700, 1.00000000000000 ), .UNSPECIFIED. );
#3157 = VERTEX_POINT( '', #4164 );
#3158 = LINE( '', #4165, #4166 );
#3159 = LINE( '', #4167, #4168 );
#3160 = VERTEX_POINT( '', #4169 );
#3161 = LINE( '', #4170, #4171 );
#3162 = VERTEX_POINT( '', #4172 );
#3163 = LINE( '', #4173, #4174 );
#3164 = LINE( '', #4175, #4176 );
#3165 = VERTEX_POINT( '', #4177 );
#3166 = LINE( '', #4178, #4179 );
#3167 = VERTEX_POINT( '', #4180 );
#3168 = B_SPLINE_CURVE_WITH_KNOTS( '', 3, ( #4181, #4182, #4183, #4184, #4185, #4186 ), .UNSPECIFIED., .F., .F., ( 4, 1, 1, 4 ), ( 0.000000000000000, 0.333333333333300, 0.666666666666700, 1.00000000000000 ), .UNSPECIFIED. );
#3169 = LINE( '', #4187, #4188 );
#3170 = VERTEX_POINT( '', #4189 );
#3171 = LINE( '', #4190, #4191 );
#3172 = LINE( '', #4192, #4193 );
#3173 = B_SPLINE_CURVE_WITH_KNOTS( '', 3, ( #4194, #4195, #4196, #4197, #4198, #4199, #4200, #4201, #4202, #4203, #4204, #4205 ), .UNSPECIFIED., .F., .F., ( 4, 1, 1, 1, 1, 1, 1, 1, 1, 4 ), ( 0.000000000000000, 0.111111111111100, 0.222222222222200, 0.333333333333300, 0.444444444444400, 0.555555555555600, 0.666666666666700, 0.777777777777800, 0.888888888888900, 1.00000000000000 ), .UNSPECIFIED. );
#3174 = VERTEX_POINT( '', #4206 );
#3175 = LINE( '', #4207, #4208 );
#3176 = LINE( '', #4209, #4210 );
#3177 = VERTEX_POINT( '', #4211 );
#3178 = CIRCLE( '', #4212, 0.000150000000000000 );
#3179 = LINE( '', #4213, #4214 );
#3180 = LINE( '', #4215, #4216 );
#3181 = VERTEX_POINT( '', #4217 );
#3182 = CIRCLE( '', #4218, 2.00000000000000E-005 );
#3183 = LINE( '', #4219, #4220 );
#3184 = LINE( '', #4221, #4222 );
#3185 = VERTEX_POINT( '', #4223 );
#3186 = LINE( '', #4224, #4225 );
#3187 = VERTEX_POINT( '', #4226 );
#3188 = CIRCLE( '', #4227, 0.000150000000000000 );
#3189 = LINE( '', #4228, #4229 );
#3190 = VERTEX_POINT( '', #4230 );
#3191 = VERTEX_POINT( '', #4231 );
#3192 = CIRCLE( '', #4232, 0.000150000000000000 );
#3193 = VERTEX_POINT( '', #4233 );
#3194 = LINE( '', #4234, #4235 );
#3195 = CIRCLE( '', #4236, 0.000150000000000000 );
#3196 = VERTEX_POINT( '', #4237 );
#3197 = LINE( '', #4238, #4239 );
#3198 = LINE( '', #4240, #4241 );
#3199 = VERTEX_POINT( '', #4242 );
#3200 = LINE( '', #4243, #4244 );
#3201 = VERTEX_POINT( '', #4245 );
#3202 = CIRCLE( '', #4246, 0.000150000000000000 );
#3203 = VERTEX_POINT( '', #4247 );
#3204 = LINE( '', #4248, #4249 );
#3205 = VERTEX_POINT( '', #4250 );
#3206 = CIRCLE( '', #4251, 0.000150000000000000 );
#3207 = LINE( '', #4252, #4253 );
#3208 = VERTEX_POINT( '', #4254 );
#3209 = LINE( '', #4255, #4256 );
#3210 = VERTEX_POINT( '', #4257 );
#3211 = CIRCLE( '', #4258, 0.000150000000000000 );
#3212 = VERTEX_POINT( '', #4259 );
#3213 = LINE( '', #4260, #4261 );
#3214 = VERTEX_POINT( '', #4262 );
#3215 = CIRCLE( '', #4263, 0.000150000000000000 );
#3216 = LINE( '', #4264, #4265 );
#3217 = CIRCLE( '', #4266, 0.000120000000000000 );
#3218 = LINE( '', #4267, #4268 );
#3219 = VERTEX_POINT( '', #4269 );
#3220 = LINE( '', #4270, #4271 );
#3221 = LINE( '', #4272, #4273 );
#3222 = VERTEX_POINT( '', #4274 );
#3223 = LINE( '', #4275, #4276 );
#3224 = LINE( '', #4277, #4278 );
#3225 = LINE( '', #4279, #4280 );
#3226 = VERTEX_POINT( '', #4281 );
#3227 = B_SPLINE_CURVE_WITH_KNOTS( '', 3, ( #4282, #4283, #4284, #4285, #4286, #4287 ), .UNSPECIFIED., .F., .F., ( 4, 1, 1, 4 ), ( 0.000000000000000, 0.333333333333300, 0.666666666666700, 1.00000000000000 ), .UNSPECIFIED. );
#3228 = VERTEX_POINT( '', #4288 );
#3229 = B_SPLINE_CURVE_WITH_KNOTS( '', 3, ( #4289, #4290, #4291, #4292, #4293, #4294 ), .UNSPECIFIED., .F., .F., ( 4, 1, 1, 4 ), ( 0.000000000000000, 0.333333333333300, 0.666666666666700, 1.00000000000000 ), .UNSPECIFIED. );
#3230 = B_SPLINE_CURVE_WITH_KNOTS( '', 3, ( #4295, #4296, #4297, #4298, #4299, #4300, #4301, #4302, #4303, #4304, #4305, #4306 ), .UNSPECIFIED., .F., .F., ( 4, 1, 1, 1, 1, 1, 1, 1, 1, 4 ), ( 0.000000000000000, 0.111111111111100, 0.222222222222200, 0.333333333333300, 0.444444444444400, 0.555555555555600, 0.666666666666700, 0.777777777777800, 0.888888888888900, 1.00000000000000 ), .UNSPECIFIED. );
#3231 = VERTEX_POINT( '', #4307 );
#3232 = LINE( '', #4308, #4309 );
#3233 = VERTEX_POINT( '', #4310 );
#3234 = LINE( '', #4311, #4312 );
#3235 = LINE( '', #4313, #4314 );
#3236 = LINE( '', #4315, #4316 );
#3237 = LINE( '', #4317, #4318 );
#3238 = VERTEX_POINT( '', #4319 );
#3239 = LINE( '', #4320, #4321 );
#3240 = VERTEX_POINT( '', #4322 );
#3241 = LINE( '', #4323, #4324 );
#3242 = LINE( '', #4325, #4326 );
#3243 = VERTEX_POINT( '', #4327 );
#3244 = VERTEX_POINT( '', #4328 );
#3245 = LINE( '', #4329, #4330 );
#3246 = VERTEX_POINT( '', #4331 );
#3247 = LINE( '', #4332, #4333 );
#3248 = VERTEX_POINT( '', #4334 );
#3249 = LINE( '', #4335, #4336 );
#3250 = LINE( '', #4337, #4338 );
#3251 = VERTEX_POINT( '', #4339 );
#3252 = LINE( '', #4340, #4341 );
#3253 = CIRCLE( '', #4342, 0.000150000000000000 );
#3254 = VERTEX_POINT( '', #4343 );
#3255 = LINE( '', #4344, #4345 );
#3256 = VERTEX_POINT( '', #4346 );
#3257 = LINE( '', #4347, #4348 );
#3258 = LINE( '', #4349, #4350 );
#3259 = LINE( '', #4351, #4352 );
#3260 = VERTEX_POINT( '', #4353 );
#3261 = LINE( '', #4354, #4355 );
#3262 = LINE( '', #4356, #4357 );
#3263 = VERTEX_POINT( '', #4358 );
#3264 = LINE( '', #4359, #4360 );
#3265 = VERTEX_POINT( '', #4361 );
#3266 = CIRCLE( '', #4362, 0.000150000000000000 );
#3267 = LINE( '', #4363, #4364 );
#3268 = VERTEX_POINT( '', #4365 );
#3269 = LINE( '', #4366, #4367 );
#3270 = LINE( '', #4368, #4369 );
#3271 = VERTEX_POINT( '', #4370 );
#3272 = LINE( '', #4371, #4372 );
#3273 = LINE( '', #4373, #4374 );
#3274 = VERTEX_POINT( '', #4375 );
#3275 = LINE( '', #4376, #4377 );
#3276 = CIRCLE( '', #4378, 0.000150000000000000 );
#3277 = VERTEX_POINT( '', #4379 );
#3278 = LINE( '', #4380, #4381 );
#3279 = LINE( '', #4382, #4383 );
#3280 = VERTEX_POINT( '', #4384 );
#3281 = LINE( '', #4385, #4386 );
#3282 = VERTEX_POINT( '', #4387 );
#3283 = CIRCLE( '', #4388, 0.000150000000000000 );
#3284 = LINE( '', #4389, #4390 );
#3285 = VERTEX_POINT( '', #4391 );
#3286 = LINE( '', #4392, #4393 );
#3287 = LINE( '', #4394, #4395 );
#3288 = VERTEX_POINT( '', #4396 );
#3289 = LINE( '', #4397, #4398 );
#3290 = LINE( '', #4399, #4400 );
#3291 = LINE( '', #4401, #4402 );
#3292 = VERTEX_POINT( '', #4403 );
#3293 = VERTEX_POINT( '', #4404 );
#3294 = CIRCLE( '', #4405, 2.00000000000000E-005 );
#3295 = VERTEX_POINT( '', #4406 );
#3296 = LINE( '', #4407, #4408 );
#3297 = VERTEX_POINT( '', #4409 );
#3298 = CIRCLE( '', #4410, 2.00000000000000E-005 );
#3299 = LINE( '', #4411, #4412 );
#3300 = CIRCLE( '', #4413, 0.000100000000000000 );
#3301 = VERTEX_POINT( '', #4414 );
#3302 = VERTEX_POINT( '', #4415 );
#3303 = LINE( '', #4416, #4417 );
#3304 = VERTEX_POINT( '', #4418 );
#3305 = LINE( '', #4419, #4420 );
#3306 = VERTEX_POINT( '', #4421 );
#3307 = LINE( '', #4422, #4423 );
#3308 = LINE( '', #4424, #4425 );
#3309 = VERTEX_POINT( '', #4426 );
#3310 = CIRCLE( '', #4427, 2.00000000000000E-005 );
#3311 = VERTEX_POINT( '', #4428 );
#3312 = CIRCLE( '', #4429, 2.00000000000000E-005 );
#3313 = LINE( '', #4430, #4431 );
#3314 = LINE( '', #4432, #4433 );
#3315 = VERTEX_POINT( '', #4434 );
#3316 = CIRCLE( '', #4435, 0.000120000000000000 );
#3317 = VERTEX_POINT( '', #4436 );
#3318 = LINE( '', #4437, #4438 );
#3319 = LINE( '', #4439, #4440 );
#3320 = VERTEX_POINT( '', #4441 );
#3321 = LINE( '', #4442, #4443 );
#3322 = VERTEX_POINT( '', #4444 );
#3323 = LINE( '', #4445, #4446 );
#3324 = LINE( '', #4447, #4448 );
#3325 = LINE( '', #4449, #4450 );
#3326 = LINE( '', #4451, #4452 );
#3327 = LINE( '', #4453, #4454 );
#3328 = CIRCLE( '', #4455, 0.000120000000000000 );
#3329 = CIRCLE( '', #4456, 0.000150000000000000 );
#3330 = VERTEX_POINT( '', #4457 );
#3331 = CIRCLE( '', #4458, 0.000150000000000000 );
#3332 = LINE( '', #4459, #4460 );
#3333 = CIRCLE( '', #4461, 0.000150000000000000 );
#3334 = VERTEX_POINT( '', #4462 );
#3335 = LINE( '', #4463, #4464 );
#3336 = VERTEX_POINT( '', #4465 );
#3337 = CIRCLE( '', #4466, 0.000150000000000000 );
#3338 = VERTEX_POINT( '', #4467 );
#3339 = CIRCLE( '', #4468, 0.000150000000000000 );
#3340 = LINE( '', #4469, #4470 );
#3341 = VERTEX_POINT( '', #4471 );
#3342 = LINE( '', #4472, #4473 );
#3343 = VERTEX_POINT( '', #4474 );
#3344 = LINE( '', #4475, #4476 );
#3345 = LINE( '', #4477, #4478 );
#3346 = CIRCLE( '', #4479, 0.000120000000000000 );
#3347 = CIRCLE( '', #4480, 0.000120000000000000 );
#3348 = CIRCLE( '', #4481, 0.000120000000000000 );
#3349 = VERTEX_POINT( '', #4482 );
#3350 = LINE( '', #4483, #4484 );
#3351 = VERTEX_POINT( '', #4485 );
#3352 = CIRCLE( '', #4486, 2.00000000000000E-005 );
#3353 = LINE( '', #4487, #4488 );
#3354 = VERTEX_POINT( '', #4489 );
#3355 = CIRCLE( '', #4490, 0.000100000000000000 );
#3356 = B_SPLINE_CURVE_WITH_KNOTS( '', 3, ( #4491, #4492, #4493, #4494, #4495, #4496 ), .UNSPECIFIED., .F., .F., ( 4, 1, 1, 4 ), ( 0.000000000000000, 0.333333333333300, 0.666666666666700, 1.00000000000000 ), .UNSPECIFIED. );
#3357 = B_SPLINE_CURVE_WITH_KNOTS( '', 3, ( #4497, #4498, #4499, #4500, #4501, #4502, #4503, #4504, #4505, #4506, #4507, #4508 ), .UNSPECIFIED., .F., .F., ( 4, 1, 1, 1, 1, 1, 1, 1, 1, 4 ), ( 0.000000000000000, 0.111111111111100, 0.222222222222200, 0.333333333333300, 0.444444444444400, 0.555555555555600, 0.666666666666700, 0.777777777777800, 0.888888888888900, 1.00000000000000 ), .UNSPECIFIED. );
#3358 = CIRCLE( '', #4509, 0.000100000000000000 );
#3359 = LINE( '', #4510, #4511 );
#3360 = LINE( '', #4512, #4513 );
#3361 = LINE( '', #4514, #4515 );
#3362 = VERTEX_POINT( '', #4516 );
#3363 = VERTEX_POINT( '', #4517 );
#3364 = LINE( '', #4518, #4519 );
#3365 = VERTEX_POINT( '', #4520 );
#3366 = LINE( '', #4521, #4522 );
#3367 = LINE( '', #4523, #4524 );
#3368 = LINE( '', #4525, #4526 );
#3369 = LINE( '', #4527, #4528 );
#3370 = LINE( '', #4529, #4530 );
#3371 = LINE( '', #4531, #4532 );
#3372 = LINE( '', #4533, #4534 );
#3373 = VERTEX_POINT( '', #4535 );
#3374 = LINE( '', #4536, #4537 );
#3375 = LINE( '', #4538, #4539 );
#3376 = VERTEX_POINT( '', #4540 );
#3377 = LINE( '', #4541, #4542 );
#3378 = LINE( '', #4543, #4544 );
#3379 = VERTEX_POINT( '', #4545 );
#3380 = LINE( '', #4546, #4547 );
#3381 = LINE( '', #4548, #4549 );
#3382 = VERTEX_POINT( '', #4550 );
#3383 = LINE( '', #4551, #4552 );
#3384 = VERTEX_POINT( '', #4553 );
#3385 = LINE( '', #4554, #4555 );
#3386 = LINE( '', #4556, #4557 );
#3387 = LINE( '', #4558, #4559 );
#3388 = LINE( '', #4560, #4561 );
#3389 = LINE( '', #4562, #4563 );
#3390 = VERTEX_POINT( '', #4564 );
#3391 = LINE( '', #4565, #4566 );
#3392 = VERTEX_POINT( '', #4567 );
#3393 = LINE( '', #4568, #4569 );
#3394 = CIRCLE( '', #4570, 0.000120000000000000 );
#3395 = LINE( '', #4571, #4572 );
#3396 = LINE( '', #4573, #4574 );
#3397 = LINE( '', #4575, #4576 );
#3398 = LINE( '', #4577, #4578 );
#3399 = VERTEX_POINT( '', #4579 );
#3400 = LINE( '', #4580, #4581 );
#3401 = LINE( '', #4582, #4583 );
#3402 = LINE( '', #4584, #4585 );
#3403 = LINE( '', #4586, #4587 );
#3404 = LINE( '', #4588, #4589 );
#3405 = LINE( '', #4590, #4591 );
#3406 = LINE( '', #4592, #4593 );
#3407 = LINE( '', #4594, #4595 );
#3408 = VERTEX_POINT( '', #4596 );
#3409 = LINE( '', #4597, #4598 );
#3410 = LINE( '', #4599, #4600 );
#3411 = LINE( '', #4601, #4602 );
#3412 = VERTEX_POINT( '', #4603 );
#3413 = LINE( '', #4604, #4605 );
#3414 = VERTEX_POINT( '', #4606 );
#3415 = LINE( '', #4607, #4608 );
#3416 = LINE( '', #4609, #4610 );
#3417 = LINE( '', #4611, #4612 );
#3418 = LINE( '', #4613, #4614 );
#3419 = LINE( '', #4615, #4616 );
#3420 = VERTEX_POINT( '', #4617 );
#3421 = B_SPLINE_CURVE_WITH_KNOTS( '', 3, ( #4618, #4619, #4620, #4621 ), .UNSPECIFIED., .F., .F., ( 4, 4 ), ( 0.000000000000000, 1.00000000000000 ), .UNSPECIFIED. );
#3422 = LINE( '', #4622, #4623 );
#3423 = LINE( '', #4624, #4625 );
#3424 = CIRCLE( '', #4626, 0.000120000000000000 );
#3425 = CIRCLE( '', #4627, 0.000120000000000000 );
#3426 = VERTEX_POINT( '', #4628 );
#3427 = LINE( '', #4629, #4630 );
#3428 = VERTEX_POINT( '', #4631 );
#3429 = CIRCLE( '', #4632, 2.00000000000000E-005 );
#3430 = LINE( '', #4633, #4634 );
#3431 = LINE( '', #4635, #4636 );
#3432 = LINE( '', #4637, #4638 );
#3433 = LINE( '', #4639, #4640 );
#3434 = LINE( '', #4641, #4642 );
#3435 = LINE( '', #4643, #4644 );
#3436 = VERTEX_POINT( '', #4645 );
#3437 = LINE( '', #4646, #4647 );
#3438 = VERTEX_POINT( '', #4648 );
#3439 = LINE( '', #4649, #4650 );
#3440 = LINE( '', #4651, #4652 );
#3441 = VERTEX_POINT( '', #4653 );
#3442 = LINE( '', #4654, #4655 );
#3443 = LINE( '', #4656, #4657 );
#3444 = LINE( '', #4658, #4659 );
#3445 = LINE( '', #4660, #4661 );
#3446 = VERTEX_POINT( '', #4662 );
#3447 = LINE( '', #4663, #4664 );
#3448 = LINE( '', #4665, #4666 );
#3449 = VERTEX_POINT( '', #4667 );
#3450 = LINE( '', #4668, #4669 );
#3451 = LINE( '', #4670, #4671 );
#3452 = VERTEX_POINT( '', #4672 );
#3453 = LINE( '', #4673, #4674 );
#3454 = LINE( '', #4675, #4676 );
#3455 = LINE( '', #4677, #4678 );
#3456 = VERTEX_POINT( '', #4679 );
#3457 = LINE( '', #4680, #4681 );
#3458 = LINE( '', #4682, #4683 );
#3459 = LINE( '', #4684, #4685 );
#3460 = CIRCLE( '', #4686, 0.000200000000000000 );
#3461 = LINE( '', #4687, #4688 );
#3462 = LINE( '', #4689, #4690 );
#3463 = LINE( '', #4691, #4692 );
#3464 = LINE( '', #4693, #4694 );
#3465 = CARTESIAN_POINT( '', ( 0.00125499999880800, 0.000000000000000, -0.000402127656340600 ) );
#3466 = CARTESIAN_POINT( '', ( 0.00121000000238400, 0.000000000000000, -0.000574468088150000 ) );
#3467 = CARTESIAN_POINT( '', ( 0.00125499999880800, 0.000000000000000, -0.000402127656340600 ) );
#3468 = VECTOR( '', #4695, 1.00000000000000 );
#3469 = CARTESIAN_POINT( '', ( 0.00116499999523200, 0.000000000000000, -0.000402127656340600 ) );
#3470 = CARTESIAN_POINT( '', ( 0.00116499999523200, 0.000000000000000, -0.000402127656340600 ) );
#3471 = VECTOR( '', #4696, 1.00000000000000 );
#3472 = CARTESIAN_POINT( '', ( 0.00121000000238400, 0.000000000000000, -0.000574468088150000 ) );
#3473 = VECTOR( '', #4697, 1.00000000000000 );
#3474 = CARTESIAN_POINT( '', ( -0.00133860297657300, 0.000100000000000000, -0.00120000000000000 ) );
#3475 = CARTESIAN_POINT( '', ( -0.00125125012034900, 0.000340000000000000, -0.00120000000000000 ) );
#3476 = CARTESIAN_POINT( '', ( -0.00133860297657300, 0.000100000000000000, -0.00120000000000000 ) );
#3477 = VECTOR( '', #4698, 1.00000000000000 );
#3478 = CARTESIAN_POINT( '', ( -0.00114483234310200, 0.000340000000000000, -0.00130000000000000 ) );
#3479 = CARTESIAN_POINT( '', ( -0.00114483234310200, 0.000340000000000000, -0.00130000000000000 ) );
#3480 = CARTESIAN_POINT( '', ( -0.00118787686895029, 0.000340000000000000, -0.00130000000000000 ) );
#3481 = CARTESIAN_POINT( '', ( -0.00121939280750480, 0.000340000000000000, -0.00127135157577940 ) );
#3482 = CARTESIAN_POINT( '', ( -0.00123287538698263, 0.000340000000000000, -0.00125909572448052 ) );
#3483 = CARTESIAN_POINT( '', ( -0.00124148700655833, 0.000340000000000000, -0.00124184133052093 ) );
#3484 = CARTESIAN_POINT( '', ( -0.00125125012034900, 0.000340000000000000, -0.00122227978229699 ) );
#3485 = CARTESIAN_POINT( '', ( -0.00125125012034900, 0.000340000000000000, -0.00120000000000000 ) );
#3486 = CARTESIAN_POINT( '', ( -0.00126858222275200, 0.000000000000000, -0.00130000000000000 ) );
#3487 = CARTESIAN_POINT( '', ( -0.00126858222275200, 0.000000000000000, -0.00130000000000000 ) );
#3488 = VECTOR( '', #4699, 1.00000000000000 );
#3489 = CARTESIAN_POINT( '', ( -0.00137500000000000, 0.000000000000000, -0.00120000000000000 ) );
#3490 = CARTESIAN_POINT( '', ( -0.00137500000000000, 0.000000000000000, -0.00120000000000000 ) );
#3491 = CARTESIAN_POINT( '', ( -0.00137500000000000, 0.000000000000000, -0.00124154006680397 ) );
#3492 = CARTESIAN_POINT( '', ( -0.00134314268715560, 0.000000000000000, -0.00127135157577940 ) );
#3493 = CARTESIAN_POINT( '', ( -0.00131252827533073, 0.000000000000000, -0.00130000000000000 ) );
#3494 = CARTESIAN_POINT( '', ( -0.00126858222275200, 0.000000000000000, -0.00130000000000000 ) );
#3495 = CARTESIAN_POINT( '', ( -0.00137500000000000, 0.000000000000000, -0.00120000000000000 ) );
#3496 = VECTOR( '', #4700, 1.00000000000000 );
#3497 = CARTESIAN_POINT( '', ( 0.00125125012034900, 0.000340000000000000, -0.00120000000000000 ) );
#3498 = CARTESIAN_POINT( '', ( 0.00114483234310200, 0.000340000000000000, -0.00130000000000000 ) );
#3499 = CARTESIAN_POINT( '', ( 0.00125125012034900, 0.000340000000000000, -0.00120000000000000 ) );
#3500 = CARTESIAN_POINT( '', ( 0.00125125012034900, 0.000340000000000000, -0.00124154006680351 ) );
#3501 = CARTESIAN_POINT( '', ( 0.00121939280750480, 0.000340000000000000, -0.00127135157577940 ) );
#3502 = CARTESIAN_POINT( '', ( 0.00118877839568059, 0.000340000000000000, -0.00130000000000000 ) );
#3503 = CARTESIAN_POINT( '', ( 0.00114483234310200, 0.000340000000000000, -0.00130000000000000 ) );
#3504 = CARTESIAN_POINT( '', ( 0.00114483234310200, 0.000340000000000000, -0.00130000000000000 ) );
#3505 = VECTOR( '', #4701, 1.00000000000000 );
#3506 = CARTESIAN_POINT( '', ( -0.00125125010713100, 0.000339999997876000, -0.000699878423668100 ) );
#3507 = CARTESIAN_POINT( '', ( -0.00125125012034900, 0.000340000000000000, -0.00120000000000000 ) );
#3508 = VECTOR( '', #4702, 1.00000000000000 );
#3509 = CARTESIAN_POINT( '', ( -0.00140000517559400, 0.000340000754512200, -0.000550075057143800 ) );
#3510 = CARTESIAN_POINT( '', ( -0.00125125010713100, 0.000340000000000000, -0.000699878423668100 ) );
#3511 = CARTESIAN_POINT( '', ( -0.00125125013425105, 0.000340000000000000, -0.000642837182334358 ) );
#3512 = CARTESIAN_POINT( '', ( -0.00129209252625400, 0.000340000000000000, -0.000599776930130617 ) );
#3513 = CARTESIAN_POINT( '', ( -0.00131205374058103, 0.000340000000000000, -0.000578731764040614 ) );
#3514 = CARTESIAN_POINT( '', ( -0.00134023152328817, 0.000340000000000000, -0.000565475316603050 ) );
#3515 = CARTESIAN_POINT( '', ( -0.00136832239911086, 0.000340000000000000, -0.000552259755155614 ) );
#3516 = CARTESIAN_POINT( '', ( -0.00140000517559400, 0.000340000000000000, -0.000550075057143800 ) );
#3517 = CARTESIAN_POINT( '', ( -0.00140435068421500, 0.000340000000000600, -0.000549905546961700 ) );
#3518 = CARTESIAN_POINT( '', ( -0.00140000517559400, 0.000340000000000000, -0.000550075057143800 ) );
#3519 = CARTESIAN_POINT( '', ( -0.00140435068421500, 0.000340000000000000, -0.000549905546961700 ) );
#3520 = CARTESIAN_POINT( '', ( -0.00150000000000000, 0.000340000000000000, -0.000450000000000000 ) );
#3521 = AXIS2_PLACEMENT_3D( '', #4703, #4704, #4705 );
#3522 = CARTESIAN_POINT( '', ( -0.00150000000000000, 0.000340000000000000, 0.000450000000000000 ) );
#3523 = CARTESIAN_POINT( '', ( -0.00150000000000000, 0.000340000000000000, -0.000450000000000000 ) );
#3524 = VECTOR( '', #4706, 1.00000000000000 );
#3525 = CARTESIAN_POINT( '', ( -0.00140435067869900, 0.000340000000000700, 0.000549905552180700 ) );
#3526 = AXIS2_PLACEMENT_3D( '', #4707, #4708, #4709 );
#3527 = CARTESIAN_POINT( '', ( -0.00140000517604500, 0.000340000754631200, 0.000550075063964600 ) );
#3528 = CARTESIAN_POINT( '', ( -0.00140435067869900, 0.000340000000000000, 0.000549905552180700 ) );
#3529 = CARTESIAN_POINT( '', ( -0.00140000517604500, 0.000340000000000000, 0.000550075063964600 ) );
#3530 = CARTESIAN_POINT( '', ( -0.00125125010946600, 0.000339999998251200, 0.000699878422246000 ) );
#3531 = CARTESIAN_POINT( '', ( -0.00140000517604500, 0.000340000000000000, 0.000550075063964600 ) );
#3532 = CARTESIAN_POINT( '', ( -0.00136905400100356, 0.000340000000000000, 0.000552209305878929 ) );
#3533 = CARTESIAN_POINT( '', ( -0.00134023156264367, 0.000340000000000000, 0.000565475298383533 ) );
#3534 = CARTESIAN_POINT( '', ( -0.00131317504181585, 0.000340000000000000, 0.000577928498838704 ) );
#3535 = CARTESIAN_POINT( '', ( -0.00129209258042950, 0.000340000000000000, 0.000599776875660567 ) );
#3536 = CARTESIAN_POINT( '', ( -0.00127253329848097, 0.000340000000000000, 0.000620046736686059 ) );
#3537 = CARTESIAN_POINT( '', ( -0.00126161480640733, 0.000340000000000000, 0.000646741182882267 ) );
#3538 = CARTESIAN_POINT( '', ( -0.00125125012089434, 0.000340000000000000, 0.000672081636298473 ) );
#3539 = CARTESIAN_POINT( '', ( -0.00125125010946600, 0.000340000000000000, 0.000699878422246000 ) );
#3540 = CARTESIAN_POINT( '', ( -0.00125125012034900, 0.000340000000000000, 0.00120000000000000 ) );
#3541 = CARTESIAN_POINT( '', ( -0.00125125012034900, 0.000340000000000000, 0.00120000000000000 ) );
#3542 = VECTOR( '', #4710, 1.00000000000000 );
#3543 = CARTESIAN_POINT( '', ( -0.00114483234310200, 0.000340000000000000, 0.00130000000000000 ) );
#3544 = CARTESIAN_POINT( '', ( -0.00125125012034900, 0.000340000000000000, 0.00120000000000000 ) );
#3545 = CARTESIAN_POINT( '', ( -0.00125125012034900, 0.000340000000000000, 0.00124154006680351 ) );
#3546 = CARTESIAN_POINT( '', ( -0.00121939280750480, 0.000340000000000000, 0.00127135157577940 ) );
#3547 = CARTESIAN_POINT( '', ( -0.00118877839568059, 0.000340000000000000, 0.00130000000000000 ) );
#3548 = CARTESIAN_POINT( '', ( -0.00114483234310200, 0.000340000000000000, 0.00130000000000000 ) );
#3549 = CARTESIAN_POINT( '', ( 0.00114483234310200, 0.000340000000000000, 0.00130000000000000 ) );
#3550 = CARTESIAN_POINT( '', ( -0.00114483234310200, 0.000340000000000000, 0.00130000000000000 ) );
#3551 = VECTOR( '', #4711, 1.00000000000000 );
#3552 = CARTESIAN_POINT( '', ( 0.00125125012034900, 0.000340000000000000, 0.00120000000000000 ) );
#3553 = CARTESIAN_POINT( '', ( 0.00114483234310200, 0.000340000000000000, 0.00130000000000000 ) );
#3554 = CARTESIAN_POINT( '', ( 0.00118787686895029, 0.000340000000000000, 0.00130000000000000 ) );
#3555 = CARTESIAN_POINT( '', ( 0.00121939280750480, 0.000340000000000000, 0.00127135157577940 ) );
#3556 = CARTESIAN_POINT( '', ( 0.00123287538698263, 0.000340000000000000, 0.00125909572448052 ) );
#3557 = CARTESIAN_POINT( '', ( 0.00124148700655833, 0.000340000000000000, 0.00124184133052093 ) );
#3558 = CARTESIAN_POINT( '', ( 0.00125125012034900, 0.000340000000000000, 0.00122227978229699 ) );
#3559 = CARTESIAN_POINT( '', ( 0.00125125012034900, 0.000340000000000000, 0.00120000000000000 ) );
#3560 = CARTESIAN_POINT( '', ( 0.00125125010713100, 0.000339999997876000, 0.000699878423668100 ) );
#3561 = CARTESIAN_POINT( '', ( 0.00125125012034900, 0.000340000000000000, 0.00120000000000000 ) );
#3562 = VECTOR( '', #4712, 1.00000000000000 );
#3563 = CARTESIAN_POINT( '', ( 0.00140000517559400, 0.000340000754512200, 0.000550075057143800 ) );
#3564 = CARTESIAN_POINT( '', ( 0.00125125010713100, 0.000340000000000000, 0.000699878423668100 ) );
#3565 = CARTESIAN_POINT( '', ( 0.00125125013425105, 0.000340000000000000, 0.000642837182334358 ) );
#3566 = CARTESIAN_POINT( '', ( 0.00129209252625400, 0.000340000000000000, 0.000599776930130617 ) );
#3567 = CARTESIAN_POINT( '', ( 0.00131205374058103, 0.000340000000000000, 0.000578731764040614 ) );
#3568 = CARTESIAN_POINT( '', ( 0.00134023152328817, 0.000340000000000000, 0.000565475316603050 ) );
#3569 = CARTESIAN_POINT( '', ( 0.00136832239911086, 0.000340000000000000, 0.000552259755155614 ) );
#3570 = CARTESIAN_POINT( '', ( 0.00140000517559400, 0.000340000000000000, 0.000550075057143800 ) );
#3571 = CARTESIAN_POINT( '', ( 0.00140435068421500, 0.000340000000000600, 0.000549905546961700 ) );
#3572 = CARTESIAN_POINT( '', ( 0.00140000517559400, 0.000340000000000000, 0.000550075057143800 ) );
#3573 = CARTESIAN_POINT( '', ( 0.00140435068421500, 0.000340000000000000, 0.000549905546961700 ) );
#3574 = CARTESIAN_POINT( '', ( 0.00150000000000000, 0.000340000000000000, 0.000450000000000000 ) );
#3575 = AXIS2_PLACEMENT_3D( '', #4713, #4714, #4715 );
#3576 = CARTESIAN_POINT( '', ( 0.00150000000000000, 0.000340000000000000, -0.000450000000000000 ) );
#3577 = CARTESIAN_POINT( '', ( 0.00150000000000000, 0.000340000000000000, 0.000450000000000000 ) );
#3578 = VECTOR( '', #4716, 1.00000000000000 );
#3579 = CARTESIAN_POINT( '', ( 0.00140435067869900, 0.000340000000000700, -0.000549905552180700 ) );
#3580 = AXIS2_PLACEMENT_3D( '', #4717, #4718, #4719 );
#3581 = CARTESIAN_POINT( '', ( 0.00140000517604500, 0.000340000754631200, -0.000550075063964600 ) );
#3582 = CARTESIAN_POINT( '', ( 0.00140435067869900, 0.000340000000000000, -0.000549905552180700 ) );
#3583 = CARTESIAN_POINT( '', ( 0.00140000517604500, 0.000340000000000000, -0.000550075063964600 ) );
#3584 = CARTESIAN_POINT( '', ( 0.00125125010946600, 0.000339999998251200, -0.000699878422246000 ) );
#3585 = CARTESIAN_POINT( '', ( 0.00140000517604500, 0.000340000000000000, -0.000550075063964600 ) );
#3586 = CARTESIAN_POINT( '', ( 0.00136905400100356, 0.000340000000000000, -0.000552209305878929 ) );
#3587 = CARTESIAN_POINT( '', ( 0.00134023156264367, 0.000340000000000000, -0.000565475298383533 ) );
#3588 = CARTESIAN_POINT( '', ( 0.00131317504181585, 0.000340000000000000, -0.000577928498838704 ) );
#3589 = CARTESIAN_POINT( '', ( 0.00129209258042950, 0.000340000000000000, -0.000599776875660567 ) );
#3590 = CARTESIAN_POINT( '', ( 0.00127253329848097, 0.000340000000000000, -0.000620046736686059 ) );
#3591 = CARTESIAN_POINT( '', ( 0.00126161480640733, 0.000340000000000000, -0.000646741182882267 ) );
#3592 = CARTESIAN_POINT( '', ( 0.00125125012089434, 0.000340000000000000, -0.000672081636298473 ) );
#3593 = CARTESIAN_POINT( '', ( 0.00125125010946600, 0.000340000000000000, -0.000699878422246000 ) );
#3594 = CARTESIAN_POINT( '', ( 0.00125125012034900, 0.000340000000000000, -0.00120000000000000 ) );
#3595 = VECTOR( '', #4720, 1.00000000000000 );
#3596 = CARTESIAN_POINT( '', ( 0.00131250000000000, 0.000340000000000000, 0.000549478259288800 ) );
#3597 = CARTESIAN_POINT( '', ( 0.00145000000000000, 0.000340000000000000, 0.000400000000000000 ) );
#3598 = AXIS2_PLACEMENT_3D( '', #4721, #4722, #4723 );
#3599 = CARTESIAN_POINT( '', ( 0.00117500000000000, 0.000340000000000000, 0.000698956518577500 ) );
#3600 = AXIS2_PLACEMENT_3D( '', #4724, #4725, #4726 );
#3601 = CARTESIAN_POINT( '', ( 0.00117500000000000, 0.000340000000000000, 0.00110000000000000 ) );
#3602 = CARTESIAN_POINT( '', ( 0.00117500000000000, 0.000340000000000000, 0.000698956518577500 ) );
#3603 = VECTOR( '', #4727, 1.00000000000000 );
#3604 = CARTESIAN_POINT( '', ( 0.00102500000000000, 0.000340000000000000, 0.00125000000000000 ) );
#3605 = AXIS2_PLACEMENT_3D( '', #4728, #4729, #4730 );
#3606 = CARTESIAN_POINT( '', ( -0.00102500000000000, 0.000340000000000000, 0.00125000000000000 ) );
#3607 = CARTESIAN_POINT( '', ( 0.00102500000000000, 0.000340000000000000, 0.00125000000000000 ) );
#3608 = VECTOR( '', #4731, 1.00000000000000 );
#3609 = CARTESIAN_POINT( '', ( -0.00117500000000000, 0.000340000000000000, 0.00110000000000000 ) );
#3610 = AXIS2_PLACEMENT_3D( '', #4732, #4733, #4734 );
#3611 = CARTESIAN_POINT( '', ( -0.00117500000000000, 0.000340000000000000, 0.000698956518577500 ) );
#3612 = CARTESIAN_POINT( '', ( -0.00117500000000000, 0.000340000000000000, 0.00110000000000000 ) );
#3613 = VECTOR( '', #4735, 1.00000000000000 );
#3614 = CARTESIAN_POINT( '', ( -0.00131250000000000, 0.000340000000000000, 0.000549478259288800 ) );
#3615 = AXIS2_PLACEMENT_3D( '', #4736, #4737, #4738 );
#3616 = CARTESIAN_POINT( '', ( -0.00145000000000000, 0.000340000000000000, 0.000400000000000000 ) );
#3617 = AXIS2_PLACEMENT_3D( '', #4739, #4740, #4741 );
#3618 = CARTESIAN_POINT( '', ( -0.00145000000000000, 0.000340000000000000, -0.000400000000000000 ) );
#3619 = CARTESIAN_POINT( '', ( -0.00145000000000000, 0.000340000000000000, 0.000400000000000000 ) );
#3620 = VECTOR( '', #4742, 1.00000000000000 );
#3621 = CARTESIAN_POINT( '', ( -0.00131250000000000, 0.000340000000000000, -0.000549478259288800 ) );
#3622 = AXIS2_PLACEMENT_3D( '', #4743, #4744, #4745 );
#3623 = CARTESIAN_POINT( '', ( -0.00117500000000000, 0.000340000000000000, -0.000698956518577500 ) );
#3624 = AXIS2_PLACEMENT_3D( '', #4746, #4747, #4748 );
#3625 = CARTESIAN_POINT( '', ( -0.00117500000000000, 0.000340000000000000, -0.00110000000000000 ) );
#3626 = CARTESIAN_POINT( '', ( -0.00117500000000000, 0.000340000000000000, -0.000698956518577500 ) );
#3627 = VECTOR( '', #4749, 1.00000000000000 );
#3628 = CARTESIAN_POINT( '', ( -0.00102500000000000, 0.000340000000000000, -0.00125000000000000 ) );
#3629 = AXIS2_PLACEMENT_3D( '', #4750, #4751, #4752 );
#3630 = CARTESIAN_POINT( '', ( 0.00102500000000000, 0.000340000000000000, -0.00125000000000000 ) );
#3631 = CARTESIAN_POINT( '', ( -0.00102500000000000, 0.000340000000000000, -0.00125000000000000 ) );
#3632 = VECTOR( '', #4753, 1.00000000000000 );
#3633 = CARTESIAN_POINT( '', ( 0.00117500000000000, 0.000340000000000000, -0.00110000000000000 ) );
#3634 = AXIS2_PLACEMENT_3D( '', #4754, #4755, #4756 );
#3635 = CARTESIAN_POINT( '', ( 0.00117500000000000, 0.000340000000000000, -0.000698956518577500 ) );
#3636 = CARTESIAN_POINT( '', ( 0.00117500000000000, 0.000340000000000000, -0.00110000000000000 ) );
#3637 = VECTOR( '', #4757, 1.00000000000000 );
#3638 = CARTESIAN_POINT( '', ( 0.00131250000000000, 0.000340000000000000, -0.000549478259288800 ) );
#3639 = AXIS2_PLACEMENT_3D( '', #4758, #4759, #4760 );
#3640 = CARTESIAN_POINT( '', ( 0.00145000000000000, 0.000340000000000000, -0.000400000000000000 ) );
#3641 = AXIS2_PLACEMENT_3D( '', #4761, #4762, #4763 );
#3642 = CARTESIAN_POINT( '', ( 0.00145000000000000, 0.000340000000000000, -0.000400000000000000 ) );
#3643 = VECTOR( '', #4764, 1.00000000000000 );
#3644 = CARTESIAN_POINT( '', ( 0.00133860294962600, 9.99999931017300E-005, -0.000687003604516900 ) );
#3645 = CARTESIAN_POINT( '', ( 0.00125125010946600, 0.000339999998251200, -0.000699878422246000 ) );
#3646 = CARTESIAN_POINT( '', ( 0.00126141663667200, 0.000312067146178000, -0.000700196035713000 ) );
#3647 = CARTESIAN_POINT( '', ( 0.00128144664752800, 0.000257036209124800, -0.000699592716197300 ) );
#3648 = CARTESIAN_POINT( '', ( 0.00131085138472700, 0.000176246041710800, -0.000695163314253900 ) );
#3649 = CARTESIAN_POINT( '', ( 0.00132948359467900, 0.000125056909267500, -0.000690063627523800 ) );
#3650 = CARTESIAN_POINT( '', ( 0.00133860294962600, 9.99999931017300E-005, -0.000687003604516900 ) );
#3651 = CARTESIAN_POINT( '', ( 0.00143928680474000, 9.99999999996200E-005, -0.000541960546366300 ) );
#3652 = CARTESIAN_POINT( '', ( 0.00140435067869900, 0.000340000000000700, -0.000549905552180700 ) );
#3653 = CARTESIAN_POINT( '', ( 0.00140845707528000, 0.000311796115338600, -0.000549726789216500 ) );
#3654 = CARTESIAN_POINT( '', ( 0.00141652130759700, 0.000256394335951600, -0.000548874240478900 ) );
#3655 = CARTESIAN_POINT( '', ( 0.00142830651230000, 0.000175476218209200, -0.000546156749927900 ) );
#3656 = CARTESIAN_POINT( '', ( 0.00143568740481500, 0.000124720009610900, -0.000543498503953800 ) );
#3657 = CARTESIAN_POINT( '', ( 0.00143928680474000, 9.99999999996200E-005, -0.000541960546366300 ) );
#3658 = CARTESIAN_POINT( '', ( 0.00133860294962600, 9.99999931017300E-005, -0.000687003604516900 ) );
#3659 = CARTESIAN_POINT( '', ( 0.00133860292030500, 9.99999931017300E-005, -0.000680609572846900 ) );
#3660 = CARTESIAN_POINT( '', ( 0.00133945447707100, 0.000100000003201500, -0.000667847282590600 ) );
#3661 = CARTESIAN_POINT( '', ( 0.00134332478272600, 9.99999991421600E-005, -0.000648663011687200 ) );
#3662 = CARTESIAN_POINT( '', ( 0.00134981672876600, 0.000100000000229900, -0.000629792027479100 ) );
#3663 = CARTESIAN_POINT( '', ( 0.00135892520185600, 9.99999999384100E-005, -0.000611523305365700 ) );
#3664 = CARTESIAN_POINT( '', ( 0.00137057480912300, 0.000100000000016500, -0.000594222778822900 ) );
#3665 = CARTESIAN_POINT( '', ( 0.00138467875050200, 9.99999999955900E-005, -0.000578195810257500 ) );
#3666 = CARTESIAN_POINT( '', ( 0.00140104940276800, 0.000100000000001100, -0.000563815692434000 ) );
#3667 = CARTESIAN_POINT( '', ( 0.00141935046608500, 9.99999999998300E-005, -0.000551488162394200 ) );
#3668 = CARTESIAN_POINT( '', ( 0.00143247187819300, 9.99999999996200E-005, -0.000544872383620000 ) );
#3669 = CARTESIAN_POINT( '', ( 0.00143928680474000, 9.99999999996200E-005, -0.000541960546366300 ) );
#3670 = CARTESIAN_POINT( '', ( -0.00127000000000000, 0.000000000000000, -0.000529787242412600 ) );
#3671 = CARTESIAN_POINT( '', ( -0.00127000000000000, -1.00000000000000E-005, -0.000529787242412600 ) );
#3672 = CARTESIAN_POINT( '', ( -0.00127000000000000, 0.000000000000000, -0.000529787242412600 ) );
#3673 = VECTOR( '', #4765, 1.00000000000000 );
#3674 = CARTESIAN_POINT( '', ( -0.00125999999523200, -1.00000000000000E-005, -0.000548936176300000 ) );
#3675 = CARTESIAN_POINT( '', ( -0.00125999999523200, -1.00000000000000E-005, -0.000548936176300000 ) );
#3676 = VECTOR( '', #4766, 1.00000000000000 );
#3677 = CARTESIAN_POINT( '', ( -0.00125999999523200, 0.000000000000000, -0.000548936176300000 ) );
#3678 = CARTESIAN_POINT( '', ( -0.00125999999523200, 0.000000000000000, -0.000548936176300000 ) );
#3679 = VECTOR( '', #4767, 1.00000000000000 );
#3680 = CARTESIAN_POINT( '', ( -0.00125999999523200, 0.000000000000000, -0.000548936176300000 ) );
#3681 = VECTOR( '', #4768, 1.00000000000000 );
#3682 = CARTESIAN_POINT( '', ( -0.00124499999523200, -1.00000000000000E-005, -0.000561702132225000 ) );
#3683 = CARTESIAN_POINT( '', ( -0.00124499999523200, -1.00000000000000E-005, -0.000561702132225000 ) );
#3684 = VECTOR( '', #4769, 1.00000000000000 );
#3685 = CARTESIAN_POINT( '', ( -0.00124499999523200, 0.000000000000000, -0.000561702132225000 ) );
#3686 = CARTESIAN_POINT( '', ( -0.00124499999523200, 0.000000000000000, -0.000561702132225000 ) );
#3687 = VECTOR( '', #4770, 1.00000000000000 );
#3688 = CARTESIAN_POINT( '', ( -0.00124499999523200, 0.000000000000000, -0.000561702132225000 ) );
#3689 = VECTOR( '', #4771, 1.00000000000000 );
#3690 = CARTESIAN_POINT( '', ( -0.00127000000000000, 0.000000000000000, -0.000517021268606200 ) );
#3691 = CARTESIAN_POINT( '', ( -0.00127000000000000, -1.00000000000000E-005, -0.000517021268606200 ) );
#3692 = CARTESIAN_POINT( '', ( -0.00127000000000000, 0.000000000000000, -0.000517021268606200 ) );
#3693 = VECTOR( '', #4772, 1.00000000000000 );
#3694 = CARTESIAN_POINT( '', ( -0.00127000000000000, -1.00000000000000E-005, -0.000529787242412600 ) );
#3695 = VECTOR( '', #4773, 1.00000000000000 );
#3696 = CARTESIAN_POINT( '', ( -0.00127000000000000, 0.000000000000000, -0.000529787242412600 ) );
#3697 = VECTOR( '', #4774, 1.00000000000000 );
#3698 = CARTESIAN_POINT( '', ( 0.00137500000000000, 0.000000000000000, 0.00120000000000000 ) );
#3699 = CARTESIAN_POINT( '', ( 0.00146000000000000, 0.000000000000000, 0.00120000000000000 ) );
#3700 = CARTESIAN_POINT( '', ( 0.00137500000000000, 0.000000000000000, 0.00120000000000000 ) );
#3701 = VECTOR( '', #4775, 1.00000000000000 );
#3702 = CARTESIAN_POINT( '', ( 0.00126858222275200, 0.000000000000000, 0.00130000000000000 ) );
#3703 = CARTESIAN_POINT( '', ( 0.00137500000000000, 0.000000000000000, 0.00120000000000000 ) );
#3704 = CARTESIAN_POINT( '', ( 0.00137500000000000, 0.000000000000000, 0.00124154006680397 ) );
#3705 = CARTESIAN_POINT( '', ( 0.00134314268715560, 0.000000000000000, 0.00127135157577940 ) );
#3706 = CARTESIAN_POINT( '', ( 0.00131252827533073, 0.000000000000000, 0.00130000000000000 ) );
#3707 = CARTESIAN_POINT( '', ( 0.00126858222275200, 0.000000000000000, 0.00130000000000000 ) );
#3708 = CARTESIAN_POINT( '', ( -0.00126858222275200, 0.000000000000000, 0.00130000000000000 ) );
#3709 = CARTESIAN_POINT( '', ( -0.00126858222275200, 0.000000000000000, 0.00130000000000000 ) );
#3710 = VECTOR( '', #4776, 1.00000000000000 );
#3711 = CARTESIAN_POINT( '', ( -0.00137500000000000, 0.000000000000000, 0.00120000000000000 ) );
#3712 = CARTESIAN_POINT( '', ( -0.00126858222275200, 0.000000000000000, 0.00130000000000000 ) );
#3713 = CARTESIAN_POINT( '', ( -0.00131162674860036, 0.000000000000000, 0.00130000000000000 ) );
#3714 = CARTESIAN_POINT( '', ( -0.00134314268715560, 0.000000000000000, 0.00127135157577940 ) );
#3715 = CARTESIAN_POINT( '', ( -0.00135662526663353, 0.000000000000000, 0.00125909572448071 ) );
#3716 = CARTESIAN_POINT( '', ( -0.00136523688620933, 0.000000000000000, 0.00124184133052093 ) );
#3717 = CARTESIAN_POINT( '', ( -0.00137500000000000, 0.000000000000000, 0.00122227978229700 ) );
#3718 = CARTESIAN_POINT( '', ( -0.00137500000000000, 0.000000000000000, 0.00120000000000000 ) );
#3719 = CARTESIAN_POINT( '', ( -0.00146000000000000, 0.000000000000000, 0.00120000000000000 ) );
#3720 = CARTESIAN_POINT( '', ( -0.00146000000000000, 0.000000000000000, 0.00120000000000000 ) );
#3721 = VECTOR( '', #4777, 1.00000000000000 );
#3722 = CARTESIAN_POINT( '', ( -0.00146000000000000, 0.000000000000000, 0.000700000000000000 ) );
#3723 = CARTESIAN_POINT( '', ( -0.00146000000000000, 0.000000000000000, 0.00120000000000000 ) );
#3724 = VECTOR( '', #4778, 1.00000000000000 );
#3725 = CARTESIAN_POINT( '', ( -0.00150000000000000, 0.000000000000000, 0.000700000000000000 ) );
#3726 = CARTESIAN_POINT( '', ( -0.00146000000000000, 0.000000000000000, 0.000700000000000000 ) );
#3727 = VECTOR( '', #4779, 1.00000000000000 );
#3728 = CARTESIAN_POINT( '', ( -0.00150000000000000, 0.000000000000000, 0.000250000000000000 ) );
#3729 = CARTESIAN_POINT( '', ( -0.00150000000000000, 0.000000000000000, 0.000700000000000000 ) );
#3730 = VECTOR( '', #4780, 1.00000000000000 );
#3731 = CARTESIAN_POINT( '', ( -0.00155000000000000, 0.000000000000000, 0.000250000000000000 ) );
#3732 = CARTESIAN_POINT( '', ( -0.00155000000000000, 0.000000000000000, 0.000250000000000000 ) );
#3733 = VECTOR( '', #4781, 1.00000000000000 );
#3734 = CARTESIAN_POINT( '', ( -0.00155000000000000, 0.000000000000000, -0.000150000000000000 ) );
#3735 = CARTESIAN_POINT( '', ( -0.00155000000000000, 0.000000000000000, 0.000250000000000000 ) );
#3736 = VECTOR( '', #4782, 1.00000000000000 );
#3737 = CARTESIAN_POINT( '', ( -0.00150000000000000, 0.000000000000000, -0.000150000000000000 ) );
#3738 = CARTESIAN_POINT( '', ( -0.00155000000000000, 0.000000000000000, -0.000150000000000000 ) );
#3739 = VECTOR( '', #4783, 1.00000000000000 );
#3740 = CARTESIAN_POINT( '', ( -0.00150000000000000, 0.000000000000000, -0.000700000000000000 ) );
#3741 = CARTESIAN_POINT( '', ( -0.00150000000000000, 0.000000000000000, -0.000150000000000000 ) );
#3742 = VECTOR( '', #4784, 1.00000000000000 );
#3743 = CARTESIAN_POINT( '', ( -0.00146000000000000, 0.000000000000000, -0.000700000000000000 ) );
#3744 = CARTESIAN_POINT( '', ( -0.00150000000000000, 0.000000000000000, -0.000700000000000000 ) );
#3745 = VECTOR( '', #4785, 1.00000000000000 );
#3746 = CARTESIAN_POINT( '', ( -0.00146000000000000, 0.000000000000000, -0.00120000000000000 ) );
#3747 = CARTESIAN_POINT( '', ( -0.00146000000000000, 0.000000000000000, -0.000700000000000000 ) );
#3748 = VECTOR( '', #4786, 1.00000000000000 );
#3749 = CARTESIAN_POINT( '', ( -0.00137500000000000, 0.000000000000000, -0.00120000000000000 ) );
#3750 = VECTOR( '', #4787, 1.00000000000000 );
#3751 = CARTESIAN_POINT( '', ( 0.00126858222275200, 0.000000000000000, -0.00130000000000000 ) );
#3752 = CARTESIAN_POINT( '', ( 0.00126858222275200, 0.000000000000000, -0.00130000000000000 ) );
#3753 = VECTOR( '', #4788, 1.00000000000000 );
#3754 = CARTESIAN_POINT( '', ( 0.00137500000000000, 0.000000000000000, -0.00120000000000000 ) );
#3755 = CARTESIAN_POINT( '', ( 0.00126858222275200, 0.000000000000000, -0.00130000000000000 ) );
#3756 = CARTESIAN_POINT( '', ( 0.00131162674860036, 0.000000000000000, -0.00130000000000000 ) );
#3757 = CARTESIAN_POINT( '', ( 0.00134314268715560, 0.000000000000000, -0.00127135157577940 ) );
#3758 = CARTESIAN_POINT( '', ( 0.00135662526663353, 0.000000000000000, -0.00125909572448071 ) );
#3759 = CARTESIAN_POINT( '', ( 0.00136523688620933, 0.000000000000000, -0.00124184133052093 ) );
#3760 = CARTESIAN_POINT( '', ( 0.00137500000000000, 0.000000000000000, -0.00122227978229700 ) );
#3761 = CARTESIAN_POINT( '', ( 0.00137500000000000, 0.000000000000000, -0.00120000000000000 ) );
#3762 = CARTESIAN_POINT( '', ( 0.00146000000000000, 0.000000000000000, -0.00120000000000000 ) );
#3763 = CARTESIAN_POINT( '', ( 0.00146000000000000, 0.000000000000000, -0.00120000000000000 ) );
#3764 = VECTOR( '', #4789, 1.00000000000000 );
#3765 = CARTESIAN_POINT( '', ( 0.00146000000000000, 0.000000000000000, -0.000700000000000000 ) );
#3766 = CARTESIAN_POINT( '', ( 0.00146000000000000, 0.000000000000000, -0.000700000000000000 ) );
#3767 = VECTOR( '', #4790, 1.00000000000000 );
#3768 = CARTESIAN_POINT( '', ( 0.00150000000000000, 0.000000000000000, -0.000700000000000000 ) );
#3769 = CARTESIAN_POINT( '', ( 0.00146000000000000, 0.000000000000000, -0.000700000000000000 ) );
#3770 = VECTOR( '', #4791, 1.00000000000000 );
#3771 = CARTESIAN_POINT( '', ( 0.00150000000000000, 0.000000000000000, -0.000150000000000000 ) );
#3772 = CARTESIAN_POINT( '', ( 0.00150000000000000, 0.000000000000000, -0.000700000000000000 ) );
#3773 = VECTOR( '', #4792, 1.00000000000000 );
#3774 = CARTESIAN_POINT( '', ( 0.00155000000000000, 0.000000000000000, -0.000150000000000000 ) );
#3775 = CARTESIAN_POINT( '', ( 0.00150000000000000, 0.000000000000000, -0.000150000000000000 ) );
#3776 = VECTOR( '', #4793, 1.00000000000000 );
#3777 = CARTESIAN_POINT( '', ( 0.00155000000000000, 0.000000000000000, 0.000250000000000000 ) );
#3778 = CARTESIAN_POINT( '', ( 0.00155000000000000, 0.000000000000000, -0.000150000000000000 ) );
#3779 = VECTOR( '', #4794, 1.00000000000000 );
#3780 = CARTESIAN_POINT( '', ( 0.00150000000000000, 0.000000000000000, 0.000250000000000000 ) );
#3781 = CARTESIAN_POINT( '', ( 0.00150000000000000, 0.000000000000000, 0.000250000000000000 ) );
#3782 = VECTOR( '', #4795, 1.00000000000000 );
#3783 = CARTESIAN_POINT( '', ( 0.00150000000000000, 0.000000000000000, 0.000700000000000000 ) );
#3784 = CARTESIAN_POINT( '', ( 0.00150000000000000, 0.000000000000000, 0.000250000000000000 ) );
#3785 = VECTOR( '', #4796, 1.00000000000000 );
#3786 = CARTESIAN_POINT( '', ( 0.00146000000000000, 0.000000000000000, 0.000700000000000000 ) );
#3787 = CARTESIAN_POINT( '', ( 0.00150000000000000, 0.000000000000000, 0.000700000000000000 ) );
#3788 = VECTOR( '', #4797, 1.00000000000000 );
#3789 = CARTESIAN_POINT( '', ( 0.00146000000000000, 0.000000000000000, 0.00120000000000000 ) );
#3790 = VECTOR( '', #4798, 1.00000000000000 );
#3791 = CARTESIAN_POINT( '', ( -0.000850000000000000, 0.000000000000000, -7.00000000000000E-005 ) );
#3792 = CARTESIAN_POINT( '', ( -0.000950000000000000, 0.000000000000000, -7.00000000000000E-005 ) );
#3793 = CARTESIAN_POINT( '', ( -0.000850000000000000, 0.000000000000000, -7.00000000000000E-005 ) );
#3794 = VECTOR( '', #4799, 1.00000000000000 );
#3795 = CARTESIAN_POINT( '', ( -0.000850000000000000, 0.000000000000000, 0.000680000000000000 ) );
#3796 = CARTESIAN_POINT( '', ( -0.000850000000000000, 0.000000000000000, 0.000680000000000000 ) );
#3797 = VECTOR( '', #4800, 1.00000000000000 );
#3798 = CARTESIAN_POINT( '', ( -0.000950000000000000, 0.000000000000000, 0.000680000000000000 ) );
#3799 = CARTESIAN_POINT( '', ( -0.000950000000000000, 0.000000000000000, 0.000680000000000000 ) );
#3800 = VECTOR( '', #4801, 1.00000000000000 );
#3801 = CARTESIAN_POINT( '', ( -0.00110000000000000, 0.000000000000000, 0.000830000000000000 ) );
#3802 = AXIS2_PLACEMENT_3D( '', #4802, #4803, #4804 );
#3803 = CARTESIAN_POINT( '', ( -0.00110000000000000, 0.000000000000000, 0.00113000000000000 ) );
#3804 = CARTESIAN_POINT( '', ( -0.00110000000000000, 0.000000000000000, 0.00113000000000000 ) );
#3805 = VECTOR( '', #4805, 1.00000000000000 );
#3806 = CARTESIAN_POINT( '', ( -0.000950000000000000, 0.000000000000000, 0.00128000000000000 ) );
#3807 = AXIS2_PLACEMENT_3D( '', #4806, #4807, #4808 );
#3808 = CARTESIAN_POINT( '', ( 0.000950000000000000, 0.000000000000000, 0.00128000000000000 ) );
#3809 = CARTESIAN_POINT( '', ( 0.000950000000000000, 0.000000000000000, 0.00128000000000000 ) );
#3810 = VECTOR( '', #4809, 1.00000000000000 );
#3811 = CARTESIAN_POINT( '', ( 0.00110000000000000, 0.000000000000000, 0.00113000000000000 ) );
#3812 = AXIS2_PLACEMENT_3D( '', #4810, #4811, #4812 );
#3813 = CARTESIAN_POINT( '', ( 0.00110000000000000, 0.000000000000000, 0.000830000000000000 ) );
#3814 = CARTESIAN_POINT( '', ( 0.00110000000000000, 0.000000000000000, 0.000830000000000000 ) );
#3815 = VECTOR( '', #4813, 1.00000000000000 );
#3816 = CARTESIAN_POINT( '', ( 0.000950000000000000, 0.000000000000000, 0.000680000000000000 ) );
#3817 = AXIS2_PLACEMENT_3D( '', #4814, #4815, #4816 );
#3818 = CARTESIAN_POINT( '', ( 0.000850000000000000, 0.000000000000000, 0.000680000000000000 ) );
#3819 = CARTESIAN_POINT( '', ( 0.000850000000000000, 0.000000000000000, 0.000680000000000000 ) );
#3820 = VECTOR( '', #4817, 1.00000000000000 );
#3821 = CARTESIAN_POINT( '', ( 0.000850000000000000, 0.000000000000000, -7.00000000000000E-005 ) );
#3822 = CARTESIAN_POINT( '', ( 0.000850000000000000, 0.000000000000000, -7.00000000000000E-005 ) );
#3823 = VECTOR( '', #4818, 1.00000000000000 );
#3824 = CARTESIAN_POINT( '', ( 0.000950000000000000, 0.000000000000000, -7.00000000000000E-005 ) );
#3825 = CARTESIAN_POINT( '', ( 0.000950000000000000, 0.000000000000000, -7.00000000000000E-005 ) );
#3826 = VECTOR( '', #4819, 1.00000000000000 );
#3827 = CARTESIAN_POINT( '', ( 0.00110000000000000, 0.000000000000000, -0.000220000000000000 ) );
#3828 = AXIS2_PLACEMENT_3D( '', #4820, #4821, #4822 );
#3829 = CARTESIAN_POINT( '', ( 0.00110000000000000, 0.000000000000000, -0.00113000000000000 ) );
#3830 = CARTESIAN_POINT( '', ( 0.00110000000000000, 0.000000000000000, -0.00113000000000000 ) );
#3831 = VECTOR( '', #4823, 1.00000000000000 );
#3832 = CARTESIAN_POINT( '', ( 0.000950000000000000, 0.000000000000000, -0.00128000000000000 ) );
#3833 = AXIS2_PLACEMENT_3D( '', #4824, #4825, #4826 );
#3834 = CARTESIAN_POINT( '', ( -0.000950000000000000, 0.000000000000000, -0.00128000000000000 ) );
#3835 = CARTESIAN_POINT( '', ( -0.000950000000000000, 0.000000000000000, -0.00128000000000000 ) );
#3836 = VECTOR( '', #4827, 1.00000000000000 );
#3837 = CARTESIAN_POINT( '', ( -0.00110000000000000, 0.000000000000000, -0.00113000000000000 ) );
#3838 = AXIS2_PLACEMENT_3D( '', #4828, #4829, #4830 );
#3839 = CARTESIAN_POINT( '', ( -0.00110000000000000, 0.000000000000000, -0.000220000000000000 ) );
#3840 = CARTESIAN_POINT( '', ( -0.00110000000000000, 0.000000000000000, -0.000220000000000000 ) );
#3841 = VECTOR( '', #4831, 1.00000000000000 );
#3842 = AXIS2_PLACEMENT_3D( '', #4832, #4833, #4834 );
#3843 = CARTESIAN_POINT( '', ( 0.00111000000476800, 0.000000000000000, -0.000300000000000000 ) );
#3844 = CARTESIAN_POINT( '', ( 0.00119000000000000, 0.000000000000000, -0.000600000000000000 ) );
#3845 = CARTESIAN_POINT( '', ( 0.00111000000476800, 0.000000000000000, -0.000300000000000000 ) );
#3846 = VECTOR( '', #4835, 1.00000000000000 );
#3847 = CARTESIAN_POINT( '', ( 0.00114000000476800, 0.000000000000000, -0.000300000000000000 ) );
#3848 = CARTESIAN_POINT( '', ( 0.00114000000476800, 0.000000000000000, -0.000300000000000000 ) );
#3849 = VECTOR( '', #4836, 1.00000000000000 );
#3850 = CARTESIAN_POINT( '', ( 0.00116000000000000, 0.000000000000000, -0.000376595744490600 ) );
#3851 = CARTESIAN_POINT( '', ( 0.00116000000000000, 0.000000000000000, -0.000376595744490600 ) );
#3852 = VECTOR( '', #4837, 1.00000000000000 );
#3853 = CARTESIAN_POINT( '', ( 0.00126000000119200, 0.000000000000000, -0.000376595744490600 ) );
#3854 = CARTESIAN_POINT( '', ( 0.00126000000119200, 0.000000000000000, -0.000376595744490600 ) );
#3855 = VECTOR( '', #4838, 1.00000000000000 );
#3856 = CARTESIAN_POINT( '', ( 0.00128000000000000, 0.000000000000000, -0.000300000000000000 ) );
#3857 = CARTESIAN_POINT( '', ( 0.00128000000000000, 0.000000000000000, -0.000300000000000000 ) );
#3858 = VECTOR( '', #4839, 1.00000000000000 );
#3859 = CARTESIAN_POINT( '', ( 0.00131000000000000, 0.000000000000000, -0.000300000000000000 ) );
#3860 = CARTESIAN_POINT( '', ( 0.00131000000000000, 0.000000000000000, -0.000300000000000000 ) );
#3861 = VECTOR( '', #4840, 1.00000000000000 );
#3862 = CARTESIAN_POINT( '', ( 0.00122999999761600, 0.000000000000000, -0.000600000000000000 ) );
#3863 = CARTESIAN_POINT( '', ( 0.00122999999761600, 0.000000000000000, -0.000600000000000000 ) );
#3864 = VECTOR( '', #4841, 1.00000000000000 );
#3865 = CARTESIAN_POINT( '', ( 0.00119000000000000, 0.000000000000000, -0.000600000000000000 ) );
#3866 = VECTOR( '', #4842, 1.00000000000000 );
#3867 = CARTESIAN_POINT( '', ( -0.00125999999523200, 0.000000000000000, -0.000491489356756200 ) );
#3868 = CARTESIAN_POINT( '', ( -0.00112000000000000, 0.000000000000000, -0.000331914894282800 ) );
#3869 = CARTESIAN_POINT( '', ( -0.00125999999523200, 0.000000000000000, -0.000491489356756200 ) );
#3870 = VECTOR( '', #4843, 1.00000000000000 );
#3871 = CARTESIAN_POINT( '', ( -0.00127000000000000, 0.000000000000000, -0.000517021268606200 ) );
#3872 = VECTOR( '', #4844, 1.00000000000000 );
#3873 = CARTESIAN_POINT( '', ( -0.00121999999761600, 0.000000000000000, -0.000568085110187500 ) );
#3874 = CARTESIAN_POINT( '', ( -0.00121999999761600, 0.000000000000000, -0.000568085110187500 ) );
#3875 = VECTOR( '', #4845, 1.00000000000000 );
#3876 = CARTESIAN_POINT( '', ( -0.00120000000238400, 0.000000000000000, -0.000568085110187500 ) );
#3877 = CARTESIAN_POINT( '', ( -0.00120000000238400, 0.000000000000000, -0.000568085110187500 ) );
#3878 = VECTOR( '', #4846, 1.00000000000000 );
#3879 = CARTESIAN_POINT( '', ( -0.00117500000119200, 0.000000000000000, -0.000561702132225000 ) );
#3880 = CARTESIAN_POINT( '', ( -0.00117500000119200, 0.000000000000000, -0.000561702132225000 ) );
#3881 = VECTOR( '', #4847, 1.00000000000000 );
#3882 = CARTESIAN_POINT( '', ( -0.00116000000119200, 0.000000000000000, -0.000548936176300000 ) );
#3883 = CARTESIAN_POINT( '', ( -0.00116000000119200, 0.000000000000000, -0.000548936176300000 ) );
#3884 = VECTOR( '', #4848, 1.00000000000000 );
#3885 = CARTESIAN_POINT( '', ( -0.00115000000000000, 0.000000000000000, -0.000529787242412600 ) );
#3886 = CARTESIAN_POINT( '', ( -0.00115000000000000, 0.000000000000000, -0.000529787242412600 ) );
#3887 = VECTOR( '', #4849, 1.00000000000000 );
#3888 = CARTESIAN_POINT( '', ( -0.00112500000014900, 0.000000000000000, -0.000529787242412600 ) );
#3889 = CARTESIAN_POINT( '', ( -0.00112500000014900, 0.000000000000000, -0.000529787242412600 ) );
#3890 = VECTOR( '', #4850, 1.00000000000000 );
#3891 = CARTESIAN_POINT( '', ( -0.00113000000029800, 0.000000000000000, -0.000555319154262500 ) );
#3892 = CARTESIAN_POINT( '', ( -0.00113000000029800, 0.000000000000000, -0.000555319154262500 ) );
#3893 = VECTOR( '', #4851, 1.00000000000000 );
#3894 = CARTESIAN_POINT( '', ( -0.00115000000000000, 0.000000000000000, -0.000580851066112500 ) );
#3895 = CARTESIAN_POINT( '', ( -0.00115000000000000, 0.000000000000000, -0.000580851066112500 ) );
#3896 = VECTOR( '', #4852, 1.00000000000000 );
#3897 = CARTESIAN_POINT( '', ( -0.00116999999880800, 0.000000000000000, -0.000593617022037500 ) );
#3898 = CARTESIAN_POINT( '', ( -0.00116999999880800, 0.000000000000000, -0.000593617022037500 ) );
#3899 = VECTOR( '', #4853, 1.00000000000000 );
#3900 = CARTESIAN_POINT( '', ( -0.00120499999761600, 0.000000000000000, -0.000600000000000000 ) );
#3901 = CARTESIAN_POINT( '', ( -0.00120499999761600, 0.000000000000000, -0.000600000000000000 ) );
#3902 = VECTOR( '', #4854, 1.00000000000000 );
#3903 = CARTESIAN_POINT( '', ( -0.00122500000000000, 0.000000000000000, -0.000600000000000000 ) );
#3904 = CARTESIAN_POINT( '', ( -0.00122500000000000, 0.000000000000000, -0.000600000000000000 ) );
#3905 = VECTOR( '', #4855, 1.00000000000000 );
#3906 = CARTESIAN_POINT( '', ( -0.00125500000000000, 0.000000000000000, -0.000593617022037500 ) );
#3907 = CARTESIAN_POINT( '', ( -0.00125500000000000, 0.000000000000000, -0.000593617022037500 ) );
#3908 = VECTOR( '', #4856, 1.00000000000000 );
#3909 = CARTESIAN_POINT( '', ( -0.00127499999523200, 0.000000000000000, -0.000580851066112500 ) );
#3910 = CARTESIAN_POINT( '', ( -0.00127499999523200, 0.000000000000000, -0.000580851066112500 ) );
#3911 = VECTOR( '', #4857, 1.00000000000000 );
#3912 = CARTESIAN_POINT( '', ( -0.00129500000476800, 0.000000000000000, -0.000555319154262500 ) );
#3913 = CARTESIAN_POINT( '', ( -0.00129500000476800, 0.000000000000000, -0.000555319154262500 ) );
#3914 = VECTOR( '', #4858, 1.00000000000000 );
#3915 = CARTESIAN_POINT( '', ( -0.00130000000000000, 0.000000000000000, -0.000529787242412600 ) );
#3916 = CARTESIAN_POINT( '', ( -0.00130000000000000, 0.000000000000000, -0.000529787242412600 ) );
#3917 = VECTOR( '', #4859, 1.00000000000000 );
#3918 = CARTESIAN_POINT( '', ( -0.00130000000000000, 0.000000000000000, -0.000517021268606200 ) );
#3919 = CARTESIAN_POINT( '', ( -0.00130000000000000, 0.000000000000000, -0.000517021268606200 ) );
#3920 = VECTOR( '', #4860, 1.00000000000000 );
#3921 = CARTESIAN_POINT( '', ( -0.00129500000476800, 0.000000000000000, -0.000491489356756200 ) );
#3922 = CARTESIAN_POINT( '', ( -0.00129500000476800, 0.000000000000000, -0.000491489356756200 ) );
#3923 = VECTOR( '', #4861, 1.00000000000000 );
#3924 = CARTESIAN_POINT( '', ( -0.00128500000000000, 0.000000000000000, -0.000472340422868700 ) );
#3925 = CARTESIAN_POINT( '', ( -0.00128500000000000, 0.000000000000000, -0.000472340422868700 ) );
#3926 = VECTOR( '', #4862, 1.00000000000000 );
#3927 = CARTESIAN_POINT( '', ( -0.00116000000119200, 0.000000000000000, -0.000331914894282800 ) );
#3928 = CARTESIAN_POINT( '', ( -0.00116000000119200, 0.000000000000000, -0.000331914894282800 ) );
#3929 = VECTOR( '', #4863, 1.00000000000000 );
#3930 = CARTESIAN_POINT( '', ( -0.00130000000000000, 0.000000000000000, -0.000331914894282800 ) );
#3931 = CARTESIAN_POINT( '', ( -0.00130000000000000, 0.000000000000000, -0.000331914894282800 ) );
#3932 = VECTOR( '', #4864, 1.00000000000000 );
#3933 = CARTESIAN_POINT( '', ( -0.00130000000000000, 0.000000000000000, -0.000300000000000000 ) );
#3934 = CARTESIAN_POINT( '', ( -0.00130000000000000, 0.000000000000000, -0.000300000000000000 ) );
#3935 = VECTOR( '', #4865, 1.00000000000000 );
#3936 = CARTESIAN_POINT( '', ( -0.00112000000000000, 0.000000000000000, -0.000300000000000000 ) );
#3937 = CARTESIAN_POINT( '', ( -0.00112000000000000, 0.000000000000000, -0.000300000000000000 ) );
#3938 = VECTOR( '', #4866, 1.00000000000000 );
#3939 = CARTESIAN_POINT( '', ( -0.00112000000000000, 0.000000000000000, -0.000331914894282800 ) );
#3940 = VECTOR( '', #4867, 1.00000000000000 );
#3941 = CARTESIAN_POINT( '', ( 0.00156176577153900, 5.64096882920200E-005, 0.000700000000000000 ) );
#3942 = CARTESIAN_POINT( '', ( 0.00150000000000000, 6.86291501015200E-006, 0.000700000000000000 ) );
#3943 = AXIS2_PLACEMENT_3D( '', #4868, #4869, #4870 );
#3944 = CARTESIAN_POINT( '', ( 0.00156176577153900, 5.64096882920200E-005, 0.00120000000000000 ) );
#3945 = CARTESIAN_POINT( '', ( 0.00156176577153900, 5.64096882920200E-005, 0.00120000000000000 ) );
#3946 = VECTOR( '', #4871, 1.00000000000000 );
#3947 = AXIS2_PLACEMENT_3D( '', #4872, #4873, #4874 );
#3948 = AXIS2_PLACEMENT_3D( '', #4875, #4876, #4877 );
#3949 = CARTESIAN_POINT( '', ( 0.00150000000000000, 6.86291501015200E-006, 0.000700000000000000 ) );
#3950 = VECTOR( '', #4878, 1.00000000000000 );
#3951 = CARTESIAN_POINT( '', ( 0.00150000000000000, 0.000100000000000000, -0.000150000000000000 ) );
#3952 = CARTESIAN_POINT( '', ( 0.00150000000000000, 0.000100000000000000, -0.000150000000000000 ) );
#3953 = VECTOR( '', #4879, 1.00000000000000 );
#3954 = CARTESIAN_POINT( '', ( 0.00150000000000000, 6.86291501015200E-006, -0.000700000000000000 ) );
#3955 = CARTESIAN_POINT( '', ( 0.00150000000000000, 0.000000000000000, -0.000700000000000000 ) );
#3956 = VECTOR( '', #4880, 1.00000000000000 );
#3957 = CARTESIAN_POINT( '', ( 0.00150000000000000, 0.000100000000000000, -0.000700000000000000 ) );
#3958 = CARTESIAN_POINT( '', ( 0.00150000000000000, 9.50052259236300E-005, -0.000700000000000000 ) );
#3959 = VECTOR( '', #4881, 1.00000000000000 );
#3960 = CARTESIAN_POINT( '', ( 0.00150000000000000, 0.000100000000000000, -0.000450000000000000 ) );
#3961 = CARTESIAN_POINT( '', ( 0.00150000000000000, 0.000100000000000000, -0.000700000000000000 ) );
#3962 = VECTOR( '', #4882, 1.00000000000000 );
#3963 = CARTESIAN_POINT( '', ( 0.00150000000000000, 0.000100000000000000, -0.000450000000000000 ) );
#3964 = VECTOR( '', #4883, 1.00000000000000 );
#3965 = CARTESIAN_POINT( '', ( 0.00150000000000000, 0.000100000000000000, 0.000450000000000000 ) );
#3966 = CARTESIAN_POINT( '', ( 0.00150000000000000, 0.000340000000000000, 0.000450000000000000 ) );
#3967 = VECTOR( '', #4884, 1.00000000000000 );
#3968 = CARTESIAN_POINT( '', ( 0.00150000000000000, 0.000100000000000000, 0.000700000000000000 ) );
#3969 = CARTESIAN_POINT( '', ( 0.00150000000000000, 0.000100000000000000, 0.000450000000000000 ) );
#3970 = VECTOR( '', #4885, 1.00000000000000 );
#3971 = CARTESIAN_POINT( '', ( 0.00150000000000000, 9.50052259236300E-005, 0.000700000000000000 ) );
#3972 = VECTOR( '', #4886, 1.00000000000000 );
#3973 = CARTESIAN_POINT( '', ( 0.00150000000000000, 0.000100000000000000, 0.000250000000000000 ) );
#3974 = CARTESIAN_POINT( '', ( 0.00150000000000000, 0.000100000000000000, 0.000250000000000000 ) );
#3975 = VECTOR( '', #4887, 1.00000000000000 );
#3976 = CARTESIAN_POINT( '', ( 0.00150000000000000, 0.000100000000000000, 0.000250000000000000 ) );
#3977 = VECTOR( '', #4888, 1.00000000000000 );
#3978 = CARTESIAN_POINT( '', ( -0.000850000000000000, -5.00000000000000E-005, 0.000680000000000000 ) );
#3979 = CARTESIAN_POINT( '', ( -0.000850000000000000, 0.000000000000000, 0.000680000000000000 ) );
#3980 = VECTOR( '', #4889, 1.00000000000000 );
#3981 = CARTESIAN_POINT( '', ( -0.000950000000000000, -5.00000000000000E-005, 0.000680000000000000 ) );
#3982 = CARTESIAN_POINT( '', ( -0.000950000000000000, -5.00000000000000E-005, 0.000680000000000000 ) );
#3983 = VECTOR( '', #4890, 1.00000000000000 );
#3984 = CARTESIAN_POINT( '', ( -0.000950000000000000, -5.00000000000000E-005, 0.000680000000000000 ) );
#3985 = VECTOR( '', #4891, 1.00000000000000 );
#3986 = CARTESIAN_POINT( '', ( 0.00133860297657300, 0.000100000000000000, -0.000722722496360800 ) );
#3987 = CARTESIAN_POINT( '', ( 0.00133989794855700, 0.000100000000000000, -0.000700000000000000 ) );
#3988 = AXIS2_PLACEMENT_3D( '', #4892, #4893, #4894 );
#3989 = CARTESIAN_POINT( '', ( 0.00133989794855700, 9.64420937171800E-005, -0.000700000000000000 ) );
#3990 = CARTESIAN_POINT( '', ( 0.00133860297657300, 0.000100000000000000, -0.000722722496360800 ) );
#3991 = CARTESIAN_POINT( '', ( 0.00133944668348100, 9.76819343214900E-005, -0.000715344398367500 ) );
#3992 = CARTESIAN_POINT( '', ( 0.00133989794855700, 9.64420937171800E-005, -0.000707779562959200 ) );
#3993 = CARTESIAN_POINT( '', ( 0.00133989794855700, 9.64420937171800E-005, -0.000700000000000000 ) );
#3994 = CARTESIAN_POINT( '', ( 0.00133989794855700, 0.000100000000000000, -0.000700000000000000 ) );
#3995 = VECTOR( '', #4895, 1.00000000000000 );
#3996 = CARTESIAN_POINT( '', ( 0.000850000000000000, -5.00000000000000E-005, 0.000680000000000000 ) );
#3997 = CARTESIAN_POINT( '', ( 0.000850000000000000, 0.000000000000000, 0.000680000000000000 ) );
#3998 = VECTOR( '', #4896, 1.00000000000000 );
#3999 = CARTESIAN_POINT( '', ( 0.000850000000000000, -5.00000000000000E-005, -7.00000000000000E-005 ) );
#4000 = CARTESIAN_POINT( '', ( 0.000850000000000000, -5.00000000000000E-005, -7.00000000000000E-005 ) );
#4001 = VECTOR( '', #4897, 1.00000000000000 );
#4002 = CARTESIAN_POINT( '', ( 0.000850000000000000, 0.000000000000000, -7.00000000000000E-005 ) );
#4003 = VECTOR( '', #4898, 1.00000000000000 );
#4004 = CARTESIAN_POINT( '', ( 0.00119000000000000, -1.00000000000000E-005, -0.000600000000000000 ) );
#4005 = CARTESIAN_POINT( '', ( 0.00119000000000000, 0.000000000000000, -0.000600000000000000 ) );
#4006 = VECTOR( '', #4899, 1.00000000000000 );
#4007 = CARTESIAN_POINT( '', ( 0.00111000000476800, -1.00000000000000E-005, -0.000300000000000000 ) );
#4008 = CARTESIAN_POINT( '', ( 0.00111000000476800, -1.00000000000000E-005, -0.000300000000000000 ) );
#4009 = VECTOR( '', #4900, 1.00000000000000 );
#4010 = CARTESIAN_POINT( '', ( 0.00111000000476800, 0.000000000000000, -0.000300000000000000 ) );
#4011 = VECTOR( '', #4901, 1.00000000000000 );
#4012 = CARTESIAN_POINT( '', ( 0.00146000000000000, 0.000100000000000000, 0.000700000000000000 ) );
#4013 = CARTESIAN_POINT( '', ( 0.00149200669058100, 0.000100000000000000, 0.000700000000000000 ) );
#4014 = VECTOR( '', #4902, 1.00000000000000 );
#4015 = CARTESIAN_POINT( '', ( 0.00147696096192300, 0.000109401614715300, 0.000700000000000000 ) );
#4016 = AXIS2_PLACEMENT_3D( '', #4903, #4904, #4905 );
#4017 = CARTESIAN_POINT( '', ( 0.00161343210786400, 0.000327801101782200, 0.000700000000000000 ) );
#4018 = CARTESIAN_POINT( '', ( 0.00161343210786400, 0.000327801101782200, 0.000700000000000000 ) );
#4019 = VECTOR( '', #4906, 1.00000000000000 );
#4020 = CARTESIAN_POINT( '', ( 0.00169823691748000, 0.000274809175358900, 0.000700000000000000 ) );
#4021 = CARTESIAN_POINT( '', ( 0.00161343210786400, 0.000327801101782200, 0.000700000000000000 ) );
#4022 = VECTOR( '', #4907, 1.00000000000000 );
#4023 = CARTESIAN_POINT( '', ( 0.00169823691748000, 0.000274809175358900, 0.000700000000000000 ) );
#4024 = VECTOR( '', #4908, 1.00000000000000 );
#4025 = CARTESIAN_POINT( '', ( -0.00117500000000000, 0.000375000000000000, -0.000698956518577500 ) );
#4026 = CARTESIAN_POINT( '', ( -0.00117500000000000, 0.000375000000000000, -0.000698956518577500 ) );
#4027 = VECTOR( '', #4909, 1.00000000000000 );
#4028 = CARTESIAN_POINT( '', ( -0.00117500000000000, 0.000375000000000000, -0.00110000000000000 ) );
#4029 = CARTESIAN_POINT( '', ( -0.00117500000000000, 0.000375000000000000, -0.000698956518577500 ) );
#4030 = VECTOR( '', #4910, 1.00000000000000 );
#4031 = CARTESIAN_POINT( '', ( -0.00117500000000000, 0.000340000000000000, -0.00110000000000000 ) );
#4032 = VECTOR( '', #4911, 1.00000000000000 );
#4033 = CARTESIAN_POINT( '', ( -0.00102500000000000, 0.000375000000000000, -0.00125000000000000 ) );
#4034 = AXIS2_PLACEMENT_3D( '', #4912, #4913, #4914 );
#4035 = CARTESIAN_POINT( '', ( -0.00102500000000000, 0.000340000000000000, -0.00125000000000000 ) );
#4036 = VECTOR( '', #4915, 1.00000000000000 );
#4037 = CARTESIAN_POINT( '', ( 0.00102500000000000, 0.000375000000000000, -0.00125000000000000 ) );
#4038 = CARTESIAN_POINT( '', ( -0.00102500000000000, 0.000375000000000000, -0.00125000000000000 ) );
#4039 = VECTOR( '', #4916, 1.00000000000000 );
#4040 = CARTESIAN_POINT( '', ( 0.00102500000000000, 0.000340000000000000, -0.00125000000000000 ) );
#4041 = VECTOR( '', #4917, 1.00000000000000 );
#4042 = CARTESIAN_POINT( '', ( 0.00117500000000000, 0.000375000000000000, -0.000698956518577500 ) );
#4043 = CARTESIAN_POINT( '', ( 0.00117500000000000, 0.000375000000000000, -0.000698956518577500 ) );
#4044 = VECTOR( '', #4918, 1.00000000000000 );
#4045 = CARTESIAN_POINT( '', ( 0.00131250000000000, 0.000375000000000000, -0.000549478259288800 ) );
#4046 = AXIS2_PLACEMENT_3D( '', #4919, #4920, #4921 );
#4047 = CARTESIAN_POINT( '', ( 0.00131250000000000, 0.000375000000000000, -0.000549478259288800 ) );
#4048 = VECTOR( '', #4922, 1.00000000000000 );
#4049 = CARTESIAN_POINT( '', ( 0.00145000000000000, 0.000375000000000000, -0.000400000000000000 ) );
#4050 = AXIS2_PLACEMENT_3D( '', #4923, #4924, #4925 );
#4051 = CARTESIAN_POINT( '', ( 0.00145000000000000, 0.000340000000000000, -0.000400000000000000 ) );
#4052 = VECTOR( '', #4926, 1.00000000000000 );
#4053 = CARTESIAN_POINT( '', ( 0.00117500000000000, 0.000375000000000000, -0.00110000000000000 ) );
#4054 = CARTESIAN_POINT( '', ( 0.00117500000000000, 0.000340000000000000, -0.00110000000000000 ) );
#4055 = VECTOR( '', #4927, 1.00000000000000 );
#4056 = CARTESIAN_POINT( '', ( 0.00117500000000000, 0.000375000000000000, -0.00110000000000000 ) );
#4057 = VECTOR( '', #4928, 1.00000000000000 );
#4058 = CARTESIAN_POINT( '', ( 0.000407099235904000, 0.000650000000000000, 0.000000000000000 ) );
#4059 = AXIS2_PLACEMENT_3D( '', #4929, #4930, #4931 );
#4060 = CARTESIAN_POINT( '', ( 0.00105709923590400, 0.000375000000000000, 0.000000000000000 ) );
#4061 = AXIS2_PLACEMENT_3D( '', #4932, #4933, #4934 );
#4062 = CARTESIAN_POINT( '', ( -0.00120000000238400, -1.00000000000000E-005, -0.000568085110187500 ) );
#4063 = CARTESIAN_POINT( '', ( -0.00120000000238400, 0.000000000000000, -0.000568085110187500 ) );
#4064 = VECTOR( '', #4935, 1.00000000000000 );
#4065 = CARTESIAN_POINT( '', ( -0.00117500000119200, -1.00000000000000E-005, -0.000561702132225000 ) );
#4066 = CARTESIAN_POINT( '', ( -0.00117500000119200, -1.00000000000000E-005, -0.000561702132225000 ) );
#4067 = VECTOR( '', #4936, 1.00000000000000 );
#4068 = CARTESIAN_POINT( '', ( -0.00117500000119200, 0.000000000000000, -0.000561702132225000 ) );
#4069 = VECTOR( '', #4937, 1.00000000000000 );
#4070 = CARTESIAN_POINT( '', ( 0.00143928768742400, 9.99999999985800E-005, 0.000541960050759300 ) );
#4071 = AXIS2_PLACEMENT_3D( '', #4938, #4939, #4940 );
#4072 = CARTESIAN_POINT( '', ( 0.00140435068421500, 0.000340000000000600, 0.000549905546961700 ) );
#4073 = CARTESIAN_POINT( '', ( 0.00140845690603500, 0.000311797311155100, 0.000549726781590700 ) );
#4074 = CARTESIAN_POINT( '', ( 0.00141652100509300, 0.000256397123066900, 0.000548874249883300 ) );
#4075 = CARTESIAN_POINT( '', ( 0.00142830570324400, 0.000175478947083400, 0.000546157082715400 ) );
#4076 = CARTESIAN_POINT( '', ( 0.00143568811185900, 0.000124721173490500, 0.000543498127316400 ) );
#4077 = CARTESIAN_POINT( '', ( 0.00143928768742400, 9.99999999985800E-005, 0.000541960050759300 ) );
#4078 = CARTESIAN_POINT( '', ( -0.00122500000000000, -1.00000000000000E-005, -0.000600000000000000 ) );
#4079 = CARTESIAN_POINT( '', ( -0.00122500000000000, 0.000000000000000, -0.000600000000000000 ) );
#4080 = VECTOR( '', #4941, 1.00000000000000 );
#4081 = CARTESIAN_POINT( '', ( -0.00125500000000000, -1.00000000000000E-005, -0.000593617022037500 ) );
#4082 = CARTESIAN_POINT( '', ( -0.00125500000000000, -1.00000000000000E-005, -0.000593617022037500 ) );
#4083 = VECTOR( '', #4942, 1.00000000000000 );
#4084 = CARTESIAN_POINT( '', ( -0.00125500000000000, 0.000000000000000, -0.000593617022037500 ) );
#4085 = VECTOR( '', #4943, 1.00000000000000 );
#4086 = CARTESIAN_POINT( '', ( -0.00150000000000000, 0.000100000000000000, 0.000250000000000000 ) );
#4087 = CARTESIAN_POINT( '', ( -0.00150000000000000, 0.000100000000000000, 0.000250000000000000 ) );
#4088 = VECTOR( '', #4944, 1.00000000000000 );
#4089 = CARTESIAN_POINT( '', ( -0.00150000000000000, 6.86291501015200E-006, 0.000700000000000000 ) );
#4090 = CARTESIAN_POINT( '', ( -0.00150000000000000, 0.000000000000000, 0.000700000000000000 ) );
#4091 = VECTOR( '', #4945, 1.00000000000000 );
#4092 = CARTESIAN_POINT( '', ( -0.00150000000000000, 0.000100000000000000, 0.000700000000000000 ) );
#4093 = CARTESIAN_POINT( '', ( -0.00150000000000000, 9.50052259236300E-005, 0.000700000000000000 ) );
#4094 = VECTOR( '', #4946, 1.00000000000000 );
#4095 = CARTESIAN_POINT( '', ( -0.00150000000000000, 0.000100000000000000, 0.000450000000000000 ) );
#4096 = CARTESIAN_POINT( '', ( -0.00150000000000000, 0.000100000000000000, 0.000700000000000000 ) );
#4097 = VECTOR( '', #4947, 1.00000000000000 );
#4098 = CARTESIAN_POINT( '', ( -0.00150000000000000, 0.000100000000000000, 0.000450000000000000 ) );
#4099 = VECTOR( '', #4948, 1.00000000000000 );
#4100 = CARTESIAN_POINT( '', ( -0.00150000000000000, 0.000100000000000000, -0.000450000000000000 ) );
#4101 = CARTESIAN_POINT( '', ( -0.00150000000000000, 0.000340000000000000, -0.000450000000000000 ) );
#4102 = VECTOR( '', #4949, 1.00000000000000 );
#4103 = CARTESIAN_POINT( '', ( -0.00150000000000000, 0.000100000000000000, -0.000700000000000000 ) );
#4104 = CARTESIAN_POINT( '', ( -0.00150000000000000, 0.000100000000000000, -0.000450000000000000 ) );
#4105 = VECTOR( '', #4950, 1.00000000000000 );
#4106 = CARTESIAN_POINT( '', ( -0.00150000000000000, 6.86291501015200E-006, -0.000700000000000000 ) );
#4107 = CARTESIAN_POINT( '', ( -0.00150000000000000, 9.50052259236300E-005, -0.000700000000000000 ) );
#4108 = VECTOR( '', #4951, 1.00000000000000 );
#4109 = CARTESIAN_POINT( '', ( -0.00150000000000000, 6.86291501015200E-006, -0.000700000000000000 ) );
#4110 = VECTOR( '', #4952, 1.00000000000000 );
#4111 = CARTESIAN_POINT( '', ( -0.00150000000000000, 0.000100000000000000, -0.000150000000000000 ) );
#4112 = CARTESIAN_POINT( '', ( -0.00150000000000000, 0.000100000000000000, -0.000150000000000000 ) );
#4113 = VECTOR( '', #4953, 1.00000000000000 );
#4114 = CARTESIAN_POINT( '', ( -0.00150000000000000, 0.000100000000000000, -0.000150000000000000 ) );
#4115 = VECTOR( '', #4954, 1.00000000000000 );
#4116 = CARTESIAN_POINT( '', ( -0.00155000000000000, 0.000100000000000000, 0.000250000000000000 ) );
#4117 = CARTESIAN_POINT( '', ( -0.00155000000000000, 0.000100000000000000, 0.000250000000000000 ) );
#4118 = VECTOR( '', #4955, 1.00000000000000 );
#4119 = CARTESIAN_POINT( '', ( -0.00155000000000000, 0.000100000000000000, 0.000250000000000000 ) );
#4120 = VECTOR( '', #4956, 1.00000000000000 );
#4121 = CARTESIAN_POINT( '', ( 0.00169823691748000, 0.000274809175358900, -0.00120000000000000 ) );
#4122 = CARTESIAN_POINT( '', ( 0.00169823691748000, 0.000274809175358900, -0.000700000000000000 ) );
#4123 = CARTESIAN_POINT( '', ( 0.00169823691748000, 0.000274809175358900, -0.00120000000000000 ) );
#4124 = VECTOR( '', #4957, 1.00000000000000 );
#4125 = CARTESIAN_POINT( '', ( 0.00161343210786400, 0.000327801101782200, -0.00120000000000000 ) );
#4126 = CARTESIAN_POINT( '', ( 0.00161343210786400, 0.000327801101782200, -0.00120000000000000 ) );
#4127 = VECTOR( '', #4958, 1.00000000000000 );
#4128 = CARTESIAN_POINT( '', ( 0.00161343210786400, 0.000327801101782200, -0.000700000000000000 ) );
#4129 = CARTESIAN_POINT( '', ( 0.00161343210786400, 0.000327801101782200, -0.00120000000000000 ) );
#4130 = VECTOR( '', #4959, 1.00000000000000 );
#4131 = CARTESIAN_POINT( '', ( 0.00161343210786400, 0.000327801101782200, -0.000700000000000000 ) );
#4132 = VECTOR( '', #4960, 1.00000000000000 );
#4133 = CARTESIAN_POINT( '', ( -0.00116999999880800, -1.00000000000000E-005, -0.000593617022037500 ) );
#4134 = CARTESIAN_POINT( '', ( -0.00116999999880800, 0.000000000000000, -0.000593617022037500 ) );
#4135 = VECTOR( '', #4961, 1.00000000000000 );
#4136 = CARTESIAN_POINT( '', ( -0.00120499999761600, -1.00000000000000E-005, -0.000600000000000000 ) );
#4137 = CARTESIAN_POINT( '', ( -0.00120499999761600, -1.00000000000000E-005, -0.000600000000000000 ) );
#4138 = VECTOR( '', #4962, 1.00000000000000 );
#4139 = CARTESIAN_POINT( '', ( -0.00120499999761600, 0.000000000000000, -0.000600000000000000 ) );
#4140 = VECTOR( '', #4963, 1.00000000000000 );
#4141 = CARTESIAN_POINT( '', ( 0.00116499999523200, -1.00000000000000E-005, -0.000402127656340600 ) );
#4142 = CARTESIAN_POINT( '', ( 0.00116499999523200, 0.000000000000000, -0.000402127656340600 ) );
#4143 = VECTOR( '', #4964, 1.00000000000000 );
#4144 = CARTESIAN_POINT( '', ( 0.00121000000238400, -1.00000000000000E-005, -0.000574468088150000 ) );
#4145 = CARTESIAN_POINT( '', ( 0.00121000000238400, -1.00000000000000E-005, -0.000574468088150000 ) );
#4146 = VECTOR( '', #4965, 1.00000000000000 );
#4147 = CARTESIAN_POINT( '', ( 0.00121000000238400, 0.000000000000000, -0.000574468088150000 ) );
#4148 = VECTOR( '', #4966, 1.00000000000000 );
#4149 = CARTESIAN_POINT( '', ( 0.00156176577153900, 5.64096882920200E-005, -0.00120000000000000 ) );
#4150 = CARTESIAN_POINT( '', ( 0.00169823691748000, 0.000274809175358900, -0.00120000000000000 ) );
#4151 = VECTOR( '', #4967, 1.00000000000000 );
#4152 = CARTESIAN_POINT( '', ( 0.00156176577153900, 5.64096882920200E-005, -0.000700000000000000 ) );
#4153 = CARTESIAN_POINT( '', ( 0.00156176577153900, 5.64096882920200E-005, -0.000700000000000000 ) );
#4154 = VECTOR( '', #4968, 1.00000000000000 );
#4155 = CARTESIAN_POINT( '', ( 0.00156176577153900, 5.64096882920200E-005, -0.000700000000000000 ) );
#4156 = VECTOR( '', #4969, 1.00000000000000 );
#4157 = CARTESIAN_POINT( '', ( 0.00133860291940600, 9.99999853662000E-005, 0.000687003614145700 ) );
#4158 = CARTESIAN_POINT( '', ( 0.00125125010713100, 0.000339999997876000, 0.000699878423668100 ) );
#4159 = CARTESIAN_POINT( '', ( 0.00126141833436500, 0.000312062429707800, 0.000700196122699200 ) );
#4160 = CARTESIAN_POINT( '', ( 0.00128145077361200, 0.000257024920240400, 0.000699592527876300 ) );
#4161 = CARTESIAN_POINT( '', ( 0.00131086527707600, 0.000176207784904200, 0.000695160607487900 ) );
#4162 = CARTESIAN_POINT( '', ( 0.00132948962344800, 0.000125040518814200, 0.000690061382145800 ) );
#4163 = CARTESIAN_POINT( '', ( 0.00133860291940600, 9.99999853662000E-005, 0.000687003614145700 ) );
#4164 = CARTESIAN_POINT( '', ( 0.00133860297657300, 0.000100000000000000, 0.00120000000000000 ) );
#4165 = CARTESIAN_POINT( '', ( 0.00133860297657300, 0.000100000000000000, 0.00120000000000000 ) );
#4166 = VECTOR( '', #4970, 1.00000000000000 );
#4167 = CARTESIAN_POINT( '', ( 0.00133860297657300, 0.000100000000000000, 0.00120000000000000 ) );
#4168 = VECTOR( '', #4971, 1.00000000000000 );
#4169 = CARTESIAN_POINT( '', ( 0.00169823691748000, 0.000274809175358900, 0.00120000000000000 ) );
#4170 = CARTESIAN_POINT( '', ( 0.00169823691748000, 0.000274809175358900, 0.000700000000000000 ) );
#4171 = VECTOR( '', #4972, 1.00000000000000 );
#4172 = CARTESIAN_POINT( '', ( 0.00161343210786400, 0.000327801101782200, 0.00120000000000000 ) );
#4173 = CARTESIAN_POINT( '', ( 0.00161343210786400, 0.000327801101782200, 0.000700000000000000 ) );
#4174 = VECTOR( '', #4973, 1.00000000000000 );
#4175 = CARTESIAN_POINT( '', ( 0.00161343210786400, 0.000327801101782200, 0.00120000000000000 ) );
#4176 = VECTOR( '', #4974, 1.00000000000000 );
#4177 = CARTESIAN_POINT( '', ( -0.00133860297657300, 0.000100000000000000, 0.00120000000000000 ) );
#4178 = CARTESIAN_POINT( '', ( -0.00125125012034900, 0.000340000000000000, 0.00120000000000000 ) );
#4179 = VECTOR( '', #4975, 1.00000000000000 );
#4180 = CARTESIAN_POINT( '', ( -0.00133860294962600, 9.99999931017300E-005, 0.000687003604516800 ) );
#4181 = CARTESIAN_POINT( '', ( -0.00125125010946600, 0.000339999998251200, 0.000699878422246000 ) );
#4182 = CARTESIAN_POINT( '', ( -0.00126141663667200, 0.000312067146178000, 0.000700196035713000 ) );
#4183 = CARTESIAN_POINT( '', ( -0.00128144664752800, 0.000257036209124800, 0.000699592716197300 ) );
#4184 = CARTESIAN_POINT( '', ( -0.00131085138472700, 0.000176246041710800, 0.000695163314253900 ) );
#4185 = CARTESIAN_POINT( '', ( -0.00132948359467900, 0.000125056909267500, 0.000690063627523800 ) );
#4186 = CARTESIAN_POINT( '', ( -0.00133860294962600, 9.99999931017300E-005, 0.000687003604516800 ) );
#4187 = CARTESIAN_POINT( '', ( -0.00133860294962600, 9.99999931017300E-005, 0.000687003604516800 ) );
#4188 = VECTOR( '', #4976, 1.00000000000000 );
#4189 = CARTESIAN_POINT( '', ( 0.00147696096192300, 0.000109401614715300, 0.00120000000000000 ) );
#4190 = CARTESIAN_POINT( '', ( 0.00147696096192300, 0.000109401614715300, 0.00120000000000000 ) );
#4191 = VECTOR( '', #4977, 1.00000000000000 );
#4192 = CARTESIAN_POINT( '', ( 0.00147696096192300, 0.000109401614715300, 0.00120000000000000 ) );
#4193 = VECTOR( '', #4978, 1.00000000000000 );
#4194 = CARTESIAN_POINT( '', ( 0.00143928768742400, 9.99999999985800E-005, 0.000541960050759300 ) );
#4195 = CARTESIAN_POINT( '', ( 0.00143247223363200, 9.99999999985800E-005, 0.000544872125344400 ) );
#4196 = CARTESIAN_POINT( '', ( 0.00141935263551400, 9.99999999999400E-005, 0.000551486959755000 ) );
#4197 = CARTESIAN_POINT( '', ( 0.00140105036117500, 0.000100000000002300, 0.000563814892790800 ) );
#4198 = CARTESIAN_POINT( '', ( 0.00138467960459800, 9.99999999906600E-005, 0.000578194982766500 ) );
#4199 = CARTESIAN_POINT( '', ( 0.00137057531419700, 0.000100000000035000, 0.000594222081411000 ) );
#4200 = CARTESIAN_POINT( '', ( 0.00135892546430500, 9.99999998693500E-005, 0.000611522770839400 ) );
#4201 = CARTESIAN_POINT( '', ( 0.00134981682496100, 0.000100000000487600, 0.000629791607786000 ) );
#4202 = CARTESIAN_POINT( '', ( 0.00134332476859100, 9.99999981802000E-005, 0.000648662741838500 ) );
#4203 = CARTESIAN_POINT( '', ( 0.00133945436188900, 0.000100000006791600, 0.000667847153050000 ) );
#4204 = CARTESIAN_POINT( '', ( 0.00133860288969700, 9.99999853662000E-005, 0.000680609525349200 ) );
#4205 = CARTESIAN_POINT( '', ( 0.00133860291940600, 9.99999853662000E-005, 0.000687003614145700 ) );
#4206 = CARTESIAN_POINT( '', ( 0.000950000000000000, -5.00000000000000E-005, -7.00000000000000E-005 ) );
#4207 = CARTESIAN_POINT( '', ( 0.000950000000000000, -5.00000000000000E-005, -7.00000000000000E-005 ) );
#4208 = VECTOR( '', #4979, 1.00000000000000 );
#4209 = CARTESIAN_POINT( '', ( 0.000950000000000000, -5.00000000000000E-005, -7.00000000000000E-005 ) );
#4210 = VECTOR( '', #4980, 1.00000000000000 );
#4211 = CARTESIAN_POINT( '', ( 0.00110000000000000, -5.00000000000000E-005, -0.000220000000000000 ) );
#4212 = AXIS2_PLACEMENT_3D( '', #4981, #4982, #4983 );
#4213 = CARTESIAN_POINT( '', ( 0.00110000000000000, -5.00000000000000E-005, -0.000220000000000000 ) );
#4214 = VECTOR( '', #4984, 1.00000000000000 );
#4215 = CARTESIAN_POINT( '', ( 0.00156176577153900, 5.64096882920200E-005, 0.00120000000000000 ) );
#4216 = VECTOR( '', #4985, 1.00000000000000 );
#4217 = CARTESIAN_POINT( '', ( 0.00146000000000000, 0.000100000000000000, 0.00120000000000000 ) );
#4218 = AXIS2_PLACEMENT_3D( '', #4986, #4987, #4988 );
#4219 = CARTESIAN_POINT( '', ( 0.00133860297657300, 0.000100000000000000, 0.00120000000000000 ) );
#4220 = VECTOR( '', #4989, 1.00000000000000 );
#4221 = CARTESIAN_POINT( '', ( 0.00137500000000000, 0.000000000000000, 0.00120000000000000 ) );
#4222 = VECTOR( '', #4990, 1.00000000000000 );
#4223 = CARTESIAN_POINT( '', ( -0.00110000000000000, -5.00000000000000E-005, -0.000220000000000000 ) );
#4224 = CARTESIAN_POINT( '', ( -0.00110000000000000, -5.00000000000000E-005, -0.000220000000000000 ) );
#4225 = VECTOR( '', #4991, 1.00000000000000 );
#4226 = CARTESIAN_POINT( '', ( -0.000950000000000000, -5.00000000000000E-005, -7.00000000000000E-005 ) );
#4227 = AXIS2_PLACEMENT_3D( '', #4992, #4993, #4994 );
#4228 = CARTESIAN_POINT( '', ( -0.000950000000000000, -5.00000000000000E-005, -7.00000000000000E-005 ) );
#4229 = VECTOR( '', #4995, 1.00000000000000 );
#4230 = CARTESIAN_POINT( '', ( -0.000950000000000000, -5.00000000000000E-005, 0.00128000000000000 ) );
#4231 = CARTESIAN_POINT( '', ( -0.00110000000000000, -5.00000000000000E-005, 0.00113000000000000 ) );
#4232 = AXIS2_PLACEMENT_3D( '', #4996, #4997, #4998 );
#4233 = CARTESIAN_POINT( '', ( -0.00110000000000000, -5.00000000000000E-005, 0.000830000000000000 ) );
#4234 = CARTESIAN_POINT( '', ( -0.00110000000000000, -5.00000000000000E-005, 0.00113000000000000 ) );
#4235 = VECTOR( '', #4999, 1.00000000000000 );
#4236 = AXIS2_PLACEMENT_3D( '', #5000, #5001, #5002 );
#4237 = CARTESIAN_POINT( '', ( -0.000850000000000000, -5.00000000000000E-005, -7.00000000000000E-005 ) );
#4238 = CARTESIAN_POINT( '', ( -0.000850000000000000, -5.00000000000000E-005, 0.000680000000000000 ) );
#4239 = VECTOR( '', #5003, 1.00000000000000 );
#4240 = CARTESIAN_POINT( '', ( -0.000850000000000000, -5.00000000000000E-005, -7.00000000000000E-005 ) );
#4241 = VECTOR( '', #5004, 1.00000000000000 );
#4242 = CARTESIAN_POINT( '', ( -0.00110000000000000, -5.00000000000000E-005, -0.00113000000000000 ) );
#4243 = CARTESIAN_POINT( '', ( -0.00110000000000000, -5.00000000000000E-005, -0.000220000000000000 ) );
#4244 = VECTOR( '', #5005, 1.00000000000000 );
#4245 = CARTESIAN_POINT( '', ( -0.000950000000000000, -5.00000000000000E-005, -0.00128000000000000 ) );
#4246 = AXIS2_PLACEMENT_3D( '', #5006, #5007, #5008 );
#4247 = CARTESIAN_POINT( '', ( 0.000950000000000000, -5.00000000000000E-005, -0.00128000000000000 ) );
#4248 = CARTESIAN_POINT( '', ( -0.000950000000000000, -5.00000000000000E-005, -0.00128000000000000 ) );
#4249 = VECTOR( '', #5009, 1.00000000000000 );
#4250 = CARTESIAN_POINT( '', ( 0.00110000000000000, -5.00000000000000E-005, -0.00113000000000000 ) );
#4251 = AXIS2_PLACEMENT_3D( '', #5010, #5011, #5012 );
#4252 = CARTESIAN_POINT( '', ( 0.00110000000000000, -5.00000000000000E-005, -0.00113000000000000 ) );
#4253 = VECTOR( '', #5013, 1.00000000000000 );
#4254 = CARTESIAN_POINT( '', ( 0.000950000000000000, -5.00000000000000E-005, 0.000680000000000000 ) );
#4255 = CARTESIAN_POINT( '', ( 0.000850000000000000, -5.00000000000000E-005, 0.000680000000000000 ) );
#4256 = VECTOR( '', #5014, 1.00000000000000 );
#4257 = CARTESIAN_POINT( '', ( 0.00110000000000000, -5.00000000000000E-005, 0.000830000000000000 ) );
#4258 = AXIS2_PLACEMENT_3D( '', #5015, #5016, #5017 );
#4259 = CARTESIAN_POINT( '', ( 0.00110000000000000, -5.00000000000000E-005, 0.00113000000000000 ) );
#4260 = CARTESIAN_POINT( '', ( 0.00110000000000000, -5.00000000000000E-005, 0.000830000000000000 ) );
#4261 = VECTOR( '', #5018, 1.00000000000000 );
#4262 = CARTESIAN_POINT( '', ( 0.000950000000000000, -5.00000000000000E-005, 0.00128000000000000 ) );
#4263 = AXIS2_PLACEMENT_3D( '', #5019, #5020, #5021 );
#4264 = CARTESIAN_POINT( '', ( 0.000950000000000000, -5.00000000000000E-005, 0.00128000000000000 ) );
#4265 = VECTOR( '', #5022, 1.00000000000000 );
#4266 = AXIS2_PLACEMENT_3D( '', #5023, #5024, #5025 );
#4267 = CARTESIAN_POINT( '', ( 0.00114483234310200, 0.000340000000000000, -0.00130000000000000 ) );
#4268 = VECTOR( '', #5026, 1.00000000000000 );
#4269 = CARTESIAN_POINT( '', ( 0.00133860297657300, 0.000100000000000000, -0.00120000000000000 ) );
#4270 = CARTESIAN_POINT( '', ( 0.00125125012034900, 0.000340000000000000, -0.00120000000000000 ) );
#4271 = VECTOR( '', #5027, 1.00000000000000 );
#4272 = CARTESIAN_POINT( '', ( 0.00133860297657300, 0.000100000000000000, -0.00120000000000000 ) );
#4273 = VECTOR( '', #5028, 1.00000000000000 );
#4274 = CARTESIAN_POINT( '', ( -0.00155000000000000, 0.000100000000000000, -0.000150000000000000 ) );
#4275 = CARTESIAN_POINT( '', ( -0.00155000000000000, 0.000100000000000000, -0.000150000000000000 ) );
#4276 = VECTOR( '', #5029, 1.00000000000000 );
#4277 = CARTESIAN_POINT( '', ( -0.00155000000000000, 0.000100000000000000, 0.000250000000000000 ) );
#4278 = VECTOR( '', #5030, 1.00000000000000 );
#4279 = CARTESIAN_POINT( '', ( -0.00155000000000000, 0.000100000000000000, -0.000150000000000000 ) );
#4280 = VECTOR( '', #5031, 1.00000000000000 );
#4281 = CARTESIAN_POINT( '', ( -0.00143928768742400, 9.99999999985800E-005, -0.000541960050759300 ) );
#4282 = CARTESIAN_POINT( '', ( -0.00140435068421500, 0.000340000000000600, -0.000549905546961700 ) );
#4283 = CARTESIAN_POINT( '', ( -0.00140845690603500, 0.000311797311155100, -0.000549726781590700 ) );
#4284 = CARTESIAN_POINT( '', ( -0.00141652100509300, 0.000256397123066900, -0.000548874249883300 ) );
#4285 = CARTESIAN_POINT( '', ( -0.00142830570324400, 0.000175478947083300, -0.000546157082715400 ) );
#4286 = CARTESIAN_POINT( '', ( -0.00143568811185900, 0.000124721173490500, -0.000543498127316400 ) );
#4287 = CARTESIAN_POINT( '', ( -0.00143928768742400, 9.99999999985800E-005, -0.000541960050759300 ) );
#4288 = CARTESIAN_POINT( '', ( -0.00133860291940600, 9.99999853662000E-005, -0.000687003614145700 ) );
#4289 = CARTESIAN_POINT( '', ( -0.00125125010713100, 0.000339999997876000, -0.000699878423668100 ) );
#4290 = CARTESIAN_POINT( '', ( -0.00126141833436500, 0.000312062429707800, -0.000700196122699200 ) );
#4291 = CARTESIAN_POINT( '', ( -0.00128145077361200, 0.000257024920240400, -0.000699592527876300 ) );
#4292 = CARTESIAN_POINT( '', ( -0.00131086527707600, 0.000176207784904200, -0.000695160607487900 ) );
#4293 = CARTESIAN_POINT( '', ( -0.00132948962344800, 0.000125040518814200, -0.000690061382145800 ) );
#4294 = CARTESIAN_POINT( '', ( -0.00133860291940600, 9.99999853662000E-005, -0.000687003614145700 ) );
#4295 = CARTESIAN_POINT( '', ( -0.00143928768742400, 9.99999999985800E-005, -0.000541960050759300 ) );
#4296 = CARTESIAN_POINT( '', ( -0.00143247223363200, 9.99999999985800E-005, -0.000544872125344400 ) );
#4297 = CARTESIAN_POINT( '', ( -0.00141935263551400, 9.99999999999400E-005, -0.000551486959755000 ) );
#4298 = CARTESIAN_POINT( '', ( -0.00140105036117500, 0.000100000000002300, -0.000563814892790800 ) );
#4299 = CARTESIAN_POINT( '', ( -0.00138467960459800, 9.99999999906600E-005, -0.000578194982766500 ) );
#4300 = CARTESIAN_POINT( '', ( -0.00137057531419700, 0.000100000000035000, -0.000594222081411000 ) );
#4301 = CARTESIAN_POINT( '', ( -0.00135892546430500, 9.99999998693500E-005, -0.000611522770839400 ) );
#4302 = CARTESIAN_POINT( '', ( -0.00134981682496100, 0.000100000000487600, -0.000629791607786000 ) );
#4303 = CARTESIAN_POINT( '', ( -0.00134332476859100, 9.99999981802000E-005, -0.000648662741838500 ) );
#4304 = CARTESIAN_POINT( '', ( -0.00133945436188900, 0.000100000006791600, -0.000667847153050000 ) );
#4305 = CARTESIAN_POINT( '', ( -0.00133860288969700, 9.99999853662000E-005, -0.000680609525349200 ) );
#4306 = CARTESIAN_POINT( '', ( -0.00133860291940600, 9.99999853662000E-005, -0.000687003614145700 ) );
#4307 = CARTESIAN_POINT( '', ( 0.00128000000000000, -1.00000000000000E-005, -0.000300000000000000 ) );
#4308 = CARTESIAN_POINT( '', ( 0.00128000000000000, 0.000000000000000, -0.000300000000000000 ) );
#4309 = VECTOR( '', #5032, 1.00000000000000 );
#4310 = CARTESIAN_POINT( '', ( 0.00131000000000000, -1.00000000000000E-005, -0.000300000000000000 ) );
#4311 = CARTESIAN_POINT( '', ( 0.00131000000000000, -1.00000000000000E-005, -0.000300000000000000 ) );
#4312 = VECTOR( '', #5033, 1.00000000000000 );
#4313 = CARTESIAN_POINT( '', ( 0.00131000000000000, 0.000000000000000, -0.000300000000000000 ) );
#4314 = VECTOR( '', #5034, 1.00000000000000 );
#4315 = CARTESIAN_POINT( '', ( -0.00110000000000000, -5.00000000000000E-005, 0.000830000000000000 ) );
#4316 = VECTOR( '', #5035, 1.00000000000000 );
#4317 = CARTESIAN_POINT( '', ( -0.00110000000000000, -5.00000000000000E-005, 0.00113000000000000 ) );
#4318 = VECTOR( '', #5036, 1.00000000000000 );
#4319 = CARTESIAN_POINT( '', ( -0.00116000000119200, -1.00000000000000E-005, -0.000548936176300000 ) );
#4320 = CARTESIAN_POINT( '', ( -0.00116000000119200, 0.000000000000000, -0.000548936176300000 ) );
#4321 = VECTOR( '', #5037, 1.00000000000000 );
#4322 = CARTESIAN_POINT( '', ( -0.00115000000000000, -1.00000000000000E-005, -0.000529787242412600 ) );
#4323 = CARTESIAN_POINT( '', ( -0.00115000000000000, -1.00000000000000E-005, -0.000529787242412600 ) );
#4324 = VECTOR( '', #5038, 1.00000000000000 );
#4325 = CARTESIAN_POINT( '', ( -0.00115000000000000, 0.000000000000000, -0.000529787242412600 ) );
#4326 = VECTOR( '', #5039, 1.00000000000000 );
#4327 = CARTESIAN_POINT( '', ( -0.00169823691748000, 0.000274809175358900, 0.00120000000000000 ) );
#4328 = CARTESIAN_POINT( '', ( -0.00156176577153900, 5.64096882920200E-005, 0.00120000000000000 ) );
#4329 = CARTESIAN_POINT( '', ( -0.00169823691748000, 0.000274809175358900, 0.00120000000000000 ) );
#4330 = VECTOR( '', #5040, 1.00000000000000 );
#4331 = CARTESIAN_POINT( '', ( -0.00169823691748000, 0.000274809175358900, 0.000700000000000000 ) );
#4332 = CARTESIAN_POINT( '', ( -0.00169823691748000, 0.000274809175358900, 0.00120000000000000 ) );
#4333 = VECTOR( '', #5041, 1.00000000000000 );
#4334 = CARTESIAN_POINT( '', ( -0.00156176577153900, 5.64096882920200E-005, 0.000700000000000000 ) );
#4335 = CARTESIAN_POINT( '', ( -0.00156176577153900, 5.64096882920200E-005, 0.000700000000000000 ) );
#4336 = VECTOR( '', #5042, 1.00000000000000 );
#4337 = CARTESIAN_POINT( '', ( -0.00156176577153900, 5.64096882920200E-005, 0.00120000000000000 ) );
#4338 = VECTOR( '', #5043, 1.00000000000000 );
#4339 = CARTESIAN_POINT( '', ( -0.00131250000000000, 0.000375000000000000, -0.000549478259288800 ) );
#4340 = CARTESIAN_POINT( '', ( -0.00131250000000000, 0.000375000000000000, -0.000549478259288800 ) );
#4341 = VECTOR( '', #5044, 1.00000000000000 );
#4342 = AXIS2_PLACEMENT_3D( '', #5045, #5046, #5047 );
#4343 = CARTESIAN_POINT( '', ( 0.00116000000000000, -1.00000000000000E-005, -0.000376595744490600 ) );
#4344 = CARTESIAN_POINT( '', ( 0.00116000000000000, 0.000000000000000, -0.000376595744490600 ) );
#4345 = VECTOR( '', #5048, 1.00000000000000 );
#4346 = CARTESIAN_POINT( '', ( 0.00126000000119200, -1.00000000000000E-005, -0.000376595744490600 ) );
#4347 = CARTESIAN_POINT( '', ( 0.00126000000119200, -1.00000000000000E-005, -0.000376595744490600 ) );
#4348 = VECTOR( '', #5049, 1.00000000000000 );
#4349 = CARTESIAN_POINT( '', ( 0.00126000000119200, 0.000000000000000, -0.000376595744490600 ) );
#4350 = VECTOR( '', #5050, 1.00000000000000 );
#4351 = CARTESIAN_POINT( '', ( -0.000850000000000000, 0.000000000000000, -7.00000000000000E-005 ) );
#4352 = VECTOR( '', #5051, 1.00000000000000 );
#4353 = CARTESIAN_POINT( '', ( -0.00115000000000000, -1.00000000000000E-005, -0.000580851066112500 ) );
#4354 = CARTESIAN_POINT( '', ( -0.00115000000000000, 0.000000000000000, -0.000580851066112500 ) );
#4355 = VECTOR( '', #5052, 1.00000000000000 );
#4356 = CARTESIAN_POINT( '', ( -0.00116999999880800, -1.00000000000000E-005, -0.000593617022037500 ) );
#4357 = VECTOR( '', #5053, 1.00000000000000 );
#4358 = CARTESIAN_POINT( '', ( -0.00102500000000000, 0.000375000000000000, 0.00125000000000000 ) );
#4359 = CARTESIAN_POINT( '', ( -0.00102500000000000, 0.000340000000000000, 0.00125000000000000 ) );
#4360 = VECTOR( '', #5054, 1.00000000000000 );
#4361 = CARTESIAN_POINT( '', ( -0.00117500000000000, 0.000375000000000000, 0.00110000000000000 ) );
#4362 = AXIS2_PLACEMENT_3D( '', #5055, #5056, #5057 );
#4363 = CARTESIAN_POINT( '', ( -0.00117500000000000, 0.000340000000000000, 0.00110000000000000 ) );
#4364 = VECTOR( '', #5058, 1.00000000000000 );
#4365 = CARTESIAN_POINT( '', ( -0.00117500000000000, 0.000375000000000000, 0.000698956518577500 ) );
#4366 = CARTESIAN_POINT( '', ( -0.00117500000000000, 0.000375000000000000, 0.00110000000000000 ) );
#4367 = VECTOR( '', #5059, 1.00000000000000 );
#4368 = CARTESIAN_POINT( '', ( -0.00117500000000000, 0.000375000000000000, 0.000698956518577500 ) );
#4369 = VECTOR( '', #5060, 1.00000000000000 );
#4370 = CARTESIAN_POINT( '', ( 0.00102500000000000, 0.000375000000000000, 0.00125000000000000 ) );
#4371 = CARTESIAN_POINT( '', ( 0.00102500000000000, 0.000340000000000000, 0.00125000000000000 ) );
#4372 = VECTOR( '', #5061, 1.00000000000000 );
#4373 = CARTESIAN_POINT( '', ( 0.00102500000000000, 0.000375000000000000, 0.00125000000000000 ) );
#4374 = VECTOR( '', #5062, 1.00000000000000 );
#4375 = CARTESIAN_POINT( '', ( 0.00117500000000000, 0.000375000000000000, 0.00110000000000000 ) );
#4376 = CARTESIAN_POINT( '', ( 0.00117500000000000, 0.000340000000000000, 0.00110000000000000 ) );
#4377 = VECTOR( '', #5063, 1.00000000000000 );
#4378 = AXIS2_PLACEMENT_3D( '', #5064, #5065, #5066 );
#4379 = CARTESIAN_POINT( '', ( -0.00125999999523200, -1.00000000000000E-005, -0.000491489356756200 ) );
#4380 = CARTESIAN_POINT( '', ( -0.00125999999523200, 0.000000000000000, -0.000491489356756200 ) );
#4381 = VECTOR( '', #5067, 1.00000000000000 );
#4382 = CARTESIAN_POINT( '', ( -0.00127000000000000, -1.00000000000000E-005, -0.000517021268606200 ) );
#4383 = VECTOR( '', #5068, 1.00000000000000 );
#4384 = CARTESIAN_POINT( '', ( -0.00131250000000000, 0.000375000000000000, 0.000549478259288800 ) );
#4385 = CARTESIAN_POINT( '', ( -0.00131250000000000, 0.000375000000000000, 0.000549478259288800 ) );
#4386 = VECTOR( '', #5069, 1.00000000000000 );
#4387 = CARTESIAN_POINT( '', ( -0.00145000000000000, 0.000375000000000000, 0.000400000000000000 ) );
#4388 = AXIS2_PLACEMENT_3D( '', #5070, #5071, #5072 );
#4389 = CARTESIAN_POINT( '', ( -0.00145000000000000, 0.000340000000000000, 0.000400000000000000 ) );
#4390 = VECTOR( '', #5073, 1.00000000000000 );
#4391 = CARTESIAN_POINT( '', ( 0.00155000000000000, 0.000100000000000000, 0.000250000000000000 ) );
#4392 = CARTESIAN_POINT( '', ( 0.00155000000000000, 0.000100000000000000, 0.000250000000000000 ) );
#4393 = VECTOR( '', #5074, 1.00000000000000 );
#4394 = CARTESIAN_POINT( '', ( 0.00150000000000000, 0.000100000000000000, 0.000250000000000000 ) );
#4395 = VECTOR( '', #5075, 1.00000000000000 );
#4396 = CARTESIAN_POINT( '', ( 0.00114000000476800, -1.00000000000000E-005, -0.000300000000000000 ) );
#4397 = CARTESIAN_POINT( '', ( 0.00114000000476800, -1.00000000000000E-005, -0.000300000000000000 ) );
#4398 = VECTOR( '', #5076, 1.00000000000000 );
#4399 = CARTESIAN_POINT( '', ( 0.00114000000476800, 0.000000000000000, -0.000300000000000000 ) );
#4400 = VECTOR( '', #5077, 1.00000000000000 );
#4401 = CARTESIAN_POINT( '', ( 0.00126858222275200, 0.000000000000000, 0.00130000000000000 ) );
#4402 = VECTOR( '', #5078, 1.00000000000000 );
#4403 = CARTESIAN_POINT( '', ( -0.00146000000000000, 0.000100000000000000, 0.000700000000000000 ) );
#4404 = CARTESIAN_POINT( '', ( -0.00147696096192300, 0.000109401614715300, 0.000700000000000000 ) );
#4405 = AXIS2_PLACEMENT_3D( '', #5079, #5080, #5081 );
#4406 = CARTESIAN_POINT( '', ( -0.00147696096192300, 0.000109401614715300, 0.00120000000000000 ) );
#4407 = CARTESIAN_POINT( '', ( -0.00147696096192300, 0.000109401614715300, 0.00120000000000000 ) );
#4408 = VECTOR( '', #5082, 1.00000000000000 );
#4409 = CARTESIAN_POINT( '', ( -0.00146000000000000, 0.000100000000000000, 0.00120000000000000 ) );
#4410 = AXIS2_PLACEMENT_3D( '', #5083, #5084, #5085 );
#4411 = CARTESIAN_POINT( '', ( -0.00146000000000000, 0.000100000000000000, 0.00120000000000000 ) );
#4412 = VECTOR( '', #5086, 1.00000000000000 );
#4413 = AXIS2_PLACEMENT_3D( '', #5087, #5088, #5089 );
#4414 = CARTESIAN_POINT( '', ( -0.00147696096192300, 0.000109401614715300, -0.00120000000000000 ) );
#4415 = CARTESIAN_POINT( '', ( -0.00161343210786400, 0.000327801101782200, -0.00120000000000000 ) );
#4416 = CARTESIAN_POINT( '', ( -0.00147696096192300, 0.000109401614715300, -0.00120000000000000 ) );
#4417 = VECTOR( '', #5090, 1.00000000000000 );
#4418 = CARTESIAN_POINT( '', ( -0.00161343210786400, 0.000327801101782200, -0.000700000000000000 ) );
#4419 = CARTESIAN_POINT( '', ( -0.00161343210786400, 0.000327801101782200, -0.000700000000000000 ) );
#4420 = VECTOR( '', #5091, 1.00000000000000 );
#4421 = CARTESIAN_POINT( '', ( -0.00147696096192300, 0.000109401614715300, -0.000700000000000000 ) );
#4422 = CARTESIAN_POINT( '', ( -0.00161343210786400, 0.000327801101782200, -0.000700000000000000 ) );
#4423 = VECTOR( '', #5092, 1.00000000000000 );
#4424 = CARTESIAN_POINT( '', ( -0.00147696096192300, 0.000109401614715300, -0.000700000000000000 ) );
#4425 = VECTOR( '', #5093, 1.00000000000000 );
#4426 = CARTESIAN_POINT( '', ( -0.00146000000000000, 0.000100000000000000, -0.00120000000000000 ) );
#4427 = AXIS2_PLACEMENT_3D( '', #5094, #5095, #5096 );
#4428 = CARTESIAN_POINT( '', ( -0.00146000000000000, 0.000100000000000000, -0.000700000000000000 ) );
#4429 = AXIS2_PLACEMENT_3D( '', #5097, #5098, #5099 );
#4430 = CARTESIAN_POINT( '', ( -0.00146000000000000, 0.000100000000000000, -0.000700000000000000 ) );
#4431 = VECTOR( '', #5100, 1.00000000000000 );
#4432 = CARTESIAN_POINT( '', ( -0.00133860297657300, 0.000100000000000000, -0.00120000000000000 ) );
#4433 = VECTOR( '', #5101, 1.00000000000000 );
#4434 = CARTESIAN_POINT( '', ( -0.00156176577153900, 5.64096882920200E-005, -0.00120000000000000 ) );
#4435 = AXIS2_PLACEMENT_3D( '', #5102, #5103, #5104 );
#4436 = CARTESIAN_POINT( '', ( -0.00169823691748000, 0.000274809175358900, -0.00120000000000000 ) );
#4437 = CARTESIAN_POINT( '', ( -0.00156176577153900, 5.64096882920200E-005, -0.00120000000000000 ) );
#4438 = VECTOR( '', #5105, 1.00000000000000 );
#4439 = CARTESIAN_POINT( '', ( -0.00161343210786400, 0.000327801101782200, -0.00120000000000000 ) );
#4440 = VECTOR( '', #5106, 1.00000000000000 );
#4441 = CARTESIAN_POINT( '', ( -0.00161343210786400, 0.000327801101782200, 0.000700000000000000 ) );
#4442 = CARTESIAN_POINT( '', ( -0.00147696096192300, 0.000109401614715300, 0.000700000000000000 ) );
#4443 = VECTOR( '', #5107, 1.00000000000000 );
#4444 = CARTESIAN_POINT( '', ( -0.00161343210786400, 0.000327801101782200, 0.00120000000000000 ) );
#4445 = CARTESIAN_POINT( '', ( -0.00161343210786400, 0.000327801101782200, 0.00120000000000000 ) );
#4446 = VECTOR( '', #5108, 1.00000000000000 );
#4447 = CARTESIAN_POINT( '', ( -0.00161343210786400, 0.000327801101782200, 0.00120000000000000 ) );
#4448 = VECTOR( '', #5109, 1.00000000000000 );
#4449 = CARTESIAN_POINT( '', ( -0.00161343210786400, 0.000327801101782200, 0.00120000000000000 ) );
#4450 = VECTOR( '', #5110, 1.00000000000000 );
#4451 = CARTESIAN_POINT( '', ( -0.00161343210786400, 0.000327801101782200, 0.000700000000000000 ) );
#4452 = VECTOR( '', #5111, 1.00000000000000 );
#4453 = CARTESIAN_POINT( '', ( -0.00149200669058100, 0.000100000000000000, 0.000700000000000000 ) );
#4454 = VECTOR( '', #5112, 1.00000000000000 );
#4455 = AXIS2_PLACEMENT_3D( '', #5113, #5114, #5115 );
#4456 = AXIS2_PLACEMENT_3D( '', #5116, #5117, #5118 );
#4457 = CARTESIAN_POINT( '', ( -0.00145000000000000, 0.000375000000000000, -0.000400000000000000 ) );
#4458 = AXIS2_PLACEMENT_3D( '', #5119, #5120, #5121 );
#4459 = CARTESIAN_POINT( '', ( -0.00145000000000000, 0.000375000000000000, 0.000400000000000000 ) );
#4460 = VECTOR( '', #5122, 1.00000000000000 );
#4461 = AXIS2_PLACEMENT_3D( '', #5123, #5124, #5125 );
#4462 = CARTESIAN_POINT( '', ( 0.00117500000000000, 0.000375000000000000, 0.000698956518577500 ) );
#4463 = CARTESIAN_POINT( '', ( 0.00117500000000000, 0.000375000000000000, 0.000698956518577500 ) );
#4464 = VECTOR( '', #5126, 1.00000000000000 );
#4465 = CARTESIAN_POINT( '', ( 0.00131250000000000, 0.000375000000000000, 0.000549478259288800 ) );
#4466 = AXIS2_PLACEMENT_3D( '', #5127, #5128, #5129 );
#4467 = CARTESIAN_POINT( '', ( 0.00145000000000000, 0.000375000000000000, 0.000400000000000000 ) );
#4468 = AXIS2_PLACEMENT_3D( '', #5130, #5131, #5132 );
#4469 = CARTESIAN_POINT( '', ( 0.00145000000000000, 0.000375000000000000, -0.000400000000000000 ) );
#4470 = VECTOR( '', #5133, 1.00000000000000 );
#4471 = CARTESIAN_POINT( '', ( -0.00130000000000000, -1.00000000000000E-005, -0.000517021268606200 ) );
#4472 = CARTESIAN_POINT( '', ( -0.00130000000000000, 0.000000000000000, -0.000517021268606200 ) );
#4473 = VECTOR( '', #5134, 1.00000000000000 );
#4474 = CARTESIAN_POINT( '', ( -0.00129500000476800, -1.00000000000000E-005, -0.000491489356756200 ) );
#4475 = CARTESIAN_POINT( '', ( -0.00129500000476800, -1.00000000000000E-005, -0.000491489356756200 ) );
#4476 = VECTOR( '', #5135, 1.00000000000000 );
#4477 = CARTESIAN_POINT( '', ( -0.00129500000476800, 0.000000000000000, -0.000491489356756200 ) );
#4478 = VECTOR( '', #5136, 1.00000000000000 );
#4479 = AXIS2_PLACEMENT_3D( '', #5137, #5138, #5139 );
#4480 = AXIS2_PLACEMENT_3D( '', #5140, #5141, #5142 );
#4481 = AXIS2_PLACEMENT_3D( '', #5143, #5144, #5145 );
#4482 = CARTESIAN_POINT( '', ( 0.00147696096192300, 0.000109401614715300, -0.000700000000000000 ) );
#4483 = CARTESIAN_POINT( '', ( 0.00147696096192300, 0.000109401614715300, -0.000700000000000000 ) );
#4484 = VECTOR( '', #5146, 1.00000000000000 );
#4485 = CARTESIAN_POINT( '', ( 0.00146000000000000, 0.000100000000000000, -0.000700000000000000 ) );
#4486 = AXIS2_PLACEMENT_3D( '', #5147, #5148, #5149 );
#4487 = CARTESIAN_POINT( '', ( 0.00149200669058100, 0.000100000000000000, -0.000700000000000000 ) );
#4488 = VECTOR( '', #5150, 1.00000000000000 );
#4489 = CARTESIAN_POINT( '', ( -0.00143928680474000, 9.99999999996200E-005, 0.000541960546366300 ) );
#4490 = AXIS2_PLACEMENT_3D( '', #5151, #5152, #5153 );
#4491 = CARTESIAN_POINT( '', ( -0.00140435067869900, 0.000340000000000700, 0.000549905552180700 ) );
#4492 = CARTESIAN_POINT( '', ( -0.00140845707528000, 0.000311796115338600, 0.000549726789216500 ) );
#4493 = CARTESIAN_POINT( '', ( -0.00141652130759700, 0.000256394335951600, 0.000548874240478900 ) );
#4494 = CARTESIAN_POINT( '', ( -0.00142830651230000, 0.000175476218209200, 0.000546156749927900 ) );
#4495 = CARTESIAN_POINT( '', ( -0.00143568740481500, 0.000124720009610900, 0.000543498503953800 ) );
#4496 = CARTESIAN_POINT( '', ( -0.00143928680474000, 9.99999999996200E-005, 0.000541960546366300 ) );
#4497 = CARTESIAN_POINT( '', ( -0.00133860294962600, 9.99999931017300E-005, 0.000687003604516800 ) );
#4498 = CARTESIAN_POINT( '', ( -0.00133860292030500, 9.99999931017300E-005, 0.000680609572846900 ) );
#4499 = CARTESIAN_POINT( '', ( -0.00133945447707100, 0.000100000003201500, 0.000667847282590600 ) );
#4500 = CARTESIAN_POINT( '', ( -0.00134332478272600, 9.99999991421600E-005, 0.000648663011687200 ) );
#4501 = CARTESIAN_POINT( '', ( -0.00134981672876600, 0.000100000000229900, 0.000629792027479100 ) );
#4502 = CARTESIAN_POINT( '', ( -0.00135892520185600, 9.99999999384100E-005, 0.000611523305365700 ) );
#4503 = CARTESIAN_POINT( '', ( -0.00137057480912300, 0.000100000000016500, 0.000594222778822900 ) );
#4504 = CARTESIAN_POINT( '', ( -0.00138467875050200, 9.99999999955900E-005, 0.000578195810257500 ) );
#4505 = CARTESIAN_POINT( '', ( -0.00140104940276800, 0.000100000000001100, 0.000563815692434000 ) );
#4506 = CARTESIAN_POINT( '', ( -0.00141935046608500, 9.99999999998300E-005, 0.000551488162394200 ) );
#4507 = CARTESIAN_POINT( '', ( -0.00143247187819300, 9.99999999996200E-005, 0.000544872383620000 ) );
#4508 = CARTESIAN_POINT( '', ( -0.00143928680474000, 9.99999999996200E-005, 0.000541960546366300 ) );
#4509 = AXIS2_PLACEMENT_3D( '', #5154, #5155, #5156 );
#4510 = CARTESIAN_POINT( '', ( 0.000950000000000000, -5.00000000000000E-005, 0.000680000000000000 ) );
#4511 = VECTOR( '', #5157, 1.00000000000000 );
#4512 = CARTESIAN_POINT( '', ( -0.000950000000000000, -5.00000000000000E-005, -0.00128000000000000 ) );
#4513 = VECTOR( '', #5158, 1.00000000000000 );
#4514 = CARTESIAN_POINT( '', ( -0.00110000000000000, -5.00000000000000E-005, -0.00113000000000000 ) );
#4515 = VECTOR( '', #5159, 1.00000000000000 );
#4516 = CARTESIAN_POINT( '', ( -0.00133860297657300, 0.000100000000000000, -0.000700000000000000 ) );
#4517 = CARTESIAN_POINT( '', ( -0.00133989794855700, 0.000100000000000000, -0.000700000000000000 ) );
#4518 = CARTESIAN_POINT( '', ( -0.00133860297657300, 0.000100000000000000, -0.000700000000000000 ) );
#4519 = VECTOR( '', #5160, 1.00000000000000 );
#4520 = CARTESIAN_POINT( '', ( -0.00133989794855700, 9.64420937171800E-005, -0.000700000000000000 ) );
#4521 = CARTESIAN_POINT( '', ( -0.00133989794855700, 9.64420937171800E-005, -0.000700000000000000 ) );
#4522 = VECTOR( '', #5161, 1.00000000000000 );
#4523 = CARTESIAN_POINT( '', ( -0.00133989794855700, 0.000100000000000000, -0.000700000000000000 ) );
#4524 = VECTOR( '', #5162, 1.00000000000000 );
#4525 = CARTESIAN_POINT( '', ( 0.00131250000000000, 0.000375000000000000, 0.000549478259288800 ) );
#4526 = VECTOR( '', #5163, 1.00000000000000 );
#4527 = CARTESIAN_POINT( '', ( 0.00117500000000000, 0.000375000000000000, 0.000698956518577500 ) );
#4528 = VECTOR( '', #5164, 1.00000000000000 );
#4529 = CARTESIAN_POINT( '', ( 0.000950000000000000, -5.00000000000000E-005, 0.00128000000000000 ) );
#4530 = VECTOR( '', #5165, 1.00000000000000 );
#4531 = CARTESIAN_POINT( '', ( -0.000950000000000000, -5.00000000000000E-005, 0.00128000000000000 ) );
#4532 = VECTOR( '', #5166, 1.00000000000000 );
#4533 = CARTESIAN_POINT( '', ( -0.00145000000000000, 0.000340000000000000, -0.000400000000000000 ) );
#4534 = VECTOR( '', #5167, 1.00000000000000 );
#4535 = CARTESIAN_POINT( '', ( -0.00130000000000000, -1.00000000000000E-005, -0.000529787242412600 ) );
#4536 = CARTESIAN_POINT( '', ( -0.00130000000000000, 0.000000000000000, -0.000529787242412600 ) );
#4537 = VECTOR( '', #5168, 1.00000000000000 );
#4538 = CARTESIAN_POINT( '', ( -0.00130000000000000, -1.00000000000000E-005, -0.000517021268606200 ) );
#4539 = VECTOR( '', #5169, 1.00000000000000 );
#4540 = CARTESIAN_POINT( '', ( -0.00121999999761600, -1.00000000000000E-005, -0.000568085110187500 ) );
#4541 = CARTESIAN_POINT( '', ( -0.00121999999761600, 0.000000000000000, -0.000568085110187500 ) );
#4542 = VECTOR( '', #5170, 1.00000000000000 );
#4543 = CARTESIAN_POINT( '', ( -0.00120000000238400, -1.00000000000000E-005, -0.000568085110187500 ) );
#4544 = VECTOR( '', #5171, 1.00000000000000 );
#4545 = CARTESIAN_POINT( '', ( 0.00125499999880800, -1.00000000000000E-005, -0.000402127656340600 ) );
#4546 = CARTESIAN_POINT( '', ( 0.00125499999880800, -1.00000000000000E-005, -0.000402127656340600 ) );
#4547 = VECTOR( '', #5172, 1.00000000000000 );
#4548 = CARTESIAN_POINT( '', ( 0.00125499999880800, 0.000000000000000, -0.000402127656340600 ) );
#4549 = VECTOR( '', #5173, 1.00000000000000 );
#4550 = CARTESIAN_POINT( '', ( -0.00130000000000000, -1.00000000000000E-005, -0.000300000000000000 ) );
#4551 = CARTESIAN_POINT( '', ( -0.00130000000000000, 0.000000000000000, -0.000300000000000000 ) );
#4552 = VECTOR( '', #5174, 1.00000000000000 );
#4553 = CARTESIAN_POINT( '', ( -0.00112000000000000, -1.00000000000000E-005, -0.000300000000000000 ) );
#4554 = CARTESIAN_POINT( '', ( -0.00112000000000000, -1.00000000000000E-005, -0.000300000000000000 ) );
#4555 = VECTOR( '', #5175, 1.00000000000000 );
#4556 = CARTESIAN_POINT( '', ( -0.00112000000000000, 0.000000000000000, -0.000300000000000000 ) );
#4557 = VECTOR( '', #5176, 1.00000000000000 );
#4558 = CARTESIAN_POINT( '', ( 0.00110000000000000, -5.00000000000000E-005, 0.00113000000000000 ) );
#4559 = VECTOR( '', #5177, 1.00000000000000 );
#4560 = CARTESIAN_POINT( '', ( 0.00110000000000000, -5.00000000000000E-005, 0.000830000000000000 ) );
#4561 = VECTOR( '', #5178, 1.00000000000000 );
#4562 = CARTESIAN_POINT( '', ( -0.00146000000000000, 0.000100000000000000, -0.000700000000000000 ) );
#4563 = VECTOR( '', #5179, 1.00000000000000 );
#4564 = CARTESIAN_POINT( '', ( -0.00169823691748000, 0.000274809175358900, -0.000700000000000000 ) );
#4565 = CARTESIAN_POINT( '', ( -0.00161343210786400, 0.000327801101782200, -0.000700000000000000 ) );
#4566 = VECTOR( '', #5180, 1.00000000000000 );
#4567 = CARTESIAN_POINT( '', ( -0.00156176577153900, 5.64096882920200E-005, -0.000700000000000000 ) );
#4568 = CARTESIAN_POINT( '', ( -0.00169823691748000, 0.000274809175358900, -0.000700000000000000 ) );
#4569 = VECTOR( '', #5181, 1.00000000000000 );
#4570 = AXIS2_PLACEMENT_3D( '', #5182, #5183, #5184 );
#4571 = CARTESIAN_POINT( '', ( -0.00156176577153900, 5.64096882920200E-005, -0.000700000000000000 ) );
#4572 = VECTOR( '', #5185, 1.00000000000000 );
#4573 = CARTESIAN_POINT( '', ( 0.000950000000000000, -5.00000000000000E-005, -0.00128000000000000 ) );
#4574 = VECTOR( '', #5186, 1.00000000000000 );
#4575 = CARTESIAN_POINT( '', ( -0.00146000000000000, 0.000100000000000000, 0.00120000000000000 ) );
#4576 = VECTOR( '', #5187, 1.00000000000000 );
#4577 = CARTESIAN_POINT( '', ( -0.00133860297657300, 0.000100000000000000, 0.00120000000000000 ) );
#4578 = VECTOR( '', #5188, 1.00000000000000 );
#4579 = CARTESIAN_POINT( '', ( 0.00122999999761600, -1.00000000000000E-005, -0.000600000000000000 ) );
#4580 = CARTESIAN_POINT( '', ( 0.00122999999761600, -1.00000000000000E-005, -0.000600000000000000 ) );
#4581 = VECTOR( '', #5189, 1.00000000000000 );
#4582 = CARTESIAN_POINT( '', ( 0.00122999999761600, 0.000000000000000, -0.000600000000000000 ) );
#4583 = VECTOR( '', #5190, 1.00000000000000 );
#4584 = CARTESIAN_POINT( '', ( 0.00128000000000000, -1.00000000000000E-005, -0.000300000000000000 ) );
#4585 = VECTOR( '', #5191, 1.00000000000000 );
#4586 = CARTESIAN_POINT( '', ( 0.00116000000000000, -1.00000000000000E-005, -0.000376595744490600 ) );
#4587 = VECTOR( '', #5192, 1.00000000000000 );
#4588 = CARTESIAN_POINT( '', ( 0.00119000000000000, -1.00000000000000E-005, -0.000600000000000000 ) );
#4589 = VECTOR( '', #5193, 1.00000000000000 );
#4590 = CARTESIAN_POINT( '', ( 0.00116499999523200, -1.00000000000000E-005, -0.000402127656340600 ) );
#4591 = VECTOR( '', #5194, 1.00000000000000 );
#4592 = CARTESIAN_POINT( '', ( -0.00169823691748000, 0.000274809175358900, -0.000700000000000000 ) );
#4593 = VECTOR( '', #5195, 1.00000000000000 );
#4594 = CARTESIAN_POINT( '', ( 0.00110000000000000, -5.00000000000000E-005, -0.00113000000000000 ) );
#4595 = VECTOR( '', #5196, 1.00000000000000 );
#4596 = CARTESIAN_POINT( '', ( 0.00133860297657300, 0.000100000000000000, -0.000700000000000000 ) );
#4597 = CARTESIAN_POINT( '', ( 0.00133989794855700, 9.64420937171800E-005, -0.000700000000000000 ) );
#4598 = VECTOR( '', #5197, 1.00000000000000 );
#4599 = CARTESIAN_POINT( '', ( 0.00133989794855700, 0.000100000000000000, -0.000700000000000000 ) );
#4600 = VECTOR( '', #5198, 1.00000000000000 );
#4601 = CARTESIAN_POINT( '', ( 0.00145000000000000, 0.000340000000000000, 0.000400000000000000 ) );
#4602 = VECTOR( '', #5199, 1.00000000000000 );
#4603 = CARTESIAN_POINT( '', ( -0.00127499999523200, -1.00000000000000E-005, -0.000580851066112500 ) );
#4604 = CARTESIAN_POINT( '', ( -0.00127499999523200, 0.000000000000000, -0.000580851066112500 ) );
#4605 = VECTOR( '', #5200, 1.00000000000000 );
#4606 = CARTESIAN_POINT( '', ( -0.00129500000476800, -1.00000000000000E-005, -0.000555319154262500 ) );
#4607 = CARTESIAN_POINT( '', ( -0.00129500000476800, -1.00000000000000E-005, -0.000555319154262500 ) );
#4608 = VECTOR( '', #5201, 1.00000000000000 );
#4609 = CARTESIAN_POINT( '', ( -0.00129500000476800, 0.000000000000000, -0.000555319154262500 ) );
#4610 = VECTOR( '', #5202, 1.00000000000000 );
#4611 = CARTESIAN_POINT( '', ( -0.00130000000000000, -1.00000000000000E-005, -0.000529787242412600 ) );
#4612 = VECTOR( '', #5203, 1.00000000000000 );
#4613 = CARTESIAN_POINT( '', ( -0.00127499999523200, -1.00000000000000E-005, -0.000580851066112500 ) );
#4614 = VECTOR( '', #5204, 1.00000000000000 );
#4615 = CARTESIAN_POINT( '', ( 0.00146000000000000, 0.000100000000000000, 0.00120000000000000 ) );
#4616 = VECTOR( '', #5205, 1.00000000000000 );
#4617 = CARTESIAN_POINT( '', ( -0.00133860297657300, 0.000100000000000000, -0.000722722496360800 ) );
#4618 = CARTESIAN_POINT( '', ( -0.00133989794855700, 9.64420937171800E-005, -0.000700000000000000 ) );
#4619 = CARTESIAN_POINT( '', ( -0.00133989794855700, 9.64420937171800E-005, -0.000707779562959200 ) );
#4620 = CARTESIAN_POINT( '', ( -0.00133944668348100, 9.76819343214900E-005, -0.000715344398367500 ) );
#4621 = CARTESIAN_POINT( '', ( -0.00133860297657300, 0.000100000000000000, -0.000722722496360800 ) );
#4622 = CARTESIAN_POINT( '', ( -0.00133860291940600, 9.99999853662000E-005, -0.000687003614145700 ) );
#4623 = VECTOR( '', #5206, 1.00000000000000 );
#4624 = CARTESIAN_POINT( '', ( -0.00133860297657300, 0.000100000000000000, -0.00120000000000000 ) );
#4625 = VECTOR( '', #5207, 1.00000000000000 );
#4626 = AXIS2_PLACEMENT_3D( '', #5208, #5209, #5210 );
#4627 = AXIS2_PLACEMENT_3D( '', #5211, #5212, #5213 );
#4628 = CARTESIAN_POINT( '', ( 0.00147696096192300, 0.000109401614715300, -0.00120000000000000 ) );
#4629 = CARTESIAN_POINT( '', ( 0.00147696096192300, 0.000109401614715300, -0.000700000000000000 ) );
#4630 = VECTOR( '', #5214, 1.00000000000000 );
#4631 = CARTESIAN_POINT( '', ( 0.00146000000000000, 0.000100000000000000, -0.00120000000000000 ) );
#4632 = AXIS2_PLACEMENT_3D( '', #5215, #5216, #5217 );
#4633 = CARTESIAN_POINT( '', ( 0.00146000000000000, 0.000100000000000000, -0.000700000000000000 ) );
#4634 = VECTOR( '', #5218, 1.00000000000000 );
#4635 = CARTESIAN_POINT( '', ( 0.00161343210786400, 0.000327801101782200, -0.00120000000000000 ) );
#4636 = VECTOR( '', #5219, 1.00000000000000 );
#4637 = CARTESIAN_POINT( '', ( 0.00146000000000000, 0.000100000000000000, -0.00120000000000000 ) );
#4638 = VECTOR( '', #5220, 1.00000000000000 );
#4639 = CARTESIAN_POINT( '', ( 0.00133860297657300, 0.000100000000000000, -0.00120000000000000 ) );
#4640 = VECTOR( '', #5221, 1.00000000000000 );
#4641 = CARTESIAN_POINT( '', ( 0.00133860294962600, 9.99999931017300E-005, -0.000687003604516900 ) );
#4642 = VECTOR( '', #5222, 1.00000000000000 );
#4643 = CARTESIAN_POINT( '', ( -0.00121999999761600, -1.00000000000000E-005, -0.000568085110187500 ) );
#4644 = VECTOR( '', #5223, 1.00000000000000 );
#4645 = CARTESIAN_POINT( '', ( -0.00128500000000000, -1.00000000000000E-005, -0.000472340422868700 ) );
#4646 = CARTESIAN_POINT( '', ( -0.00128500000000000, 0.000000000000000, -0.000472340422868700 ) );
#4647 = VECTOR( '', #5224, 1.00000000000000 );
#4648 = CARTESIAN_POINT( '', ( -0.00116000000119200, -1.00000000000000E-005, -0.000331914894282800 ) );
#4649 = CARTESIAN_POINT( '', ( -0.00116000000119200, -1.00000000000000E-005, -0.000331914894282800 ) );
#4650 = VECTOR( '', #5225, 1.00000000000000 );
#4651 = CARTESIAN_POINT( '', ( -0.00116000000119200, 0.000000000000000, -0.000331914894282800 ) );
#4652 = VECTOR( '', #5226, 1.00000000000000 );
#4653 = CARTESIAN_POINT( '', ( -0.00130000000000000, -1.00000000000000E-005, -0.000331914894282800 ) );
#4654 = CARTESIAN_POINT( '', ( -0.00130000000000000, -1.00000000000000E-005, -0.000331914894282800 ) );
#4655 = VECTOR( '', #5227, 1.00000000000000 );
#4656 = CARTESIAN_POINT( '', ( -0.00130000000000000, 0.000000000000000, -0.000331914894282800 ) );
#4657 = VECTOR( '', #5228, 1.00000000000000 );
#4658 = CARTESIAN_POINT( '', ( -0.00130000000000000, -1.00000000000000E-005, -0.000300000000000000 ) );
#4659 = VECTOR( '', #5229, 1.00000000000000 );
#4660 = CARTESIAN_POINT( '', ( -0.00116000000119200, -1.00000000000000E-005, -0.000548936176300000 ) );
#4661 = VECTOR( '', #5230, 1.00000000000000 );
#4662 = CARTESIAN_POINT( '', ( -0.00112000000000000, -1.00000000000000E-005, -0.000331914894282800 ) );
#4663 = CARTESIAN_POINT( '', ( -0.00112000000000000, 0.000000000000000, -0.000331914894282800 ) );
#4664 = VECTOR( '', #5231, 1.00000000000000 );
#4665 = CARTESIAN_POINT( '', ( -0.00125999999523200, -1.00000000000000E-005, -0.000491489356756200 ) );
#4666 = VECTOR( '', #5232, 1.00000000000000 );
#4667 = CARTESIAN_POINT( '', ( -0.00112500000014900, -1.00000000000000E-005, -0.000529787242412600 ) );
#4668 = CARTESIAN_POINT( '', ( -0.00112500000014900, -1.00000000000000E-005, -0.000529787242412600 ) );
#4669 = VECTOR( '', #5233, 1.00000000000000 );
#4670 = CARTESIAN_POINT( '', ( -0.00112500000014900, 0.000000000000000, -0.000529787242412600 ) );
#4671 = VECTOR( '', #5234, 1.00000000000000 );
#4672 = CARTESIAN_POINT( '', ( -0.00113000000029800, -1.00000000000000E-005, -0.000555319154262500 ) );
#4673 = CARTESIAN_POINT( '', ( -0.00113000000029800, -1.00000000000000E-005, -0.000555319154262500 ) );
#4674 = VECTOR( '', #5235, 1.00000000000000 );
#4675 = CARTESIAN_POINT( '', ( -0.00113000000029800, 0.000000000000000, -0.000555319154262500 ) );
#4676 = VECTOR( '', #5236, 1.00000000000000 );
#4677 = CARTESIAN_POINT( '', ( -0.00115000000000000, -1.00000000000000E-005, -0.000580851066112500 ) );
#4678 = VECTOR( '', #5237, 1.00000000000000 );
#4679 = CARTESIAN_POINT( '', ( 0.00155000000000000, 0.000100000000000000, -0.000150000000000000 ) );
#4680 = CARTESIAN_POINT( '', ( 0.00150000000000000, 0.000100000000000000, -0.000150000000000000 ) );
#4681 = VECTOR( '', #5238, 1.00000000000000 );
#4682 = CARTESIAN_POINT( '', ( 0.00155000000000000, 0.000100000000000000, -0.000150000000000000 ) );
#4683 = VECTOR( '', #5239, 1.00000000000000 );
#4684 = CARTESIAN_POINT( '', ( 0.00155000000000000, 0.000100000000000000, -0.000150000000000000 ) );
#4685 = VECTOR( '', #5240, 1.00000000000000 );
#4686 = AXIS2_PLACEMENT_3D( '', #5241, #5242, #5243 );
#4687 = CARTESIAN_POINT( '', ( -0.00114483234310200, 0.000340000000000000, 0.00130000000000000 ) );
#4688 = VECTOR( '', #5244, 1.00000000000000 );
#4689 = CARTESIAN_POINT( '', ( -0.00128500000000000, -1.00000000000000E-005, -0.000472340422868700 ) );
#4690 = VECTOR( '', #5245, 1.00000000000000 );
#4691 = CARTESIAN_POINT( '', ( -0.00122500000000000, -1.00000000000000E-005, -0.000600000000000000 ) );
#4692 = VECTOR( '', #5246, 1.00000000000000 );
#4693 = CARTESIAN_POINT( '', ( -0.00112000000000000, -1.00000000000000E-005, -0.000331914894282800 ) );
#4694 = VECTOR( '', #5247, 1.00000000000000 );
#4695 = DIRECTION( '', ( -0.252640682197199, 0.000000000000000, -0.967560171616698 ) );
#4696 = DIRECTION( '', ( 1.00000000000000, 0.000000000000000, 0.000000000000000 ) );
#4697 = DIRECTION( '', ( -0.252640738586811, 0.000000000000000, 0.967560156892744 ) );
#4698 = DIRECTION( '', ( 0.342020143325699, 0.939692620785897, 0.000000000000000 ) );
#4699 = DIRECTION( '', ( 0.342020143325699, 0.939692620785897, 0.000000000000000 ) );
#4700 = DIRECTION( '', ( 0.342020143325699, 0.939692620785897, 0.000000000000000 ) );
#4701 = DIRECTION( '', ( -1.00000000000000, 0.000000000000000, 0.000000000000000 ) );
#4702 = DIRECTION( '', ( 2.64298182681300E-008, -4.24695097408000E-009, 1.00000000000000 ) );
#4703 = CARTESIAN_POINT( '', ( -0.00140000000000000, 0.000340000000000000, -0.000450000000000000 ) );
#4704 = DIRECTION( '', ( 0.000000000000000, 1.00000000000000, 0.000000000000000 ) );
#4705 = DIRECTION( '', ( -0.0435059314976809, 0.000000000000000, -0.999053168717521 ) );
#4706 = DIRECTION( '', ( 0.000000000000000, 0.000000000000000, 1.00000000000000 ) );
#4707 = CARTESIAN_POINT( '', ( -0.00140000000000000, 0.000340000000000000, 0.000450000000000000 ) );
#4708 = DIRECTION( '', ( 0.000000000000000, 1.00000000000000, 0.000000000000000 ) );
#4709 = DIRECTION( '', ( -1.00000000000000, 0.000000000000000, 0.000000000000000 ) );
#4710 = DIRECTION( '', ( 2.17613495421200E-008, -3.49679979234100E-009, -1.00000000000000 ) );
#4711 = DIRECTION( '', ( 1.00000000000000, 0.000000000000000, 0.000000000000000 ) );
#4712 = DIRECTION( '', ( -2.64298182681300E-008, -4.24695097408000E-009, -1.00000000000000 ) );
#4713 = CARTESIAN_POINT( '', ( 0.00140000000000000, 0.000340000000000000, 0.000450000000000000 ) );
#4714 = DIRECTION( '', ( -0.000000000000000, 1.00000000000000, 0.000000000000000 ) );
#4715 = DIRECTION( '', ( 0.0435059314976809, 0.000000000000000, 0.999053168717521 ) );
#4716 = DIRECTION( '', ( 0.000000000000000, 0.000000000000000, -1.00000000000000 ) );
#4717 = CARTESIAN_POINT( '', ( 0.00140000000000000, 0.000340000000000000, -0.000450000000000000 ) );
#4718 = DIRECTION( '', ( -0.000000000000000, 1.00000000000000, 0.000000000000000 ) );
#4719 = DIRECTION( '', ( 1.00000000000000, 0.000000000000000, 0.000000000000000 ) );
#4720 = DIRECTION( '', ( -2.17613495421200E-008, -3.49679990333600E-009, 1.00000000000000 ) );
#4721 = CARTESIAN_POINT( '', ( 0.00130000000000000, 0.000340000000000000, 0.000400000000000000 ) );
#4722 = DIRECTION( '', ( -0.000000000000000, 1.00000000000000, 0.000000000000000 ) );
#4723 = DIRECTION( '', ( 0.0833333333333286, 0.000000000000000, 0.996521728591784 ) );
#4724 = CARTESIAN_POINT( '', ( 0.00132500000000000, 0.000340000000000000, 0.000698956518577500 ) );
#4725 = DIRECTION( '', ( 0.000000000000000, -1.00000000000000, 0.000000000000000 ) );
#4726 = DIRECTION( '', ( -1.00000000000000, 0.000000000000000, 0.000000000000000 ) );
#4727 = DIRECTION( '', ( 0.000000000000000, 0.000000000000000, 1.00000000000000 ) );
#4728 = CARTESIAN_POINT( '', ( 0.00102500000000000, 0.000340000000000000, 0.00110000000000000 ) );
#4729 = DIRECTION( '', ( 0.000000000000000, 1.00000000000000, 0.000000000000000 ) );
#4730 = DIRECTION( '', ( 0.000000000000000, 0.000000000000000, 1.00000000000000 ) );
#4731 = DIRECTION( '', ( -1.00000000000000, 0.000000000000000, 0.000000000000000 ) );
#4732 = CARTESIAN_POINT( '', ( -0.00102500000000000, 0.000340000000000000, 0.00110000000000000 ) );
#4733 = DIRECTION( '', ( 0.000000000000000, 1.00000000000000, 0.000000000000000 ) );
#4734 = DIRECTION( '', ( -1.00000000000000, 0.000000000000000, 0.000000000000000 ) );
#4735 = DIRECTION( '', ( 0.000000000000000, 0.000000000000000, -1.00000000000000 ) );
#4736 = CARTESIAN_POINT( '', ( -0.00132500000000000, 0.000340000000000000, 0.000698956518577500 ) );
#4737 = DIRECTION( '', ( 0.000000000000000, -1.00000000000000, 0.000000000000000 ) );
#4738 = DIRECTION( '', ( 0.0833333333333286, 0.000000000000000, -0.996521728591784 ) );
#4739 = CARTESIAN_POINT( '', ( -0.00130000000000000, 0.000340000000000000, 0.000400000000000000 ) );
#4740 = DIRECTION( '', ( 0.000000000000000, 1.00000000000000, 0.000000000000000 ) );
#4741 = DIRECTION( '', ( -1.00000000000000, 0.000000000000000, 0.000000000000000 ) );
#4742 = DIRECTION( '', ( 0.000000000000000, 0.000000000000000, -1.00000000000000 ) );
#4743 = CARTESIAN_POINT( '', ( -0.00130000000000000, 0.000340000000000000, -0.000400000000000000 ) );
#4744 = DIRECTION( '', ( 0.000000000000000, 1.00000000000000, 0.000000000000000 ) );
#4745 = DIRECTION( '', ( -0.0833333333333286, 0.000000000000000, -0.996521728591784 ) );
#4746 = CARTESIAN_POINT( '', ( -0.00132500000000000, 0.000340000000000000, -0.000698956518577500 ) );
#4747 = DIRECTION( '', ( 0.000000000000000, -1.00000000000000, 0.000000000000000 ) );
#4748 = DIRECTION( '', ( 1.00000000000000, 0.000000000000000, 0.000000000000000 ) );
#4749 = DIRECTION( '', ( 0.000000000000000, 0.000000000000000, -1.00000000000000 ) );
#4750 = CARTESIAN_POINT( '', ( -0.00102500000000000, 0.000340000000000000, -0.00110000000000000 ) );
#4751 = DIRECTION( '', ( 0.000000000000000, 1.00000000000000, 0.000000000000000 ) );
#4752 = DIRECTION( '', ( 0.000000000000000, 0.000000000000000, -1.00000000000000 ) );
#4753 = DIRECTION( '', ( 1.00000000000000, 0.000000000000000, 0.000000000000000 ) );
#4754 = CARTESIAN_POINT( '', ( 0.00102500000000000, 0.000340000000000000, -0.00110000000000000 ) );
#4755 = DIRECTION( '', ( -0.000000000000000, 1.00000000000000, 0.000000000000000 ) );
#4756 = DIRECTION( '', ( 1.00000000000000, 0.000000000000000, 0.000000000000000 ) );
#4757 = DIRECTION( '', ( 0.000000000000000, 0.000000000000000, 1.00000000000000 ) );
#4758 = CARTESIAN_POINT( '', ( 0.00132500000000000, 0.000340000000000000, -0.000698956518577500 ) );
#4759 = DIRECTION( '', ( 0.000000000000000, -1.00000000000000, 0.000000000000000 ) );
#4760 = DIRECTION( '', ( -0.0833333333333286, 0.000000000000000, 0.996521728591784 ) );
#4761 = CARTESIAN_POINT( '', ( 0.00130000000000000, 0.000340000000000000, -0.000400000000000000 ) );
#4762 = DIRECTION( '', ( -0.000000000000000, 1.00000000000000, 0.000000000000000 ) );
#4763 = DIRECTION( '', ( 1.00000000000000, 0.000000000000000, 0.000000000000000 ) );
#4764 = DIRECTION( '', ( 0.000000000000000, 0.000000000000000, 1.00000000000000 ) );
#4765 = DIRECTION( '', ( 0.000000000000000, -1.00000000000000, 0.000000000000000 ) );
#4766 = DIRECTION( '', ( -0.462902782700698, 0.000000000000000, 0.886409055553896 ) );
#4767 = DIRECTION( '', ( 0.000000000000000, -1.00000000000000, 0.000000000000000 ) );
#4768 = DIRECTION( '', ( -0.462902782700698, 0.000000000000000, 0.886409055553896 ) );
#4769 = DIRECTION( '', ( -0.761539427829723, 0.000000000000000, 0.648118584721020 ) );
#4770 = DIRECTION( '', ( 0.000000000000000, -1.00000000000000, 0.000000000000000 ) );
#4771 = DIRECTION( '', ( -0.761539427829723, 0.000000000000000, 0.648118584721020 ) );
#4772 = DIRECTION( '', ( 0.000000000000000, -1.00000000000000, 0.000000000000000 ) );
#4773 = DIRECTION( '', ( 0.000000000000000, 0.000000000000000, 1.00000000000000 ) );
#4774 = DIRECTION( '', ( 0.000000000000000, 0.000000000000000, 1.00000000000000 ) );
#4775 = DIRECTION( '', ( 1.00000000000000, 0.000000000000000, 0.000000000000000 ) );
#4776 = DIRECTION( '', ( 1.00000000000000, 0.000000000000000, 0.000000000000000 ) );
#4777 = DIRECTION( '', ( 1.00000000000000, 0.000000000000000, 0.000000000000000 ) );
#4778 = DIRECTION( '', ( 0.000000000000000, 0.000000000000000, -1.00000000000000 ) );
#4779 = DIRECTION( '', ( -1.00000000000000, 0.000000000000000, 0.000000000000000 ) );
#4780 = DIRECTION( '', ( 0.000000000000000, 0.000000000000000, -1.00000000000000 ) );
#4781 = DIRECTION( '', ( 1.00000000000000, 0.000000000000000, 0.000000000000000 ) );
#4782 = DIRECTION( '', ( 0.000000000000000, 0.000000000000000, -1.00000000000000 ) );
#4783 = DIRECTION( '', ( 1.00000000000000, 0.000000000000000, 0.000000000000000 ) );
#4784 = DIRECTION( '', ( 0.000000000000000, 0.000000000000000, -1.00000000000000 ) );
#4785 = DIRECTION( '', ( 1.00000000000000, 0.000000000000000, 0.000000000000000 ) );
#4786 = DIRECTION( '', ( 0.000000000000000, 0.000000000000000, -1.00000000000000 ) );
#4787 = DIRECTION( '', ( -1.00000000000000, 0.000000000000000, 0.000000000000000 ) );
#4788 = DIRECTION( '', ( -1.00000000000000, 0.000000000000000, 0.000000000000000 ) );
#4789 = DIRECTION( '', ( -1.00000000000000, 0.000000000000000, 0.000000000000000 ) );
#4790 = DIRECTION( '', ( 0.000000000000000, 0.000000000000000, -1.00000000000000 ) );
#4791 = DIRECTION( '', ( 1.00000000000000, 0.000000000000000, 0.000000000000000 ) );
#4792 = DIRECTION( '', ( 0.000000000000000, 0.000000000000000, 1.00000000000000 ) );
#4793 = DIRECTION( '', ( 1.00000000000000, 0.000000000000000, 0.000000000000000 ) );
#4794 = DIRECTION( '', ( 0.000000000000000, 0.000000000000000, 1.00000000000000 ) );
#4795 = DIRECTION( '', ( 1.00000000000000, 0.000000000000000, 0.000000000000000 ) );
#4796 = DIRECTION( '', ( 0.000000000000000, 0.000000000000000, 1.00000000000000 ) );
#4797 = DIRECTION( '', ( -1.00000000000000, 0.000000000000000, 0.000000000000000 ) );
#4798 = DIRECTION( '', ( 0.000000000000000, 0.000000000000000, -1.00000000000000 ) );
#4799 = DIRECTION( '', ( -1.00000000000000, 0.000000000000000, 0.000000000000000 ) );
#4800 = DIRECTION( '', ( 0.000000000000000, 0.000000000000000, -1.00000000000000 ) );
#4801 = DIRECTION( '', ( 1.00000000000000, 0.000000000000000, 0.000000000000000 ) );
#4802 = CARTESIAN_POINT( '', ( -0.000950000000000000, 0.000000000000000, 0.000830000000000000 ) );
#4803 = DIRECTION( '', ( 0.000000000000000, 1.00000000000000, 0.000000000000000 ) );
#4804 = DIRECTION( '', ( 0.000000000000000, 0.000000000000000, -1.00000000000000 ) );
#4805 = DIRECTION( '', ( 0.000000000000000, 0.000000000000000, -1.00000000000000 ) );
#4806 = CARTESIAN_POINT( '', ( -0.000950000000000000, 0.000000000000000, 0.00113000000000000 ) );
#4807 = DIRECTION( '', ( 0.000000000000000, 1.00000000000000, 0.000000000000000 ) );
#4808 = DIRECTION( '', ( -1.00000000000000, 0.000000000000000, 0.000000000000000 ) );
#4809 = DIRECTION( '', ( -1.00000000000000, 0.000000000000000, 0.000000000000000 ) );
#4810 = CARTESIAN_POINT( '', ( 0.000950000000000000, 0.000000000000000, 0.00113000000000000 ) );
#4811 = DIRECTION( '', ( 0.000000000000000, 1.00000000000000, 0.000000000000000 ) );
#4812 = DIRECTION( '', ( 0.000000000000000, 0.000000000000000, 1.00000000000000 ) );
#4813 = DIRECTION( '', ( 0.000000000000000, 0.000000000000000, 1.00000000000000 ) );
#4814 = CARTESIAN_POINT( '', ( 0.000950000000000000, 0.000000000000000, 0.000830000000000000 ) );
#4815 = DIRECTION( '', ( -0.000000000000000, 1.00000000000000, 0.000000000000000 ) );
#4816 = DIRECTION( '', ( 1.00000000000000, 0.000000000000000, 0.000000000000000 ) );
#4817 = DIRECTION( '', ( 1.00000000000000, 0.000000000000000, 0.000000000000000 ) );
#4818 = DIRECTION( '', ( 0.000000000000000, 0.000000000000000, 1.00000000000000 ) );
#4819 = DIRECTION( '', ( -1.00000000000000, 0.000000000000000, 0.000000000000000 ) );
#4820 = CARTESIAN_POINT( '', ( 0.000950000000000000, 0.000000000000000, -0.000220000000000000 ) );
#4821 = DIRECTION( '', ( 0.000000000000000, -1.00000000000000, 0.000000000000000 ) );
#4822 = DIRECTION( '', ( 1.00000000000000, 0.000000000000000, 0.000000000000000 ) );
#4823 = DIRECTION( '', ( 0.000000000000000, 0.000000000000000, 1.00000000000000 ) );
#4824 = CARTESIAN_POINT( '', ( 0.000950000000000000, 0.000000000000000, -0.00113000000000000 ) );
#4825 = DIRECTION( '', ( -0.000000000000000, 1.00000000000000, 0.000000000000000 ) );
#4826 = DIRECTION( '', ( 1.00000000000000, 0.000000000000000, 0.000000000000000 ) );
#4827 = DIRECTION( '', ( 1.00000000000000, 0.000000000000000, 0.000000000000000 ) );
#4828 = CARTESIAN_POINT( '', ( -0.000950000000000000, 0.000000000000000, -0.00113000000000000 ) );
#4829 = DIRECTION( '', ( 0.000000000000000, 1.00000000000000, 0.000000000000000 ) );
#4830 = DIRECTION( '', ( 0.000000000000000, 0.000000000000000, -1.00000000000000 ) );
#4831 = DIRECTION( '', ( 0.000000000000000, 0.000000000000000, -1.00000000000000 ) );
#4832 = CARTESIAN_POINT( '', ( -0.000950000000000000, 0.000000000000000, -0.000220000000000000 ) );
#4833 = DIRECTION( '', ( 0.000000000000000, -1.00000000000000, 0.000000000000000 ) );
#4834 = DIRECTION( '', ( 0.000000000000000, 0.000000000000000, 1.00000000000000 ) );
#4835 = DIRECTION( '', ( 0.257662636222094, 0.000000000000000, -0.966234943424777 ) );
#4836 = DIRECTION( '', ( -1.00000000000000, 0.000000000000000, 0.000000000000000 ) );
#4837 = DIRECTION( '', ( -0.252640653806506, 0.000000000000000, 0.967560179029822 ) );
#4838 = DIRECTION( '', ( -1.00000000000000, 0.000000000000000, 0.000000000000000 ) );
#4839 = DIRECTION( '', ( -0.252640696098809, 0.000000000000000, -0.967560167986833 ) );
#4840 = DIRECTION( '', ( -1.00000000000000, 0.000000000000000, 0.000000000000000 ) );
#4841 = DIRECTION( '', ( 0.257662657729492, 0.000000000000000, 0.966234937689470 ) );
#4842 = DIRECTION( '', ( 1.00000000000000, 0.000000000000000, 0.000000000000000 ) );
#4843 = DIRECTION( '', ( 0.659497440634174, 0.000000000000000, 0.751706808401370 ) );
#4844 = DIRECTION( '', ( 0.364692086679405, 0.000000000000000, 0.931128176951713 ) );
#4845 = DIRECTION( '', ( -0.968917712038196, 0.000000000000000, 0.247383239728699 ) );
#4846 = DIRECTION( '', ( -1.00000000000000, 0.000000000000000, 0.000000000000000 ) );
#4847 = DIRECTION( '', ( -0.968917720520588, 0.000000000000000, -0.247383206505997 ) );
#4848 = DIRECTION( '', ( -0.761539427829723, 0.000000000000000, -0.648118584721020 ) );
#4849 = DIRECTION( '', ( -0.462902652627000, 0.000000000000000, -0.886409123481300 ) );
#4850 = DIRECTION( '', ( -1.00000000000000, 0.000000000000000, 0.000000000000000 ) );
#4851 = DIRECTION( '', ( 0.192182858930903, 0.000000000000000, 0.981359133413016 ) );
#4852 = DIRECTION( '', ( 0.616662015127031, 0.000000000000000, 0.787228022303239 ) );
#4853 = DIRECTION( '', ( 0.842922224121769, 0.000000000000000, 0.538035430135980 ) );
#4854 = DIRECTION( '', ( 0.983774085810585, 0.000000000000000, 0.179411672105097 ) );
#4855 = DIRECTION( '', ( 1.00000000000000, 0.000000000000000, 0.000000000000000 ) );
#4856 = DIRECTION( '', ( 0.978105934034613, 0.000000000000000, -0.208107620730903 ) );
#4857 = DIRECTION( '', ( 0.842922180489187, 0.000000000000000, -0.538035498493692 ) );
#4858 = DIRECTION( '', ( 0.616662203051038, 0.000000000000000, -0.787227875096049 ) );
#4859 = DIRECTION( '', ( 0.192182676904296, 0.000000000000000, -0.981359169059880 ) );
#4860 = DIRECTION( '', ( 0.000000000000000, 0.000000000000000, -1.00000000000000 ) );
#4861 = DIRECTION( '', ( -0.192182676904296, 0.000000000000000, -0.981359169059880 ) );
#4862 = DIRECTION( '', ( -0.462902782700698, 0.000000000000000, -0.886409055553896 ) );
#4863 = DIRECTION( '', ( -0.664890518180899, 0.000000000000000, -0.746940826861898 ) );
#4864 = DIRECTION( '', ( 1.00000000000000, 0.000000000000000, 0.000000000000000 ) );
#4865 = DIRECTION( '', ( 0.000000000000000, 0.000000000000000, -1.00000000000000 ) );
#4866 = DIRECTION( '', ( -1.00000000000000, 0.000000000000000, 0.000000000000000 ) );
#4867 = DIRECTION( '', ( 0.000000000000000, 0.000000000000000, 1.00000000000000 ) );
#4868 = CARTESIAN_POINT( '', ( 0.00146000000000000, 0.000120000000000000, 0.000700000000000000 ) );
#4869 = DIRECTION( '', ( 0.000000000000000, 0.000000000000000, -1.00000000000000 ) );
#4870 = DIRECTION( '', ( 0.848048096156421, -0.529919264233213, 0.000000000000000 ) );
#4871 = DIRECTION( '', ( 0.000000000000000, 0.000000000000000, -1.00000000000000 ) );
#4872 = CARTESIAN_POINT( '', ( 0.00146000000000000, 0.000120000000000000, 0.00120000000000000 ) );
#4873 = DIRECTION( '', ( 0.000000000000000, 0.000000000000000, 1.00000000000000 ) );
#4874 = DIRECTION( '', ( 0.000000000000000, -1.00000000000000, 0.000000000000000 ) );
#4875 = CARTESIAN_POINT( '', ( 0.00146000000000000, 0.000120000000000000, 0.000700000000000000 ) );
#4876 = DIRECTION( '', ( 0.000000000000000, 0.000000000000000, -1.00000000000000 ) );
#4877 = DIRECTION( '', ( 0.333333333333292, -0.942809041582078, 0.000000000000000 ) );
#4878 = DIRECTION( '', ( 0.000000000000000, -1.00000000000000, 0.000000000000000 ) );
#4879 = DIRECTION( '', ( 0.000000000000000, -1.00000000000000, 0.000000000000000 ) );
#4880 = DIRECTION( '', ( 0.000000000000000, 1.00000000000000, 1.61771349781100E-014 ) );
#4881 = DIRECTION( '', ( 0.000000000000000, -1.00000000000000, 0.000000000000000 ) );
#4882 = DIRECTION( '', ( 0.000000000000000, 0.000000000000000, 1.00000000000000 ) );
#4883 = DIRECTION( '', ( 0.000000000000000, 1.00000000000000, 0.000000000000000 ) );
#4884 = DIRECTION( '', ( 0.000000000000000, -1.00000000000000, 0.000000000000000 ) );
#4885 = DIRECTION( '', ( 0.000000000000000, 0.000000000000000, 1.00000000000000 ) );
#4886 = DIRECTION( '', ( 0.000000000000000, 1.00000000000000, -2.22276925372200E-014 ) );
#4887 = DIRECTION( '', ( 0.000000000000000, -1.00000000000000, 0.000000000000000 ) );
#4888 = DIRECTION( '', ( 0.000000000000000, 0.000000000000000, -1.00000000000000 ) );
#4889 = DIRECTION( '', ( 0.000000000000000, -1.00000000000000, 0.000000000000000 ) );
#4890 = DIRECTION( '', ( 1.00000000000000, 0.000000000000000, 0.000000000000000 ) );
#4891 = DIRECTION( '', ( 0.000000000000000, 1.00000000000000, 0.000000000000000 ) );
#4892 = CARTESIAN_POINT( '', ( 0.00113989794855700, 0.000100000000000000, -0.000700000000000000 ) );
#4893 = DIRECTION( '', ( 0.000000000000000, -1.00000000000000, 0.000000000000000 ) );
#4894 = DIRECTION( '', ( 0.993525140083723, 0.000000000000000, -0.113612481803803 ) );
#4895 = DIRECTION( '', ( 0.000000000000000, -1.00000000000000, 0.000000000000000 ) );
#4896 = DIRECTION( '', ( 0.000000000000000, -1.00000000000000, 0.000000000000000 ) );
#4897 = DIRECTION( '', ( 0.000000000000000, 0.000000000000000, 1.00000000000000 ) );
#4898 = DIRECTION( '', ( 0.000000000000000, -1.00000000000000, 0.000000000000000 ) );
#4899 = DIRECTION( '', ( 0.000000000000000, -1.00000000000000, 0.000000000000000 ) );
#4900 = DIRECTION( '', ( 0.257662636222094, 0.000000000000000, -0.966234943424777 ) );
#4901 = DIRECTION( '', ( 0.000000000000000, -1.00000000000000, 0.000000000000000 ) );
#4902 = DIRECTION( '', ( 1.00000000000000, 0.000000000000000, -1.38894038301700E-014 ) );
#4903 = CARTESIAN_POINT( '', ( 0.00146000000000000, 0.000120000000000000, 0.000700000000000000 ) );
#4904 = DIRECTION( '', ( 0.000000000000000, 0.000000000000000, -1.00000000000000 ) );
#4905 = DIRECTION( '', ( 0.848048096156421, -0.529919264233213, 0.000000000000000 ) );
#4906 = DIRECTION( '', ( -0.529919264233213, -0.848048096156421, 0.000000000000000 ) );
#4907 = DIRECTION( '', ( 0.848048096156421, -0.529919264233213, 0.000000000000000 ) );
#4908 = DIRECTION( '', ( -0.529919264233213, -0.848048096156421, 0.000000000000000 ) );
#4909 = DIRECTION( '', ( 0.000000000000000, -1.00000000000000, 0.000000000000000 ) );
#4910 = DIRECTION( '', ( 0.000000000000000, 0.000000000000000, -1.00000000000000 ) );
#4911 = DIRECTION( '', ( 0.000000000000000, 1.00000000000000, 0.000000000000000 ) );
#4912 = CARTESIAN_POINT( '', ( -0.00102500000000000, 0.000375000000000000, -0.00110000000000000 ) );
#4913 = DIRECTION( '', ( 0.000000000000000, 1.00000000000000, 0.000000000000000 ) );
#4914 = DIRECTION( '', ( 0.000000000000000, 0.000000000000000, -1.00000000000000 ) );
#4915 = DIRECTION( '', ( 0.000000000000000, 1.00000000000000, 0.000000000000000 ) );
#4916 = DIRECTION( '', ( 1.00000000000000, 0.000000000000000, 0.000000000000000 ) );
#4917 = DIRECTION( '', ( 0.000000000000000, 1.00000000000000, 0.000000000000000 ) );
#4918 = DIRECTION( '', ( 0.000000000000000, -1.00000000000000, 0.000000000000000 ) );
#4919 = CARTESIAN_POINT( '', ( 0.00132500000000000, 0.000375000000000000, -0.000698956518577500 ) );
#4920 = DIRECTION( '', ( 0.000000000000000, -1.00000000000000, 0.000000000000000 ) );
#4921 = DIRECTION( '', ( -0.0833333333333286, 0.000000000000000, 0.996521728591784 ) );
#4922 = DIRECTION( '', ( 0.000000000000000, -1.00000000000000, 0.000000000000000 ) );
#4923 = CARTESIAN_POINT( '', ( 0.00130000000000000, 0.000375000000000000, -0.000400000000000000 ) );
#4924 = DIRECTION( '', ( -0.000000000000000, 1.00000000000000, 0.000000000000000 ) );
#4925 = DIRECTION( '', ( 1.00000000000000, 0.000000000000000, 0.000000000000000 ) );
#4926 = DIRECTION( '', ( 0.000000000000000, 1.00000000000000, 0.000000000000000 ) );
#4927 = DIRECTION( '', ( 0.000000000000000, 1.00000000000000, 0.000000000000000 ) );
#4928 = DIRECTION( '', ( 0.000000000000000, 0.000000000000000, 1.00000000000000 ) );
#4929 = CARTESIAN_POINT( '', ( 0.000000000000000, 0.000650000000000000, 0.000000000000000 ) );
#4930 = DIRECTION( '', ( 0.000000000000000, -1.00000000000000, 0.000000000000000 ) );
#4931 = DIRECTION( '', ( 1.00000000000000, 0.000000000000000, 0.000000000000000 ) );
#4932 = CARTESIAN_POINT( '', ( 0.000000000000000, 0.000375000000000000, 0.000000000000000 ) );
#4933 = DIRECTION( '', ( -0.000000000000000, 1.00000000000000, 0.000000000000000 ) );
#4934 = DIRECTION( '', ( 1.00000000000000, 0.000000000000000, 0.000000000000000 ) );
#4935 = DIRECTION( '', ( 0.000000000000000, -1.00000000000000, 0.000000000000000 ) );
#4936 = DIRECTION( '', ( -0.968917720520588, 0.000000000000000, -0.247383206505997 ) );
#4937 = DIRECTION( '', ( 0.000000000000000, -1.00000000000000, 0.000000000000000 ) );
#4938 = CARTESIAN_POINT( '', ( 0.00140000000000000, 0.000100000000000000, 0.000450000000000000 ) );
#4939 = DIRECTION( '', ( 0.000000000000000, -1.00000000000000, 0.000000000000000 ) );
#4940 = DIRECTION( '', ( 1.00000000000000, 0.000000000000000, 0.000000000000000 ) );
#4941 = DIRECTION( '', ( 0.000000000000000, -1.00000000000000, 0.000000000000000 ) );
#4942 = DIRECTION( '', ( 0.978105934034613, 0.000000000000000, -0.208107620730903 ) );
#4943 = DIRECTION( '', ( 0.000000000000000, -1.00000000000000, 0.000000000000000 ) );
#4944 = DIRECTION( '', ( 0.000000000000000, -1.00000000000000, 0.000000000000000 ) );
#4945 = DIRECTION( '', ( 0.000000000000000, 1.00000000000000, 1.61771349781100E-014 ) );
#4946 = DIRECTION( '', ( 0.000000000000000, -1.00000000000000, 0.000000000000000 ) );
#4947 = DIRECTION( '', ( 0.000000000000000, 0.000000000000000, -1.00000000000000 ) );
#4948 = DIRECTION( '', ( 0.000000000000000, 1.00000000000000, 0.000000000000000 ) );
#4949 = DIRECTION( '', ( 0.000000000000000, -1.00000000000000, 0.000000000000000 ) );
#4950 = DIRECTION( '', ( 0.000000000000000, 0.000000000000000, -1.00000000000000 ) );
#4951 = DIRECTION( '', ( 0.000000000000000, 1.00000000000000, 2.22276925372200E-014 ) );
#4952 = DIRECTION( '', ( 0.000000000000000, -1.00000000000000, 1.61771349781100E-014 ) );
#4953 = DIRECTION( '', ( 0.000000000000000, -1.00000000000000, 0.000000000000000 ) );
#4954 = DIRECTION( '', ( 0.000000000000000, 0.000000000000000, 1.00000000000000 ) );
#4955 = DIRECTION( '', ( 1.00000000000000, 0.000000000000000, 0.000000000000000 ) );
#4956 = DIRECTION( '', ( 0.000000000000000, -1.00000000000000, 0.000000000000000 ) );
#4957 = DIRECTION( '', ( 0.000000000000000, 0.000000000000000, 1.00000000000000 ) );
#4958 = DIRECTION( '', ( 0.848048096156421, -0.529919264233213, 0.000000000000000 ) );
#4959 = DIRECTION( '', ( 0.000000000000000, 0.000000000000000, 1.00000000000000 ) );
#4960 = DIRECTION( '', ( 0.848048096156421, -0.529919264233213, 0.000000000000000 ) );
#4961 = DIRECTION( '', ( 0.000000000000000, -1.00000000000000, 0.000000000000000 ) );
#4962 = DIRECTION( '', ( 0.983774085810585, 0.000000000000000, 0.179411672105097 ) );
#4963 = DIRECTION( '', ( -2.22044604925000E-014, -1.00000000000000, 0.000000000000000 ) );
#4964 = DIRECTION( '', ( 0.000000000000000, -1.00000000000000, 0.000000000000000 ) );
#4965 = DIRECTION( '', ( -0.252640738586811, 0.000000000000000, 0.967560156892744 ) );
#4966 = DIRECTION( '', ( 0.000000000000000, -1.00000000000000, 0.000000000000000 ) );
#4967 = DIRECTION( '', ( -0.529919264233213, -0.848048096156421, 0.000000000000000 ) );
#4968 = DIRECTION( '', ( 0.529919264233213, 0.848048096156421, 0.000000000000000 ) );
#4969 = DIRECTION( '', ( 0.000000000000000, 0.000000000000000, -1.00000000000000 ) );
#4970 = DIRECTION( '', ( -0.342020143325699, 0.939692620785897, 0.000000000000000 ) );
#4971 = DIRECTION( '', ( -1.11438488000799E-007, -2.85261226585898E-008, -0.999999999999993 ) );
#4972 = DIRECTION( '', ( 0.000000000000000, 0.000000000000000, 1.00000000000000 ) );
#4973 = DIRECTION( '', ( 0.000000000000000, 0.000000000000000, 1.00000000000000 ) );
#4974 = DIRECTION( '', ( 0.848048096156421, -0.529919264233213, 0.000000000000000 ) );
#4975 = DIRECTION( '', ( -0.342020143325699, -0.939692620785897, 0.000000000000000 ) );
#4976 = DIRECTION( '', ( -5.25302944915899E-008, 1.34470089554800E-008, 0.999999999999999 ) );
#4977 = DIRECTION( '', ( 0.529919264233213, 0.848048096156421, 0.000000000000000 ) );
#4978 = DIRECTION( '', ( 0.000000000000000, 0.000000000000000, -1.00000000000000 ) );
#4979 = DIRECTION( '', ( -1.00000000000000, 0.000000000000000, 0.000000000000000 ) );
#4980 = DIRECTION( '', ( 0.000000000000000, 1.00000000000000, 0.000000000000000 ) );
#4981 = CARTESIAN_POINT( '', ( 0.000950000000000000, -5.00000000000000E-005, -0.000220000000000000 ) );
#4982 = DIRECTION( '', ( 0.000000000000000, -1.00000000000000, 0.000000000000000 ) );
#4983 = DIRECTION( '', ( 1.00000000000000, 0.000000000000000, 0.000000000000000 ) );
#4984 = DIRECTION( '', ( 0.000000000000000, 1.00000000000000, 0.000000000000000 ) );
#4985 = DIRECTION( '', ( 0.529919264233213, 0.848048096156421, 0.000000000000000 ) );
#4986 = CARTESIAN_POINT( '', ( 0.00146000000000000, 0.000120000000000000, 0.00120000000000000 ) );
#4987 = DIRECTION( '', ( 0.000000000000000, 0.000000000000000, 1.00000000000000 ) );
#4988 = DIRECTION( '', ( 0.000000000000000, -1.00000000000000, 0.000000000000000 ) );
#4989 = DIRECTION( '', ( 1.00000000000000, 0.000000000000000, 0.000000000000000 ) );
#4990 = DIRECTION( '', ( -0.342020143325699, 0.939692620785897, 0.000000000000000 ) );
#4991 = DIRECTION( '', ( 0.000000000000000, 1.00000000000000, 0.000000000000000 ) );
#4992 = CARTESIAN_POINT( '', ( -0.000950000000000000, -5.00000000000000E-005, -0.000220000000000000 ) );
#4993 = DIRECTION( '', ( 0.000000000000000, -1.00000000000000, 0.000000000000000 ) );
#4994 = DIRECTION( '', ( 0.000000000000000, 0.000000000000000, 1.00000000000000 ) );
#4995 = DIRECTION( '', ( 0.000000000000000, 1.00000000000000, 0.000000000000000 ) );
#4996 = CARTESIAN_POINT( '', ( -0.000950000000000000, -5.00000000000000E-005, 0.00113000000000000 ) );
#4997 = DIRECTION( '', ( 0.000000000000000, -1.00000000000000, 0.000000000000000 ) );
#4998 = DIRECTION( '', ( 0.000000000000000, 0.000000000000000, 1.00000000000000 ) );
#4999 = DIRECTION( '', ( 0.000000000000000, 0.000000000000000, -1.00000000000000 ) );
#5000 = CARTESIAN_POINT( '', ( -0.000950000000000000, -5.00000000000000E-005, 0.000830000000000000 ) );
#5001 = DIRECTION( '', ( 0.000000000000000, -1.00000000000000, 0.000000000000000 ) );
#5002 = DIRECTION( '', ( -1.00000000000000, 0.000000000000000, 0.000000000000000 ) );
#5003 = DIRECTION( '', ( 0.000000000000000, 0.000000000000000, -1.00000000000000 ) );
#5004 = DIRECTION( '', ( -1.00000000000000, 0.000000000000000, 0.000000000000000 ) );
#5005 = DIRECTION( '', ( 0.000000000000000, 0.000000000000000, -1.00000000000000 ) );
#5006 = CARTESIAN_POINT( '', ( -0.000950000000000000, -5.00000000000000E-005, -0.00113000000000000 ) );
#5007 = DIRECTION( '', ( 0.000000000000000, -1.00000000000000, 0.000000000000000 ) );
#5008 = DIRECTION( '', ( -1.00000000000000, 0.000000000000000, 0.000000000000000 ) );
#5009 = DIRECTION( '', ( 1.00000000000000, 0.000000000000000, 0.000000000000000 ) );
#5010 = CARTESIAN_POINT( '', ( 0.000950000000000000, -5.00000000000000E-005, -0.00113000000000000 ) );
#5011 = DIRECTION( '', ( 0.000000000000000, -1.00000000000000, 0.000000000000000 ) );
#5012 = DIRECTION( '', ( 0.000000000000000, 0.000000000000000, -1.00000000000000 ) );
#5013 = DIRECTION( '', ( 0.000000000000000, 0.000000000000000, 1.00000000000000 ) );
#5014 = DIRECTION( '', ( 1.00000000000000, 0.000000000000000, 0.000000000000000 ) );
#5015 = CARTESIAN_POINT( '', ( 0.000950000000000000, -5.00000000000000E-005, 0.000830000000000000 ) );
#5016 = DIRECTION( '', ( 0.000000000000000, -1.00000000000000, 0.000000000000000 ) );
#5017 = DIRECTION( '', ( 0.000000000000000, 0.000000000000000, -1.00000000000000 ) );
#5018 = DIRECTION( '', ( 0.000000000000000, 0.000000000000000, 1.00000000000000 ) );
#5019 = CARTESIAN_POINT( '', ( 0.000950000000000000, -5.00000000000000E-005, 0.00113000000000000 ) );
#5020 = DIRECTION( '', ( 0.000000000000000, -1.00000000000000, 0.000000000000000 ) );
#5021 = DIRECTION( '', ( 1.00000000000000, 0.000000000000000, 0.000000000000000 ) );
#5022 = DIRECTION( '', ( -1.00000000000000, 0.000000000000000, 0.000000000000000 ) );
#5023 = CARTESIAN_POINT( '', ( -0.00146000000000000, 0.000120000000000000, -0.000700000000000000 ) );
#5024 = DIRECTION( '', ( 0.000000000000000, 0.000000000000000, 1.00000000000000 ) );
#5025 = DIRECTION( '', ( -0.333333333333292, -0.942809041582078, 0.000000000000000 ) );
#5026 = DIRECTION( '', ( 0.342020143325699, -0.939692620785897, 0.000000000000000 ) );
#5027 = DIRECTION( '', ( 0.342020143325699, -0.939692620785897, 0.000000000000000 ) );
#5028 = DIRECTION( '', ( 0.342020143325699, -0.939692620785897, 0.000000000000000 ) );
#5029 = DIRECTION( '', ( 0.000000000000000, -1.00000000000000, 0.000000000000000 ) );
#5030 = DIRECTION( '', ( 0.000000000000000, 0.000000000000000, -1.00000000000000 ) );
#5031 = DIRECTION( '', ( 1.00000000000000, 0.000000000000000, 0.000000000000000 ) );
#5032 = DIRECTION( '', ( 0.000000000000000, -1.00000000000000, 0.000000000000000 ) );
#5033 = DIRECTION( '', ( -1.00000000000000, 0.000000000000000, 0.000000000000000 ) );
#5034 = DIRECTION( '', ( 0.000000000000000, -1.00000000000000, 0.000000000000000 ) );
#5035 = DIRECTION( '', ( 0.000000000000000, 1.00000000000000, 0.000000000000000 ) );
#5036 = DIRECTION( '', ( 0.000000000000000, 1.00000000000000, 0.000000000000000 ) );
#5037 = DIRECTION( '', ( 0.000000000000000, -1.00000000000000, 1.11022302462500E-014 ) );
#5038 = DIRECTION( '', ( -0.462902652627000, 0.000000000000000, -0.886409123481300 ) );
#5039 = DIRECTION( '', ( 0.000000000000000, -1.00000000000000, 0.000000000000000 ) );
#5040 = DIRECTION( '', ( 0.529919264233213, -0.848048096156421, 0.000000000000000 ) );
#5041 = DIRECTION( '', ( 0.000000000000000, 0.000000000000000, -1.00000000000000 ) );
#5042 = DIRECTION( '', ( -0.529919264233213, 0.848048096156421, 0.000000000000000 ) );
#5043 = DIRECTION( '', ( 0.000000000000000, 0.000000000000000, -1.00000000000000 ) );
#5044 = DIRECTION( '', ( 0.000000000000000, -1.00000000000000, 0.000000000000000 ) );
#5045 = CARTESIAN_POINT( '', ( -0.00132500000000000, 0.000375000000000000, -0.000698956518577500 ) );
#5046 = DIRECTION( '', ( 0.000000000000000, -1.00000000000000, 0.000000000000000 ) );
#5047 = DIRECTION( '', ( 1.00000000000000, 0.000000000000000, 0.000000000000000 ) );
#5048 = DIRECTION( '', ( 0.000000000000000, -1.00000000000000, 0.000000000000000 ) );
#5049 = DIRECTION( '', ( -1.00000000000000, 0.000000000000000, 0.000000000000000 ) );
#5050 = DIRECTION( '', ( 0.000000000000000, -1.00000000000000, 0.000000000000000 ) );
#5051 = DIRECTION( '', ( 0.000000000000000, -1.00000000000000, 0.000000000000000 ) );
#5052 = DIRECTION( '', ( 0.000000000000000, -1.00000000000000, 1.11022302462500E-014 ) );
#5053 = DIRECTION( '', ( 0.842922224121769, 0.000000000000000, 0.538035430135980 ) );
#5054 = DIRECTION( '', ( 0.000000000000000, 1.00000000000000, 0.000000000000000 ) );
#5055 = CARTESIAN_POINT( '', ( -0.00102500000000000, 0.000375000000000000, 0.00110000000000000 ) );
#5056 = DIRECTION( '', ( 0.000000000000000, 1.00000000000000, 0.000000000000000 ) );
#5057 = DIRECTION( '', ( -1.00000000000000, 0.000000000000000, 0.000000000000000 ) );
#5058 = DIRECTION( '', ( 0.000000000000000, 1.00000000000000, 0.000000000000000 ) );
#5059 = DIRECTION( '', ( 0.000000000000000, 0.000000000000000, -1.00000000000000 ) );
#5060 = DIRECTION( '', ( 0.000000000000000, -1.00000000000000, 0.000000000000000 ) );
#5061 = DIRECTION( '', ( 0.000000000000000, 1.00000000000000, 0.000000000000000 ) );
#5062 = DIRECTION( '', ( -1.00000000000000, 0.000000000000000, 0.000000000000000 ) );
#5063 = DIRECTION( '', ( 0.000000000000000, 1.00000000000000, 0.000000000000000 ) );
#5064 = CARTESIAN_POINT( '', ( 0.00102500000000000, 0.000375000000000000, 0.00110000000000000 ) );
#5065 = DIRECTION( '', ( 0.000000000000000, 1.00000000000000, 0.000000000000000 ) );
#5066 = DIRECTION( '', ( 0.000000000000000, 0.000000000000000, 1.00000000000000 ) );
#5067 = DIRECTION( '', ( 0.000000000000000, -1.00000000000000, 0.000000000000000 ) );
#5068 = DIRECTION( '', ( 0.364692086679405, 0.000000000000000, 0.931128176951713 ) );
#5069 = DIRECTION( '', ( 0.000000000000000, -1.00000000000000, 0.000000000000000 ) );
#5070 = CARTESIAN_POINT( '', ( -0.00130000000000000, 0.000375000000000000, 0.000400000000000000 ) );
#5071 = DIRECTION( '', ( 0.000000000000000, 1.00000000000000, 0.000000000000000 ) );
#5072 = DIRECTION( '', ( -1.00000000000000, 0.000000000000000, 0.000000000000000 ) );
#5073 = DIRECTION( '', ( 0.000000000000000, 1.00000000000000, 0.000000000000000 ) );
#5074 = DIRECTION( '', ( 0.000000000000000, -1.00000000000000, 0.000000000000000 ) );
#5075 = DIRECTION( '', ( 1.00000000000000, 0.000000000000000, 0.000000000000000 ) );
#5076 = DIRECTION( '', ( -1.00000000000000, 0.000000000000000, 0.000000000000000 ) );
#5077 = DIRECTION( '', ( 0.000000000000000, -1.00000000000000, 0.000000000000000 ) );
#5078 = DIRECTION( '', ( -0.342020143325699, 0.939692620785897, 0.000000000000000 ) );
#5079 = CARTESIAN_POINT( '', ( -0.00146000000000000, 0.000120000000000000, 0.000700000000000000 ) );
#5080 = DIRECTION( '', ( 0.000000000000000, 0.000000000000000, -1.00000000000000 ) );
#5081 = DIRECTION( '', ( 0.000000000000000, -1.00000000000000, 0.000000000000000 ) );
#5082 = DIRECTION( '', ( 0.000000000000000, 0.000000000000000, -1.00000000000000 ) );
#5083 = CARTESIAN_POINT( '', ( -0.00146000000000000, 0.000120000000000000, 0.00120000000000000 ) );
#5084 = DIRECTION( '', ( 0.000000000000000, 0.000000000000000, 1.00000000000000 ) );
#5085 = DIRECTION( '', ( -0.848048096156421, -0.529919264233213, 0.000000000000000 ) );
#5086 = DIRECTION( '', ( 0.000000000000000, 0.000000000000000, -1.00000000000000 ) );
#5087 = CARTESIAN_POINT( '', ( 0.00140000000000000, 0.000100000000000000, -0.000450000000000000 ) );
#5088 = DIRECTION( '', ( 0.000000000000000, -1.00000000000000, 0.000000000000000 ) );
#5089 = DIRECTION( '', ( 0.392755501794611, 0.000000000000000, -0.919642928429325 ) );
#5090 = DIRECTION( '', ( -0.529919264233213, 0.848048096156421, 0.000000000000000 ) );
#5091 = DIRECTION( '', ( 0.000000000000000, 0.000000000000000, -1.00000000000000 ) );
#5092 = DIRECTION( '', ( 0.529919264233213, -0.848048096156421, 0.000000000000000 ) );
#5093 = DIRECTION( '', ( 0.000000000000000, 0.000000000000000, -1.00000000000000 ) );
#5094 = CARTESIAN_POINT( '', ( -0.00146000000000000, 0.000120000000000000, -0.00120000000000000 ) );
#5095 = DIRECTION( '', ( 0.000000000000000, 0.000000000000000, -1.00000000000000 ) );
#5096 = DIRECTION( '', ( 0.000000000000000, -1.00000000000000, 0.000000000000000 ) );
#5097 = CARTESIAN_POINT( '', ( -0.00146000000000000, 0.000120000000000000, -0.000700000000000000 ) );
#5098 = DIRECTION( '', ( 0.000000000000000, 0.000000000000000, 1.00000000000000 ) );
#5099 = DIRECTION( '', ( -0.848048096156421, -0.529919264233213, 0.000000000000000 ) );
#5100 = DIRECTION( '', ( 0.000000000000000, 0.000000000000000, -1.00000000000000 ) );
#5101 = DIRECTION( '', ( -1.00000000000000, 0.000000000000000, 0.000000000000000 ) );
#5102 = CARTESIAN_POINT( '', ( -0.00146000000000000, 0.000120000000000000, -0.00120000000000000 ) );
#5103 = DIRECTION( '', ( 0.000000000000000, 0.000000000000000, -1.00000000000000 ) );
#5104 = DIRECTION( '', ( 0.000000000000000, -1.00000000000000, 0.000000000000000 ) );
#5105 = DIRECTION( '', ( -0.529919264233213, 0.848048096156421, 0.000000000000000 ) );
#5106 = DIRECTION( '', ( -0.848048096156421, -0.529919264233213, 0.000000000000000 ) );
#5107 = DIRECTION( '', ( -0.529919264233213, 0.848048096156421, 0.000000000000000 ) );
#5108 = DIRECTION( '', ( 0.000000000000000, 0.000000000000000, -1.00000000000000 ) );
#5109 = DIRECTION( '', ( 0.529919264233213, -0.848048096156421, 0.000000000000000 ) );
#5110 = DIRECTION( '', ( -0.848048096156421, -0.529919264233213, 0.000000000000000 ) );
#5111 = DIRECTION( '', ( -0.848048096156421, -0.529919264233213, 0.000000000000000 ) );
#5112 = DIRECTION( '', ( -1.00000000000000, 0.000000000000000, 0.000000000000000 ) );
#5113 = CARTESIAN_POINT( '', ( -0.00146000000000000, 0.000120000000000000, 0.000700000000000000 ) );
#5114 = DIRECTION( '', ( -0.000000000000000, 0.000000000000000, -1.00000000000000 ) );
#5115 = DIRECTION( '', ( -0.333333333333292, -0.942809041582078, 0.000000000000000 ) );
#5116 = CARTESIAN_POINT( '', ( 0.00102500000000000, 0.000375000000000000, -0.00110000000000000 ) );
#5117 = DIRECTION( '', ( -0.000000000000000, 1.00000000000000, 0.000000000000000 ) );
#5118 = DIRECTION( '', ( 1.00000000000000, 0.000000000000000, 0.000000000000000 ) );
#5119 = CARTESIAN_POINT( '', ( -0.00130000000000000, 0.000375000000000000, -0.000400000000000000 ) );
#5120 = DIRECTION( '', ( 0.000000000000000, 1.00000000000000, 0.000000000000000 ) );
#5121 = DIRECTION( '', ( -0.0833333333333286, 0.000000000000000, -0.996521728591784 ) );
#5122 = DIRECTION( '', ( 0.000000000000000, 0.000000000000000, -1.00000000000000 ) );
#5123 = CARTESIAN_POINT( '', ( -0.00132500000000000, 0.000375000000000000, 0.000698956518577500 ) );
#5124 = DIRECTION( '', ( 0.000000000000000, -1.00000000000000, 0.000000000000000 ) );
#5125 = DIRECTION( '', ( 0.0833333333333286, 0.000000000000000, -0.996521728591784 ) );
#5126 = DIRECTION( '', ( 0.000000000000000, 0.000000000000000, 1.00000000000000 ) );
#5127 = CARTESIAN_POINT( '', ( 0.00132500000000000, 0.000375000000000000, 0.000698956518577500 ) );
#5128 = DIRECTION( '', ( 0.000000000000000, -1.00000000000000, 0.000000000000000 ) );
#5129 = DIRECTION( '', ( -1.00000000000000, 0.000000000000000, 0.000000000000000 ) );
#5130 = CARTESIAN_POINT( '', ( 0.00130000000000000, 0.000375000000000000, 0.000400000000000000 ) );
#5131 = DIRECTION( '', ( -0.000000000000000, 1.00000000000000, 0.000000000000000 ) );
#5132 = DIRECTION( '', ( 0.0833333333333286, 0.000000000000000, 0.996521728591784 ) );
#5133 = DIRECTION( '', ( 0.000000000000000, 0.000000000000000, 1.00000000000000 ) );
#5134 = DIRECTION( '', ( 0.000000000000000, -1.00000000000000, 0.000000000000000 ) );
#5135 = DIRECTION( '', ( -0.192182676904296, 0.000000000000000, -0.981359169059880 ) );
#5136 = DIRECTION( '', ( 0.000000000000000, -1.00000000000000, 0.000000000000000 ) );
#5137 = CARTESIAN_POINT( '', ( -0.00146000000000000, 0.000120000000000000, 0.00120000000000000 ) );
#5138 = DIRECTION( '', ( 0.000000000000000, 0.000000000000000, 1.00000000000000 ) );
#5139 = DIRECTION( '', ( -0.848048096156421, -0.529919264233213, 0.000000000000000 ) );
#5140 = CARTESIAN_POINT( '', ( -0.00146000000000000, 0.000120000000000000, 0.000700000000000000 ) );
#5141 = DIRECTION( '', ( 0.000000000000000, 0.000000000000000, 1.00000000000000 ) );
#5142 = DIRECTION( '', ( -0.333333333333292, -0.942809041582078, 0.000000000000000 ) );
#5143 = CARTESIAN_POINT( '', ( 0.00146000000000000, 0.000120000000000000, -0.000700000000000000 ) );
#5144 = DIRECTION( '', ( 0.000000000000000, 0.000000000000000, 1.00000000000000 ) );
#5145 = DIRECTION( '', ( 0.333333333333292, -0.942809041582078, 0.000000000000000 ) );
#5146 = DIRECTION( '', ( 0.529919264233213, 0.848048096156421, 0.000000000000000 ) );
#5147 = CARTESIAN_POINT( '', ( 0.00146000000000000, 0.000120000000000000, -0.000700000000000000 ) );
#5148 = DIRECTION( '', ( 0.000000000000000, 0.000000000000000, 1.00000000000000 ) );
#5149 = DIRECTION( '', ( 0.000000000000000, -1.00000000000000, 0.000000000000000 ) );
#5150 = DIRECTION( '', ( 1.00000000000000, 0.000000000000000, 0.000000000000000 ) );
#5151 = CARTESIAN_POINT( '', ( -0.00140000000000000, 0.000100000000000000, 0.000450000000000000 ) );
#5152 = DIRECTION( '', ( 0.000000000000000, -1.00000000000000, 0.000000000000000 ) );
#5153 = DIRECTION( '', ( -0.392755501794490, 0.000000000000000, 0.919642928429376 ) );
#5154 = CARTESIAN_POINT( '', ( -0.00140000000000000, 0.000100000000000000, -0.000450000000000000 ) );
#5155 = DIRECTION( '', ( 0.000000000000000, -1.00000000000000, 0.000000000000000 ) );
#5156 = DIRECTION( '', ( -1.00000000000000, 0.000000000000000, 0.000000000000000 ) );
#5157 = DIRECTION( '', ( 0.000000000000000, 1.00000000000000, 0.000000000000000 ) );
#5158 = DIRECTION( '', ( 0.000000000000000, 1.00000000000000, 0.000000000000000 ) );
#5159 = DIRECTION( '', ( 0.000000000000000, 1.00000000000000, 0.000000000000000 ) );
#5160 = DIRECTION( '', ( -1.00000000000000, 0.000000000000000, 0.000000000000000 ) );
#5161 = DIRECTION( '', ( 0.342020143325699, 0.939692620785897, 0.000000000000000 ) );
#5162 = DIRECTION( '', ( 0.000000000000000, -1.00000000000000, 0.000000000000000 ) );
#5163 = DIRECTION( '', ( 0.000000000000000, -1.00000000000000, 0.000000000000000 ) );
#5164 = DIRECTION( '', ( 0.000000000000000, -1.00000000000000, 0.000000000000000 ) );
#5165 = DIRECTION( '', ( 0.000000000000000, 1.00000000000000, 0.000000000000000 ) );
#5166 = DIRECTION( '', ( 0.000000000000000, 1.00000000000000, 0.000000000000000 ) );
#5167 = DIRECTION( '', ( 0.000000000000000, 1.00000000000000, 0.000000000000000 ) );
#5168 = DIRECTION( '', ( 0.000000000000000, -1.00000000000000, 0.000000000000000 ) );
#5169 = DIRECTION( '', ( 0.000000000000000, 0.000000000000000, -1.00000000000000 ) );
#5170 = DIRECTION( '', ( 0.000000000000000, -1.00000000000000, 0.000000000000000 ) );
#5171 = DIRECTION( '', ( -1.00000000000000, 0.000000000000000, 0.000000000000000 ) );
#5172 = DIRECTION( '', ( -0.252640682197199, 0.000000000000000, -0.967560171616698 ) );
#5173 = DIRECTION( '', ( 0.000000000000000, -1.00000000000000, 0.000000000000000 ) );
#5174 = DIRECTION( '', ( 0.000000000000000, -1.00000000000000, 0.000000000000000 ) );
#5175 = DIRECTION( '', ( -1.00000000000000, 0.000000000000000, 0.000000000000000 ) );
#5176 = DIRECTION( '', ( 0.000000000000000, -1.00000000000000, 0.000000000000000 ) );
#5177 = DIRECTION( '', ( 0.000000000000000, 1.00000000000000, 0.000000000000000 ) );
#5178 = DIRECTION( '', ( 0.000000000000000, 1.00000000000000, 0.000000000000000 ) );
#5179 = DIRECTION( '', ( -1.00000000000000, 0.000000000000000, 0.000000000000000 ) );
#5180 = DIRECTION( '', ( -0.848048096156421, -0.529919264233213, 0.000000000000000 ) );
#5181 = DIRECTION( '', ( 0.529919264233213, -0.848048096156421, 0.000000000000000 ) );
#5182 = CARTESIAN_POINT( '', ( -0.00146000000000000, 0.000120000000000000, -0.000700000000000000 ) );
#5183 = DIRECTION( '', ( 0.000000000000000, 0.000000000000000, 1.00000000000000 ) );
#5184 = DIRECTION( '', ( -0.848048096156421, -0.529919264233213, 0.000000000000000 ) );
#5185 = DIRECTION( '', ( 0.000000000000000, 0.000000000000000, -1.00000000000000 ) );
#5186 = DIRECTION( '', ( 0.000000000000000, 1.00000000000000, 0.000000000000000 ) );
#5187 = DIRECTION( '', ( 1.00000000000000, 0.000000000000000, 0.000000000000000 ) );
#5188 = DIRECTION( '', ( -0.342020143325699, -0.939692620785897, 0.000000000000000 ) );
#5189 = DIRECTION( '', ( 0.257662657729492, 0.000000000000000, 0.966234937689470 ) );
#5190 = DIRECTION( '', ( 0.000000000000000, -1.00000000000000, 0.000000000000000 ) );
#5191 = DIRECTION( '', ( -0.252640696098809, 0.000000000000000, -0.967560167986833 ) );
#5192 = DIRECTION( '', ( -0.252640653806506, 0.000000000000000, 0.967560179029822 ) );
#5193 = DIRECTION( '', ( 1.00000000000000, 0.000000000000000, 0.000000000000000 ) );
#5194 = DIRECTION( '', ( 1.00000000000000, 0.000000000000000, 0.000000000000000 ) );
#5195 = DIRECTION( '', ( 0.000000000000000, 0.000000000000000, -1.00000000000000 ) );
#5196 = DIRECTION( '', ( 0.000000000000000, 1.00000000000000, 0.000000000000000 ) );
#5197 = DIRECTION( '', ( -0.342020143325699, 0.939692620785897, 0.000000000000000 ) );
#5198 = DIRECTION( '', ( -1.00000000000000, 0.000000000000000, 0.000000000000000 ) );
#5199 = DIRECTION( '', ( 0.000000000000000, 1.00000000000000, 0.000000000000000 ) );
#5200 = DIRECTION( '', ( 0.000000000000000, -1.00000000000000, 0.000000000000000 ) );
#5201 = DIRECTION( '', ( 0.616662203051038, 0.000000000000000, -0.787227875096049 ) );
#5202 = DIRECTION( '', ( 0.000000000000000, -1.00000000000000, 0.000000000000000 ) );
#5203 = DIRECTION( '', ( 0.192182676904296, 0.000000000000000, -0.981359169059880 ) );
#5204 = DIRECTION( '', ( 0.842922180489187, 0.000000000000000, -0.538035498493692 ) );
#5205 = DIRECTION( '', ( 0.000000000000000, 0.000000000000000, -1.00000000000000 ) );
#5206 = DIRECTION( '', ( -4.39872607721496E-006, 1.12598979043599E-006, -0.999999999989692 ) );
#5207 = DIRECTION( '', ( 0.000000000000000, 0.000000000000000, 1.00000000000000 ) );
#5208 = CARTESIAN_POINT( '', ( 0.00146000000000000, 0.000120000000000000, -0.00120000000000000 ) );
#5209 = DIRECTION( '', ( 0.000000000000000, 0.000000000000000, -1.00000000000000 ) );
#5210 = DIRECTION( '', ( 0.848048096156421, -0.529919264233213, 0.000000000000000 ) );
#5211 = CARTESIAN_POINT( '', ( 0.00146000000000000, 0.000120000000000000, -0.000700000000000000 ) );
#5212 = DIRECTION( '', ( 0.000000000000000, 0.000000000000000, -1.00000000000000 ) );
#5213 = DIRECTION( '', ( 0.333333333333292, -0.942809041582078, 0.000000000000000 ) );
#5214 = DIRECTION( '', ( 0.000000000000000, 0.000000000000000, -1.00000000000000 ) );
#5215 = CARTESIAN_POINT( '', ( 0.00146000000000000, 0.000120000000000000, -0.00120000000000000 ) );
#5216 = DIRECTION( '', ( 0.000000000000000, 0.000000000000000, -1.00000000000000 ) );
#5217 = DIRECTION( '', ( 0.848048096156421, -0.529919264233213, 0.000000000000000 ) );
#5218 = DIRECTION( '', ( 0.000000000000000, 0.000000000000000, -1.00000000000000 ) );
#5219 = DIRECTION( '', ( -0.529919264233213, -0.848048096156421, 0.000000000000000 ) );
#5220 = DIRECTION( '', ( -1.00000000000000, 0.000000000000000, 0.000000000000000 ) );
#5221 = DIRECTION( '', ( 0.000000000000000, 0.000000000000000, 1.00000000000000 ) );
#5222 = DIRECTION( '', ( 2.07348657100202E-006, 5.30783106342905E-007, -0.999999999997710 ) );
#5223 = DIRECTION( '', ( -0.968917712038196, 0.000000000000000, 0.247383239728699 ) );
#5224 = DIRECTION( '', ( 0.000000000000000, -1.00000000000000, 0.000000000000000 ) );
#5225 = DIRECTION( '', ( -0.664890518180899, 0.000000000000000, -0.746940826861898 ) );
#5226 = DIRECTION( '', ( 0.000000000000000, -1.00000000000000, 0.000000000000000 ) );
#5227 = DIRECTION( '', ( 1.00000000000000, 0.000000000000000, 0.000000000000000 ) );
#5228 = DIRECTION( '', ( 0.000000000000000, -1.00000000000000, 0.000000000000000 ) );
#5229 = DIRECTION( '', ( 0.000000000000000, 0.000000000000000, -1.00000000000000 ) );
#5230 = DIRECTION( '', ( -0.761539427829723, 0.000000000000000, -0.648118584721020 ) );
#5231 = DIRECTION( '', ( 0.000000000000000, -1.00000000000000, 0.000000000000000 ) );
#5232 = DIRECTION( '', ( 0.659497440634174, 0.000000000000000, 0.751706808401370 ) );
#5233 = DIRECTION( '', ( -1.00000000000000, 0.000000000000000, 0.000000000000000 ) );
#5234 = DIRECTION( '', ( 0.000000000000000, -1.00000000000000, 0.000000000000000 ) );
#5235 = DIRECTION( '', ( 0.192182858930903, 0.000000000000000, 0.981359133413016 ) );
#5236 = DIRECTION( '', ( 0.000000000000000, -1.00000000000000, 0.000000000000000 ) );
#5237 = DIRECTION( '', ( 0.616662015127031, 0.000000000000000, 0.787228022303239 ) );
#5238 = DIRECTION( '', ( 1.00000000000000, 0.000000000000000, 0.000000000000000 ) );
#5239 = DIRECTION( '', ( 0.000000000000000, -1.00000000000000, 0.000000000000000 ) );
#5240 = DIRECTION( '', ( 0.000000000000000, 0.000000000000000, 1.00000000000000 ) );
#5241 = CARTESIAN_POINT( '', ( -0.00113989794855700, 0.000100000000000000, -0.000700000000000000 ) );
#5242 = DIRECTION( '', ( 0.000000000000000, -1.00000000000000, 0.000000000000000 ) );
#5243 = DIRECTION( '', ( -1.00000000000000, 0.000000000000000, 0.000000000000000 ) );
#5244 = DIRECTION( '', ( -0.342020143325699, -0.939692620785897, 0.000000000000000 ) );
#5245 = DIRECTION( '', ( -0.462902782700698, 0.000000000000000, -0.886409055553896 ) );
#5246 = DIRECTION( '', ( 1.00000000000000, 0.000000000000000, 0.000000000000000 ) );
#5247 = DIRECTION( '', ( 0.000000000000000, 0.000000000000000, 1.00000000000000 ) );
ENDSEC;
END-ISO-10303-21;
