:020000040800F2
:100000000000012089180108454200084942000803
:100010004D4200085142000855420008000000000F
:10002000000000000000000000000000594200082D
:100030005D420008000000006142000865420008BF
:10004000D9180108D9180108D918010879420008FF
:10005000D9180108D9180108D9180108D9180108B8
:10006000D9180108B5420008D9180108D9180108A3
:10007000C9420008D5420008D9180108D91801085A
:10008000E1420008ED420008D9180108D91801081A
:10009000D9180108D9180108D9180108D918010878
:1000A000D9180108D9180108D9180108D918010868
:1000B000D91801080000000000000000D91801084C
:1000C000D9180108F9420008D9180108D9180108FF
:1000D000D9180108D9180108D1590008D918010800
:1000E0002143000835430008000000000000000024
:1000F0000000000000000000000000000000000000
:1001000000000000D918010800000000D9180108FB
:100110000000000000000000D9180108D9180108EB
:10012000D9180108D9180108D9180108D9180108E7
:10013000D9180108000000000000000000000000C5
:10014000D9180108D9180108D918010800000000C1
:10015000D9180108D9180108D9180108D9180108B7
:10016000D9180108D9180108D918010800000000A1
:10017000D9180108D918010800000000000000008B
:10018000D9180108D9180108D91801080000000081
:1001900001230360704700BF014B0360704700BF3D
:1001A000000D010072B6BFF34F8FBFF36F8F0E4B80
:1001B00000211A68196062B6BFF34F8FBFF36F8FCB
:1001C00002F00103910748BF43F00203510748BF03
:1001D00043F00403110748BF43F00803D20648BFA9
:1001E00043F01003036070478000002072B6BFF335
:1001F0004F8FBFF36F8F044B5B6862B6BFF34F8FB7
:10020000BFF36F8F036070478000002072B6BFF3AA
:100210004F8FBFF36F8F044B9B6862B6BFF34F8F56
:10022000BFF36F8F03607047800000200E4A92F882
:10023000583192F85911B2F95CC103F00F034942E9
:1002400001F4807143EA0C430B4392F85A1192F87F
:100250008421494201F4007152420B4302F480624E
:1002600013430360704700BF80000020054B9FEDE3
:10027000067AD3ED427A67EE877AFCEEE77AC0ED34
:10028000007A70478000002000007A44054B9FED03
:10029000067AD3ED437A67EE877AFCEEE77AC0ED13
:1002A000007A70478000002000007A44054B9FEDE3
:1002B000067AD3ED447A67EE877AFCEEE77AC0EDF2
:1002C000007A70478000002000007A44054B9FEDC3
:1002D000067AD3ED457A67EE877AFCEEE77AC0EDD1
:1002E000007A70478000002000007A44054B9FEDA3
:1002F000067AD3ED467A67EE877AFCEEE77AC0EDB0
:10030000007A70478000002000007A44054B9FED82
:10031000067AD3ED477A67EE877AFCEEE77AC0ED8E
:10032000007A70478000002000007A44054B9FED62
:10033000067AD3ED487A67EE877AFCEEE77AC0ED6D
:10034000007A70478000002000007A44054B9FED42
:10035000067AD3ED497A67EE877AFCEEE77AC0ED4C
:10036000007A70478000002000007A44054B9FED22
:10037000067AD3ED4A7A67EE877AFCEEE77AC0ED2B
:10038000007A70478000002000007A44054B9FED02
:10039000067AD3ED4B7A67EE877AFCEEE77AC0ED0A
:1003A000007A70478000002000007A44054B9FEDE2
:1003B000067AD3ED4C7A67EE877AFDEEE77AC0EDE8
:1003C000007A70478000002000007A44054B9FEDC2
:1003D000067AD3ED4D7A67EE877AFDEEE77AC0EDC7
:1003E000007A70478000002000007A44054B9FEDA2
:1003F000067AD3ED4E7A67EE877AFDEEE77AC0EDA6
:10040000007A70478000002000007A44054B9FED81
:10041000067AD3ED4F7A67EE877AFDEEE77AC0ED84
:10042000007A70478000002000007A44054B9FED61
:10043000067AD3ED507A67EE877AFDEEE77AC0ED63
:10044000007A70478000002000007A44054B9FED41
:10045000067AD3ED517A67EE877AFDEEE77AC0ED42
:10046000007A70478000002000007A44054B9FED21
:10047000067AD3ED527A67EE877AFDEEE77AC0ED21
:10048000007A70478000002000007A44054B9FED01
:10049000067AD3ED537A67EE877AFDEEE77AC0ED00
:1004A000007A70478000002000007A44054B9FEDE1
:1004B000067AD3ED547A67EE877AFDEEE77AC0EDDF
:1004C000007A70478000002000007A44054B9FEDC1
:1004D000067AD3ED557A67EE877AFDEEE77AC0EDBE
:1004E000007A70478000002000007A440F4AD2F85A
:1004F000003110B504461BB10D491868884208D078
:10050000D2F898310B490C4A002098470023236009
:1005100010BDD3ED017A9FED097A67EE877AFCEE84
:10052000E77A17EE903A236010BD00BF80000020EC
:1005300050D1C0AC948F01087C8F010800007A4430
:1005400000B5114A83B0D2F800310190C3B10F4910
:100550001868884209D0D2F898310D490D4A002018
:100560009847012003B05DF804FBDDED017ADFED73
:100570000A6AF8EE677A87EEA67A83ED017AF0E7E9
:10058000184603B05DF804FB8000002050D1C0ACD9
:10059000948F01087C8F010800007A440F4AD2F83A
:1005A000003110B504461BB10D491868884208D0C7
:1005B000D2F898310B490C4A002098470023236059
:1005C00010BDD3ED027A9FED097A67EE877AFCEED3
:1005D000E77A17EE903A236010BD00BF800000203C
:1005E00050D1C0AC948F01087C8F010800007A4480
:1005F00000B5114A83B0D2F800310190C3B10F4960
:100600001868884209D0D2F898310D490D4A002067
:100610009847012003B05DF804FBDDED017ADFEDC2
:100620000A6AF8EE677A87EEA67A83ED027AF0E737
:10063000184603B05DF804FB8000002050D1C0AC28
:10064000948F01087C8F010800007A440A4AD2F88E
:10065000003110B504461BB108491868884208D01B
:10066000D2F898310649074A0020984700232360B2
:1006700010BD9B89236010BD8000002050D1C0AC0C
:10068000948F01087C8F01080A4AD2F800317BB1AF
:1006900010B509491C688C4207D0D2F89831074937
:1006A000074A00209847012010BD9881012010BD05
:1006B000184670478000002050D1C0AC948F0108CC
:1006C0007C8F01080B4AD2F8003110B504461BB1EB
:1006D00009491868884208D0D2F898310749084A71
:1006E000002098470123236010BD93F82830236031
:1006F00010BD00BF8000002050D1C0AC948F010815
:100700007C8F01080C4AD2F800319BB110B50B491F
:100710001C688C4207D0D2F898310949094A002058
:100720009847012010BD003818BF012083F8280029
:10073000012010BD184670478000002050D1C0AC89
:10074000948F01087C8F01080F4AD2F8003110B550
:1007500004461BB10D491868884208D0D2F8983178
:100760000B490C4A002098470023236010BDD3EDAD
:10077000047A9FED097A67EE877AFDEEE77A17EE45
:10078000903A236010BD00BF8000002050D1C0AC63
:10079000948F01087C8F010800007A4400B5114A4B
:1007A00083B0D2F800310190C3B10F491868884274
:1007B00009D0D2F898310D490D4A00209847012000
:1007C00003B05DF804FBDDED017ADFED0A6AF8EEB7
:1007D000E77A87EEA67A83ED047AF0E7184603B04D
:1007E0005DF804FB8000002050D1C0AC948F01085C
:1007F0007C8F010800007A440C4AD2F8003110B511
:1008000004461BB10A491868884208D0D2F89831CA
:100810000849094A002098470523236010BD9B7BA7
:100820005A1E042A88BF0023236010BD80000020C8
:1008300050D1C0AC948F01087C8F01080C4AD2F8CB
:10084000003113B1411E042901D90020704710B5B1
:1008500008491C688C4207D0D2F898310649074AEB
:1008600000209847012010BD9873012010BD00BFE3
:100870008000002050D1C0AC948F01087C8F01080B
:100880000D4AD2F8003110B504461BB10B49186867
:10089000884208D0D2F8983109490A4A002098477E
:1008A0000323236010BD1B7D032B96BF064A002344
:1008B00052F82330236010BD8000002050D1C0AC1E
:1008C000948F01087C8F0108004E01080D4AD2F870
:1008D000003113B10138032801D9002070470A49BB
:1008E000014410B5087C094C1968A14207D0D2F820
:1008F00098310749074A00209847012010BD187514
:10090000012010BD80000020004E010850D1C0AC75
:10091000948F01087C8F01080E4AD2F8003110B57F
:1009200004461BB10C491868884208D0D2F89831A7
:100930000A490B4A002098470123236010BD5B7DC4
:10094000002BF9D0A3F10103B3FA83F35B095B0039
:10095000236010BD8000002050D1C0AC948F0108EE
:100960007C8F0108104A08B5D2F800318BB10128FC
:1009700011D002280DD10D49186888424FF0010CA2
:100980000FD0D2F898310A490A4A0020984701202E
:1009900008BD002008BD0549186888424FF0000CCA
:1009A000EFD183F815C0F2E78000002050D1C0AC31
:1009B000948F01087C8F01080A4AD2F8003110B5E3
:1009C00004461BB108491868884208D0D2F898310B
:1009D0000649074A002098470023236010BD1B8B5F
:1009E000236010BD8000002050D1C0AC948F01085E
:1009F0007C8F01080A4AD2F800317BB110B5094951
:100A00001C688C4207D0D2F898310749074A002069
:100A10009847012010BD1883012010BD184670476B
:100A20008000002050D1C0AC948F01087C8F010859
:100A30000F4AD2F8003110B504461BB10D491868B1
:100A4000884208D0D2F898310B490C4A00209847C8
:100A50000023236010BDD3ED077A9FED097A67EE7E
:100A6000877AFCEEE77A17EE903A236010BD00BF5C
:100A70008000002050D1C0AC948F01087C8F010809
:100A800000007A4400B5114A83B0D2F800310190D9
:100A9000C3B10F491868884209D0D2F898310D497E
:100AA0000D4A00209847012003B05DF804FBDDEDFE
:100AB000017ADFED0A6AF8EE677A87EEA67A83EDAF
:100AC000077AF0E7184603B05DF804FB80000020C9
:100AD00050D1C0AC948F01087C8F010800007A448B
:100AE0000F4AD2F8003110B504461BB10D49186801
:100AF000884208D0D2F898310B490C4A0020984718
:100B00000023236010BDD3ED087A9FED097A67EECC
:100B1000877AFDEEE77A17EE903A236010BD00BFAA
:100B20008000002050D1C0AC948F01087C8F010858
:100B300000007A4400B5114A83B0D2F80031019028
:100B4000C3B10F491868884209D0D2F898310D49CD
:100B50000D4A00209847012003B05DF804FBDDED4D
:100B6000017ADFED0A6AF8EEE77A87EEA67A83ED7E
:100B7000087AF0E7184603B05DF804FB8000002017
:100B800050D1C0AC948F01087C8F010800007A44DA
:100B90000F4AD2F8003110B504461BB10D49186850
:100BA000884208D0D2F898310B490C4A0020984767
:100BB0000023236010BDD3ED097A9FED097A67EE1B
:100BC000877AFCEEE77A17EE903A236010BD00BFFB
:100BD0008000002050D1C0AC948F01087C8F0108A8
:100BE00000007A4400B5114A83B0D2F80031019078
:100BF000C3B10F491868884209D0D2F898310D491D
:100C00000D4A00209847012003B05DF804FBDDED9C
:100C1000017ADFED0A6AF8EE677A87EEA67A83ED4D
:100C2000097AF0E7184603B05DF804FB8000002065
:100C300050D1C0AC948F01087C8F010800007A4429
:100C40000E4AD2F8003110B504461BB10C491868A1
:100C5000884208D0D2F898310A490B4A00209847B8
:100C60000123236010BD9B7D002BF9D0A3F101036C
:100C7000B3FA83F35B095B00236010BD80000020A2
:100C800050D1C0AC948F01087C8F0108104A08B580
:100C9000D2F800318BB1012811D002280DD10D49B5
:100CA000186888424FF0010C0FD0D2F898310A49E9
:100CB0000A4A00209847012008BD002008BD0549C8
:100CC000186888424FF0000CEFD183F816C0F2E7A5
:100CD0008000002050D1C0AC948F01087C8F0108A7
:100CE00072B6BFF34F8FBFF36F8F054B93F8A031F0
:100CF00062B6BFF34F8FBFF36F8F0360704700BFC3
:100D00008000002072B6BFF34F8FBFF36F8F064B8A
:100D1000003818BF012083F8A00162B6BFF34F8FDF
:100D2000BFF36F8F012070478000002072B6BFF3C1
:100D30004F8FBFF36F8F0F4BD3F8A42132B1002038
:100D400062B6BFF34F8FBFF36F8F70479A680A493F
:100D500010B442F000424FF400748C62C3F8A40156
:100D60009A60012062B6BFF34F8FBFF36F8F5DF8BB
:100D7000044B7047800000200004004870B4436CAE
:100D8000066C056831682C6803F01C0304229A4045
:100D90000A420ED014F0040F0BD02B689B0603D42C
:100DA0002B6823F004032B60036B7260FBB170BCF3
:100DB000184702229A400A421BD014F0020F18D0A2
:100DC0002B68990606D42B68012123F00A032B60B7
:100DD00080F82510134B9D4296BF134BC3F8842314
:100DE0005A60C36A002280F82420002BDFD170BC37
:100DF000704708229A400A42F9D02207F7D52A689C
:100E0000416B22F00E022A60012202FA03F3002451
:100E10007360C26380F8244080F825200029E6D062
:100E200070BC0847800002400000024070B40224F9
:100E300080F825400024456CC4630468066C05F006
:100E40001C0C256825F001052560012505FA0CF527
:100E5000756063608368102B036B0BBFA260A16099
:100E6000E160E26053B1236843F00E03236023681E
:100E700043F001030020236070BC7047236823F017
:100E800004032360236843F00A032360EFE700BFF5
:100E9000F8B5894C002384F8A83194F80D32012B61
:100EA0000D46D4F8B41109D0B1F5827F74D1D8B20F
:100EB000D4F8B831002B6FD104286DD1002D6BD040
:100EC00092B2002A68D094F80C32012B64D094F8C6
:100ED0000D32D4F8B061C4F8E851042B1CBF0523CF
:100EE00084F80D3201210023C4F8103284F80C126A
:100EF000A4F8EE21A4F8F621C4E97F337368A4F8BE
:100F0000EC2123F4C043C4F8F051A4F8F421736039
:100F1000D4F8BC31D4F80802B3F5E06F3DD8D4F86A
:100F2000043299697368B1F5806F43F4805373603C
:100F300000F09F808369B3F5806F00F0868094F89D
:100F40000D325E4A5E49042B5E4B18BF13460363A5
:100F50005D4B43635D4B18BF0B4690F82410C36292
:100F6000B4F8F6310022012982639BB20BD090F8CD
:100F700025100127012980F82470CFB212D08023D8
:100F8000C36380F82420D4F81032002243F0100309
:100F9000C4F8103284F80C22F8BD736823F480532F
:100FA0007360CCE72A4606F10C01FFF73FFF0246CB
:100FB0000028E8D17368D4F8040243F00103736099
:100FC00090F824C0B4F8EE31BCF1010FC0E90B2257
:100FD000C0E90D229BB2D6D080F8247090F825701D
:100FE000012FCCD10A462946FFF720FF0028CAD19D
:100FF00033685B0603D4336843F040033360002357
:1010000084F80C32736843F020037360736843F014
:1010100002037360D4F8142294F8A831002BBBD1DA
:1010200041F287310BE072B694F8A83103B930BFB2
:1010300062B6BFF36F8F94F8A831002BACD1D4F80F
:1010400014329B1A8B42EED9F8BD736823F4805397
:101050007360B4F8F63113F0010F736816D123F4FE
:1010600000537360B4F8F631C3F34E03A4F8F631BD
:1010700065E7D207736814D423F480437360B4F82F
:10108000EE31C3F34E03A4F8EE3153E743F40053BB
:101090007360B4F8F631C3F34E030133A4F8F631AC
:1010A0004DE743F480437360B4F8EE31C3F34E036D
:1010B0000133A4F8EE313DE7800000203D15000823
:1010C000094000083915000841150008593F00087B
:1010D0002DE9F04F00233E4E4FF00F094FF0030A69
:1010E0004DE03C4FB84265D03B4FB84266D03B4FD5
:1010F000B84268D0DFF8E8B058450CBF4FF0040B99
:101100004FF0070B0BFA04F4A44513D1346824EA1A
:101110000E043460746824EA0E047460F46824EAEF
:101120000E04F460B46824EA0E04B460AC6824EAE7
:101130000804AC6004685D000AFA05F54FEAD30CB8
:101140002C4300EB8C0C046003F00704DCF820E077
:10115000A40009FA04F42EEA0404CCF820408468C0
:1011600024EA05048460446824EA02024260C268FA
:1011700022EA0502C260013331FA03F218D00122DB
:101180009A4012EA010EF6D023F0030505F18045DE
:1011900005F5803503F00304D5F808C0A40009FA6A
:1011A00004F8B0F1904F08EA0C0C9AD10024ABE798
:1011B000BDE8F08F012707FA04F4A5E74FF0020B12
:1011C0000BFA04F4A0E74FF0030B0BFA04F49BE7CF
:1011D000000401400004004800080048000C0048DA
:1011E00000100048002310B480F8423090F84120ED
:1011F000212A4FF0200118D1112280F841100263FA
:1012000090F84110046801F02801226843632829FE
:1012100014BF6FF0F2016FF042010A400023226018
:101220005DF8044B80F840307047122280F841107E
:10123000026390F84120016802F028020C684363C1
:10124000282A14BF6FF0F4026FF0440222400023FA
:101250000A605DF8044B80F840307047274A936875
:10126000D26813F00C0305D00C2B33D0042B3FD1E4
:1012700023487047214A1168090754BFD2F89410D7
:101280001168204A54BFC1F30321C1F3031102EBDB
:1012900081025069002BECD0184BDB6803F003038C
:1012A000022B23D0184A032B08BF1046134BD968D2
:1012B000DA68DB68C3F34163C2F30622C1F30211AB
:1012C000013300FB02F201315B00B2FBF1F2B2FB31
:1012D000F3F0704702F00302012ACBD0074BDB6822
:1012E00003F00303022B4FF00000DBD10448DDE7DD
:1012F000082B054818BF0020704700BF00100240AF
:101300000024F400004E010800127A0010B5FFF727
:10131000A5FF0B490B4A8B680B4CC3F30313134413
:1013200093F8443003F01F03D84020608B68C3F368
:1013300002231A4492F8543003F01F03D84010BD22
:1013400000100240004E01080000002010B5FFF719
:1013500085FF0B490B4A8B680B4CC3F303131344F3
:1013600093F8443003F01F03D84020608B68C3F328
:10137000C2231A4492F8543003F01F03D84010BD22
:1013800000100240004E01080000002021498B6D32
:10139000DB0082B01CD5204B1B6803F4C063B3F59F
:1013A000007F29D080282ED831D0A0F17002B2FA67
:1013B00082F2520919490B6823F0070313430B60AB
:1013C000086800F00700801A18BF012002B07047BB
:1013D0008B6D114A43F080538B658B6D03F0805306
:1013E0000193019B13688A6D03F4C06322F080525D
:1013F000B3F5007F8A65D5D1802806D9A0288CBF97
:1014000002220122D6E70322D4E70022D2E70222F9
:10141000D0E700BF001002400070004000200240F2
:10142000434A036830B4D468A40707D0D46804F0F2
:1014300003049C424AD0012030BC7047022B56D096
:10144000032B4DD0012BF6D112689207F3D5384CFF
:10145000E26822F0730213434268013A43EA02133E
:10146000E360334C334A236823F080632360D2F86F
:10147000145204E0D2F814325B1B022B3BD82368D1
:101480001B01F7D483681B02002936D12169C56886
:1014900021F0784121F4FE4143EAC5630B43236107
:1014A00023490B6843F080630B60D2F8144204E0D8
:1014B000D2F814321B1B022B1DD80B681B01F7D569
:1014C00082690B69134300200B61B5E7002CB2D091
:1014D000D3684268C3F3021301339342ABD1C0E730
:1014E0001468A403B3D412685203A4D5AFE71268FA
:1014F0005505A0D5ABE703209EE7012921690BD054
:1015000021F0C06121F4FE41194343695B08013BAE
:1015100041EA43612161C3E721F4C00121F4FE41A6
:101520000B4301694908013943EA41532361B7E795
:101530000010024080000020704700BF704700BFCD
:10154000836A19684A6822F003024A601A6E4FF0F3
:10155000010C42F010021A6683F85DC0704700BFAC
:10156000704700BF70B5114E114A3368A2FB0323C8
:101570009B09013BB3F1807F01D3012070BD4FF087
:10158000E0220C495361F02381F823300025072322
:101590000F28956104461361EFD801464FF0FF30E4
:1015A0000EF0D6F97460284670BD00BF0000002020
:1015B000D34D621000ED00E0F0B58D4B02689D68E0
:1015C000DE680446D00683B005F00C0506F003067D
:1015D00040F13481002D40F0FA80854B1B6899075B
:1015E00000F16681824B276A1A68120756BFD3F84A
:1015F00094301B681B0903F0F0039F4200F2E8815E
:101600007B4B1A6842F008021A601A6822F0F00256
:101610003A431A605A68E16922F47F4242EA0122A1
:101620005A60002D00F00B82FFF718FE704B9A688D
:10163000704BC2F3031213446F4A93F8443003F023
:101640001F0320FA03F350681360FFF78BFF002895
:1016500040F033812268D00700F1F48090071FD555
:101660000C2D00F0CD81E3686148002B00F08481EF
:10167000036843F480730360604BD3F8146205E0A1
:10168000D3F81412891B022900F24D810168490523
:10169000F6D54368216923F0F85343EA01634360B8
:1016A000160718D563695248002B00F01481D0F852
:1016B000943043F00103C0F89430504BD3F81462D7
:1016C00005E0D3F81412891B022900F22C81D0F80E
:1016D00094108907F5D550073ED5454B996DC90043
:1016E00000F14881996D41F0805199659B6D03F03F
:1016F00080530193019B0120414E3368DF0540F187
:1017000002813E4BA168012900F04781052900F0C4
:10171000AA81374ED6F8907027F00107C6F890706E
:10172000D6F8907027F00407C6F89070002940F0B2
:101730003B81D3F814C241F2883706E0D3F8141283
:10174000A1EB0C01B94200F2EE80D6F890108907A7
:10175000F4D4002840F06D81970618D5636A2449B7
:10176000002B00F05181D1F89820244B42F0010267
:10177000C1F89820D3F8140205E0D3F81422121A05
:10178000022A00F2D080D1F898209607F5D5A36AF6
:10179000DBB1022B00F075810C2D00F08D80144917
:1017A000164B0A6822F080720A60D3F8140205E032
:1017B000D3F81422121A022A00F2B5800A689201A4
:1017C000F6D4CA680F4B1340CB60002075E00C2D97
:1017D00000F09580A3690648002B00F0A7800168FF
:1017E000064B41F001010160D3F8147212E000BF12
:1017F00000100240004E0108000000208000002080
:1018000000700040FCFFEEFED3F81412C91B022941
:1018100000F2898001688907F6D5036843F0080360
:1018200003600368216A23F0F0030B4303604368FD
:10183000E16923F47F4343EA01234360D30722D5C0
:10184000082D3ED00C2D3AD06368B3F5803F7ED092
:10185000B3F5A02F00F0FA809548016821F480319B
:101860000160016821F480210160002B74D1914B4B
:10187000D3F8147204E0D3F81412C91B642952D8A7
:1018800001688903F7D497077FF50AAF042D7FF429
:10189000E7AE874B1B68580501D5E36863B18449FF
:1018A00020694B6823F0F85343EA00634B60F7E686
:1018B000A369002B7FF496AE012003B0F0BD032E88
:1018C000C2D17B4B1B689F037FF5C8AE6368002BBA
:1018D0007FF4C4AEF0E7D0F8943023F00103C0F8F1
:1018E0009430744BD3F8146204E0D3F81412891BBB
:1018F000022918D8D0F894108F07F6D4EBE6012E01
:101900007FF468AF69E6336843F480733360694BF2
:10191000D3F814723168C9053FF5F4AED3F8141248
:10192000C91B0229F6D9032003B0F0BD0168614B41
:1019300021F001010160D3F8147204E0D3F814120D
:10194000C91B0229EFD801688907F7D476E75849FF
:101950000B6843F480330B60564B5548D3F8147230
:1019600004E0D3F81412C91B6429DCD80168890388
:10197000F7D588E70020BFE6036823F4807303608F
:101980004C4BD3F8146204E0D3F81412891B0229DB
:10199000C9D801684F05F7D482E6454ED6F89010B5
:1019A00041F00101C6F89010D3F814C2404E41F244
:1019B000883705E0D3F81412A1EB0C01B942B2D874
:1019C000D6F890108907F5D500283FF4C5AE30E071
:1019D0003846FFF7DBFC00287FF46EAF344B1A6803
:1019E00042F008021A601A6822F0F0023A431A60C4
:1019F0005A68E16922F47F4242EA01225A6013E602
:101A0000022E7FF430AE44E7D1F89820294B22F023
:101A10000102C1F89820D3F8140205E0D3F814228B
:101A2000121A022A3FF67FAFD1F898209207F5D418
:101A3000ADE61F498B6D23F080538B658CE63846ED
:101A4000FFF7A4FC00283FF4EFAD35E703F1804336
:101A5000A3F53C33196841F480211960196841F4F9
:101A60008031196078E71249D1F8906046F0040699
:101A7000C1F89060D1F8906046F00106C1F890601E
:101A800092E70B4AE66AD36803F00301B1424BD0F8
:101A90000C2D3FF411AF06490B685F013FF50CAF09
:101AA0000A68044B22F080720A60D3F8140209E03D
:101AB0000010024080000020D3F81422121A022ADB
:101AC0003FF631AF0A689501F6D4C868354A02403E
:101AD000606B324342EA0022A06B42EAC062206B94
:101AE000013842EA0012D4E90F506C08013C40086A
:101AF000013842EA445242EA4062CA600A682A480F
:101B000042F080720A60CA6842F08072CA60D3F8FC
:101B1000141205E0D3F81422521A022A3FF603AF3A
:101B200002689401F6D550E6216B03F0700001398C
:101B3000B0EB011FACD1606B03F4FE41B1EB002FA1
:101B4000A6D1A06B03F07841B1EBC06FA0D1E16BDF
:101B50004908013903F4C000B0EB415F98D1216C12
:101B6000490803F0C0630139B3EB416F90D11368AA
:101B700098013FF52AAE11680C4B41F0807111605D
:101B8000D16841F08071D160D3F8140205E0D3F838
:101B90001412091A02293FF6C6AE11688901F6D55A
:101BA00013E600BF8C809D010010024080000020E1
:101BB000514AF8B5136803F007038B420BD2136840
:101BC00023F007030B431360136803F007038B42F2
:101BD00001D00120F8BD046814F0020E04F00103E6
:101BE00069D0464E8568B26802F0F002954204D989
:101BF000B26822F0F0022A43B260002B66D042683D
:101C0000032A5DD03D4B022A1B686BD0002A6ED19F
:101C10009E07DED5394D3A4EAB6823F003031343DC
:101C2000AB60D6F81472920041F2883C04E0D6F81A
:101C30001432DB1B634558D8AB6803F00C039342A6
:101C4000F5D1BEF1000F40D12B4A136803F0070312
:101C50008B4209D9136823F007030B431360136801
:101C600003F007038B42B4D1620706D5234AC1684B
:101C7000936823F4E0630B439360230707D51F4A5F
:101C80000169936823F4605343EAC1039360FFF74B
:101C9000E5FA1A491B4A89681B4CC1F303110A442F
:101CA000034692F84420606802F01F02D34023608C
:101CB000BDE8F84056E4002BC6D04268032AA1D103
:101CC0000E4B1B689B01A5D483E785680B4A93687C
:101CD00003F0F0039D42B7D2936823F0F0032B4347
:101CE0009360B1E79F0395D473E70320F8BD5D05CA
:101CF0007FF56FAF8EE700BF00200240001002406A
:101D000080000020004E0108000000200CB4F0B557
:101D1000ADB032AB06AE53F8042B059304460D4626
:101D20003046962112F014F89528C4BF1C4BCDF80C
:101D3000AA301C4B1C49D3F81472A1FB07311B4B72
:101D4000A3FB0723980B1A4BA3FB07234FEA931C13
:101D5000184B4FF47A7202FB1C77A3FB00E2520986
:101D6000042CC2EB0212A0EB8202A3FB0CE398BF8F
:101D7000114800974FEA531394BF005D3F20C3EB17
:101D800003130190CDE90256490DACEB83030B48D8
:101D900011F0B8FF2DB0BDE8F04002B0704700BFB1
:101DA0002E2E2E0080000020B17C219573B2E745D5
:101DB000D34D621089888888CC8F0108A88F0108CC
:101DC0000FB400B50F4A9BB01CAB92F8181253F831
:101DD000042B009321B91BB05DF804EB04B07047ED
:101DE000642101A811F0B4FF6328C8BF064B07485F
:101DF000C8BF199301A911F085FF1BB05DF804EB72
:101E000004B07047800000202E2E2E002497010879
:101E100072B6BFF34F8FBFF36F8F064B9A6840EADD
:101E20000201996062B6BFF34F8FBFF36F8F024814
:101E3000C6E700BF80000020D48F01082DE9F04FD5
:101E40002DED0E8B431EADF2944D212B23D8DFE8F0
:101E500013F02C0044005301C0018900220022002D
:101E60002200220022002200220022002200220062
:101E70002200220022002200220022002200220052
:101E80002200220022002200220022002200220042
:101E9000E601D301DB01014688480DF2944DBDEC0B
:101EA0000E8BBDE8F04F11F02DBF72B6BFF34F8F10
:101EB000BFF36F8F824B07939B6803F0800362B67A
:101EC000BFF34F8FBFF36F8F002B00F09E860DF294
:101ED000944DBDEC0E8BBDE8F08F794F07976422CF
:101EE000002107F5847011F09DFD72B6BFF34F8F8E
:101EF000BFF36F8F7B6801337B6062B6BFF34F8F98
:101F0000BFF36F8F6F4B4FF480529A610DF06AFDF3
:101F1000D7F80411F868D7E95B2331B1DFF8D4B101
:101F20000C68694DAC4200F06B82079B674AD3F89E
:101F30009831674900209847664811F0D1FE614BFF
:101F40004FF480529A620DF04DFD634811F0C8FEC7
:101F5000079A012382F884310DF2944DBDEC0E8B6B
:101F6000BDE8F08F72B6BFF34F8FBFF36F8F544B46
:101F700007939B6803F0800362B6BFF34F8FBFF3F4
:101F80006F8F002BA3D0012309934E4B4FF4805247
:101F90009A610DF027FD72B6BFF34F8FBFF36F8FBD
:101FA000079EB16821F00121B16062B6BFF34F8F87
:101FB000BFF36F8F49484A4DFFF702FFF468D6E937
:101FC0005B121CB12368AB4200F04981079B454A74
:101FD000D3F8983144490020984772B6BFF34F8F29
:101FE000BFF36F8F079B996841F08071996062B66B
:101FF000BFF34F8FBFF36F8F3848FFF7E1FE3B48C9
:1020000011F06EFE2F4C4FF48055A5620DF0EAFCE6
:10201000A5610DF0E7FC72B6BFF34F8FBFF36F8F72
:10202000079CA16821F00221A16062B6BFF34F8F27
:10203000BFF36F8F2948DFF89080FFF7C1FE099F3B
:10204000A346DBF86C31DBF80C60DBF80441DBF80D
:1020500070510893002F00F0EE800020CDE984003D
:1020600086901CB12368434500F02881079B174ADE
:10207000D3F898311649002098471D4811F030FEDA
:1020800072B6BFF34F8FBFF36F8F079B996841F014
:102090000071996062B6BFF34F8FBFF36F8F0F4827
:1020A000FFF78EFE074B4FF480529A620DF2944D6B
:1020B000BDEC0E8BBDE8F04F0DF094BC7C92010896
:1020C000800000200004004830D1C0ACF08F01082F
:1020D000948F01080890010830920108D48F0108FC
:1020E0000EB037137093010888930108909301088C
:1020F000909401082083B8ED72B6BFF34F8FBFF301
:102100006F8FB04B07939C6804F0800462B6BFF3F6
:102110004F8FBFF36F8F002C7FF4D9AE079DD5F89A
:10212000000108F0F3FEC5F80401002800F08D83DB
:1021300072B6BFF34F8FBFF36F8FA96841F00801EC
:10214000A96062B6BFF34F8FBFF36F8F9E48FFF752
:1021500037FED5F8043123B19C4A1968914200F04A
:10216000EF82079D9A4AD5F898319A4900209847FE
:1021700072B6BFF34F8FBFF36F8FA96841F08051E4
:1021800041F48011A96062B6BFF34F8FBFF36F8F28
:102190008D48FFF715FE904811F0A2FD8F4811F011
:1021A0009FFD72B6BFF34F8FBFF36F8F079B996888
:1021B00041F08451996062B6BFF34F8FBFF36F8FC8
:1021C0008148FFF7FDFD002C3FF481AE0023099309
:1021D000DBE672B6BFF34F8FBFF36F8F794B079378
:1021E0009B6803F0800362B6BFF34F8FBFF36F8F1E
:1021F000002B3FF46CAEE9E77948FFF7E1FD714B46
:10220000002283F8182262E66E4BD3E940100DF2EB
:10221000944DBDEC0E8BBDE8F04F08F00BBA694B46
:102220007048012283F818220DF2944DBDEC0E8BFC
:10223000BDE8F04FC4E5DBE95DA2CDE947774997FA
:1022400014B1236843451FD0079B614AD3F89831E6
:10225000604900209847644811F042FD10E704F1FE
:102260000D0300293FF4B9AEA0680BF02BFC002849
:102270003FF4B3AE637B0A2B00F0F7800DF092FBC6
:1022800000287FF49BAEA8E62169A3680B449D4219
:10229000616B81F0EC81079B0998D3F89831154662
:1022A0000E46524A4B499847B542D4D2079B504AF2
:1022B000D3F89831474900209847CCE7A3682269B2
:1022C0001344AB4206D9079B484AD3F89831414999
:1022D0009847D2E6237D052B01F21086DFE803F054
:1022E000102B03030310079A92F82032002B3FF4BF
:1022F000C4AED2F8983137493E4A01209847BCE62F
:10230000089A616C2B4630460DF0B6F800283FF471
:10231000B4AE304605F070FC00283FF4AEAE0123A9
:1023200023750DF03FFB00287FF48BAE099B002B3B
:102330007FF4A3AE8FE7DDF820A02A463046514651
:1023400005F0EEFC00283FF498AEA06D84AA51463B
:1023500005F016FBD4F808311BB104F16C0184A818
:102360009847E1688698244D268F51440AF02CFD49
:10237000638F05EB860686ED000A05EB83079A005E
:1023800093B1013D1D48AE184FF0FF3215F8013FE3
:1023900008215A4042F300030340013983EA520204
:1023A000F8D1B542F2D1D24305233A60237572B613
:1023B000BFF34F8FBFF36F8F079B996841F4007194
:1023C00067E600BF80000020D48F010830D1C0AC88
:1023D000F08F0108948F0108989201084C9301082E
:1023E0006892010854920108CC940108B89301083E
:1023F00014940108D0930108FC0100202083B8ED5B
:1024000091F84040002C40F05B81096D0DF034F8EC
:1024100000283FF491ADF86805F0EEFB002800F0CD
:1024200069860DF0BFFA002800F06186D7E95B12DB
:10243000F86805F075FC1090002800F05E86D7F86B
:102440006C31D7F804411193D7F874310E931CB155
:102450002368B04A93421BD0079BAF4AD3F8983108
:10246000AE4900209847AE4867E572B6BFF34F8F7C
:10247000BFF36F8F079B996841F48071996062B6D2
:10248000BFF34F8FBFF36F8FA648FFF799FCB9E5F5
:102490000E9B002B00F01981226B0E998B589AB17C
:1024A0000A44551E481E4FF0FF3210F8011F08263F
:1024B0004A4042F3000101EA0B01013E81EA520267
:1024C000F7D18542F1D1D243934240F0FE80628F32
:1024D0009300002A00F0338693484FF0FF32C5186E
:1024E00010F8011F08264A4042F3000101EA0B01DF
:1024F000013E81EA5202F7D18542F1D1D2433B44F9
:10250000D3F87C31934240F08D83204608F0FEFAE8
:1025100094F840608146002E40F080810DF5B67A37
:10252000C4F8F860C4F8FC60C4F800613146A42225
:10253000B9F10106504618BF012611F073FA606E1A
:1025400004F1F80511992A4605F01AFAC7F8605106
:1025500094F840E0D4F80831BEF1000F40F04F810C
:10256000226DC7F8682104F1C001C7F864111BB1DE
:102570002846984794F840E094F8FA30B4F9FCC043
:10258000002B40F0398194F80431002B00F0B88220
:10259000109B84F80431E3681493E36B0C93D4F834
:1025A00000311293BEF1000F40F02481A269238F05
:1025B0000E9907EB830393ED5FBAA36ACB5E159385
:1025C000E36A1693129B002B00F09B800C9BB3F8E0
:1025D0004430002B00F087800E9B109DCDF8649056
:1025E000134413930C9BCDF83CE004330993002370
:1025F000CDE91746CDE91AAC0A93B84612E0D8F8EF
:1026000098314A4A4A49002098470F9A002393423A
:1026100016D00A9B0C9A0133B2F844200A939BB25D
:102620009A425AD9099B53F8044F0993002CE6D0DB
:102630002368404A9342E2D163790F9A9342E8D1EA
:1026400000255022294633A884AFCDF88A50CDF812
:102650008E50CDF89250CDF89650CDF89A50CDF8D6
:102660009E50ADF8A25011F0DDF95022294647A83E
:1026700011F0D8F950222946384611F0D3F947AB6A
:10268000259333AB23931423ADF88830099B279708
:102690005A699B6A24B121682648814200F0ED8086
:1026A000D8F89831214A22490020984700250A9BF2
:1026B000002BAED10C9A9DF8A23082F8CA32A8E75E
:1026C000012C0CBF496D0021A0E6079B1A4AD3F8E4
:1026D0009831124900209847C5E6DDE91746DDE943
:1026E000199A47466DB1002E40F00B8384F8409054
:1026F000D7F80411F868D7E95B2300297FF410AC00
:1027000013E4079B0D4AD3F89831044900209847F9
:10271000A9E600BF30D1C0ACF08F0108948F01084A
:10272000F4910108D48F0108FB010020EC9001080E
:1027300008910108E1AFA10F9C900108D891010810
:102740009A681969079D0A44C5F870215B6BC5F842
:10275000783172B6BFF34F8FBFF36F8FA96841F026
:102760001001A96062B6BFF34F8FBFF36F8FBC48F3
:10277000FFF726FBD5F8700111F08EFAC5F86C0151
:10278000002800F0798472B6BFF34F8FBFF36F8FCC
:10279000079DA96841F02001A96062B6BFF34F8F81
:1027A000BFF36F8FAE48FFF70BFBD5F8780111F040
:1027B00073FAC5F87401002800F0778472B6BFF38D
:1027C0004F8FBFF36F8F079DA96841F04001A9604B
:1027D00062B6BFF34F8FBFF36F8FA148FFF7F0FAD8
:1027E00072B6BFF34F8FBFF36F8FA9682B4641F0CE
:1027F0008001DFE4226ADAE6A4F806C1C8E6BEF189
:10280000010F40F00882626DC7F8682104F1DC0115
:10281000C7F86411002B7FF4ABAEADE64FF00008B3
:102820000DF5B67AC4F8F880C4F8FC80C4F80081CD
:10283000A4224146504611F0F5F8012E04F1F805A6
:1028400040F0E681A06E109E7CE672B6BFF34F8F1B
:10285000BFF36F8F079B996841F0805141F40021CD
:10286000996062B6BFF34F8FBFF36F8F7C48FFF75D
:10287000A7FA7C4811F034FA90E414990A441199AB
:102880000A4416990B440E990B44A16E1144E1665B
:10289000616F1144A167D4F880100A44C4F8842001
:1028A0002279022A00F0D1816279002A00F0C281E7
:1028B00028220021002629A811F0B4F833461299E5
:1028C000009629AA20460AF07DFC238F1D46002B86
:1028D00000F01386109A15990D921B9ADFED62AAEB
:1028E0009FED62AADFED668ADFED619A9FED619A46
:1028F0000B97521AB14608921F46C2462379B5007B
:10290000032B01F20A83DFE803F083BF2A02637915
:10291000002B00F02E81617F002900F0EC8101394D
:1029200089B204F13E0EDFED567A0EEB410104F15F
:102930003C0304F11902A44633F8020B814508D385
:102940001888484505D91078139C04EB8000D0ED19
:10295000007A994202F10102EED164460CE1A37FB4
:10296000BDF92020013BDBB2042B08EE102A97BFF3
:10297000414ADFED427A02EB8303D3ED1C7AB8EED5
:10298000C88AB0EE000AC8EE270AF1EE600A0EF01F
:10299000F7FFD4F89430628F617F2B4493ED007A77
:1029A000637968EE2A7A4A4477EE8A7A20EE077ACB
:1029B00092B2002B00F0A780002900F0978104F16B
:1029C0003C030139CDE91C631FFA81F804F13E0E86
:1029D000DFED2B5A0EEB4808184604F1190C30F8BD
:1029E000026BB24209D30688964206D99CF8006071
:1029F000139B03EB8606D6ED005A80450CF1010CC3
:102A0000EDD1DDE91C6365EEA55AD4F8A00089E09C
:102A1000D4ED037AE16EA06F0D4495ED007A720952
:102A200009F01F0950F822300125B4EEE77A01368B
:102A300005FA09F5F1EE10FA1FFA86F9CCBF2B431F
:102A4000AB43B94540F822303D46FFF457AF0D9BEC
:102A50000B9FD0468A46002B40F00C81109D26E645
:102A6000D48F0108C8920108583934BB8E407C3F8E
:102A7000F902154FC2F38E4D004E01080000AC4222
:102A800000000000FFFF7F7FDAED877AB8EE678AEB
:102A900021AF89EE880A0FF07FF8238D626B1399BE
:102AA00013FB09F312FA83F30DF1800862792046D3
:102AB00068EE007AB3EE087A67EE877AB7EE006ABE
:102AC00086EE277A08EE103A67EE097AF6EE006A8B
:102AD00067EEA67AB8EEC88AD4ED04BACDF80080C5
:102AE00028EE278A3B46B0EE480A0AF05DFD0D90BD
:102AF000002840F0F181F0EE687AE16E278F8AE7D6
:102B0000A4F806C145E5139BD3ED005A65EEA55A1E
:102B1000002900F0F380D4F8A000013904F13C034F
:102B200004F13E0E89B20EEB4101F0EE686A33F813
:102B300002CB624505D3B3F800C0944588BFD0ED01
:102B4000006A994200F10400F1D126EEA66A67EE10
:102B5000076A67EEA57A66EE866A94ED156AE16EFD
:102B600076EEA76AF1EEE67A67EE867A77EE877AF6
:102B700051E7139BD3ED007AB4F85A20B4F858000B
:102B8000E16E13189BB299453CD3A7EB030C1FFAD7
:102B90008CFCE14536D2B4F85EC094440132A9EB16
:102BA00003034A449BB292B28444002800F0CA82D4
:102BB00000EB020E1FED4E7A01EB830301EB820264
:102BC00001EB8E0EB445DCBFD3ED006A37EE267AFA
:102BD000F2EC016A964537EE267A03F10403F1D14F
:102BE000400080B2002800F0AD8206EE900AF8EEB8
:102BF000666A87EE266A94ED157A67EE877A77EE35
:102C0000867A08E75FED617A05E70124FFF786BA67
:102C1000109E404696E40021C7E95911002B7FF42D
:102C2000A7ACA9E4079BA44AD3F89831A349002094
:102C3000984718E4D4F8A8201A44C4F8AC20D4F873
:102C4000B4201344C4F8B83032E6D4F890201A44C3
:102C5000C4F89420D4F89C201A44C4F8A020D4F8D6
:102C6000C0201A44C4F8C420D4F8CC201A44C4F8B4
:102C7000D02019E6D4F884301E93012DB4F88830A2
:102C80001F9340F23F8400231C936FF040490123BF
:102C9000691E2246AE461CE05C0903F01F0550F891
:102CA0002440EC40E40740F1048103EB09040AEB03
:102CB000840494ED007AD4ED017AB4EEE77A5C1CDA
:102CC000F1EE10FAA4B2C0F2868123469E4540F28E
:102CD00003825C1E650904F01F0450F8255025FA94
:102CE00004F4E507D8D401339BB2EFE79FED746A93
:102CF000F0EE465A2BE7DFED727A3DE79FED706A02
:102D000025E7DDF83080CDF82090B8F8C892CDF8EE
:102D100024A098F80470A246B9F1000F2CD008F155
:102D2000480600224946304609F0F8FFB9F1010F84
:102D300000F06C84002509F1FF3B28462C462B4609
:102D400006EB0312D2ED036AD2ED077A92ED006A28
:102D500092ED047AF4EE676AF1EE10FA37EE467AF5
:102D6000C8BFF0EE667AB4EEE77A0134F1EE10FAFD
:102D7000A4B244D4272D33D9089A98F8CA62002304
:102D8000A8F8C8328AF84020079A82F85831079D7F
:102D90009AF804214B4BBAF8061185F85A21002401
:102DA0004FF48052A5F85C1185F859618AF8044106
:102DB000AAF806419A620CF015FE434895F858119E
:102DC000FEF7FEFF95F85831002B40F099813F48FF
:102DD000FEF7F6FF079A002382F88431FFF777B8F1
:102DE000211A84AB89B203EB05130029C4D0324603
:102DF00009F042FF0028BFD00135ADB220465C4546
:102E000023469DD3484580F00684272DB4D8A9EBEE
:102E1000000984AC1FFA89F904EB051332464946D0
:102E200009F02AFF0028A7D06E1C012FB6B204D1EA
:102E30003A463146204609F071FF142E28BF142669
:102E4000099B0A2EA3F8A060334628BF0A23DAB2F2
:102E500009980021256840F8045B0131A568C56424
:102E60008DB2B54204F11004F4D3002B03F1FF340A
:102E70004FF00003A8F8C832089B98F8CA628AF895
:102E80004030079B124883F85821A4B2099B04F1F3
:102E900001044FEA840408BF04241946224683F83B
:102EA000A26010F0EBFE22466FA90A4810F0E6FE81
:102EB0006DE702339BB209E7C4900108948F0108C3
:102EC0000000000000040048C09101083C96010881
:102ED00088010020B0010020A27FA3791C92228DDE
:102EE0001D92002B00F03881012B00F03281DAF8BE
:102EF0009831C64AC6499FEDC7CA0020984798ED49
:102F000000DADDE91C81404607F006FFB5EEC08A15
:102F1000F1EE10FAD7ED00DA7FF7EDADB5EEC0DADD
:102F2000F1EE10FA7FF7E7ADF7EE000A0FF0C4F903
:102F3000F7EE000AF0EE40CAB0EE6D0A0FF0BCF9F1
:102F4000B0EE40EAB0EE6C0A0EF0EAFCF2EE047A63
:102F5000F0EE40CAB0EE4D0A6CEEA7CA0EF0E0FCEF
:102F600008F1FF33DBB2042B94BFAB4ADFEDA9DAE3
:102F7000F3EE047A20EE27DA98BF02EB8303B0EE7B
:102F80004E0A98BFD3ED17DA0EF0CAFCF0EE407A85
:102F9000B0EE480AB0EE678A0EF0C2FCF2EE046AA8
:102FA00068EE267A2CEE267A7CEE8DCA77EEAD7A24
:102FB00027EE007A77EEAC7AF3EE040A77EEC77A62
:102FC000B0EE660A77EEAB7AC7EEA00A0EF0D8FC38
:102FD000F0EE407A91E51D46002623466409AC4692
:102FE0000B960894089C0B9EA500002E7FF46EAEF5
:102FF0008B42BFF46BAE455903F01F06F54015F048
:1030000001053FF463AE0AEB830696ED007A0AEB06
:103010008C06D6ED007AB4EEE77AF1EE10FA0BDD0D
:103020005D1C9C46C5F34A130893089C0B9EABB2EB
:10303000A500002EDCD049E618D50CF10106740974
:1030400006F01F061D9650F824601D9CE64016F001
:10305000010628D01F9D1C9CA54276D91E9D0B966B
:1030600025F814C0651CACB21C94BBE75C1CA3B271
:10307000C4F34A140894B5E772B6BFF34F8FBFF399
:103080006F8F079B996841F08151996062B6BFF3D9
:103090004F8FBFF36F8F6148FEF792FE604810F0CC
:1030A0001FFEFFF77BB80B959CE772B6BFF34F8FFF
:1030B000BFF36F8F079B996841F08251996062B6A8
:1030C000BFF34F8FBFF36F8F5448FEF779FE55481B
:1030D00010F006FEFFF762B80D9B1446002B3ED1A0
:1030E0000D98D8F89831504A50499847B6E450485E
:1030F000FEF723BF4F48FEF720BF4F48FEF71DBF26
:103100004E48FEF75DFE079F97F85831002B3FF4BD
:103110005EAE4B4D9FED4B8A4B4EF5EC017A67EE60
:10312000887A3046FCEEE77A013417EE901AFEF703
:1031300047FE97F85821E3B29A42EED847E61A467E
:10314000FFF7DDB99FED336A55E50B9C0D940B96A7
:1031500048E7B0EE00CAD2E6B1EE00CACFE61C9B4B
:10316000158F142B28BF14230893D8ED877A9FED71
:10317000370AB8EE678A80EE080A0EF00DFD47ABFD
:10318000049333AB039314230293238D01932946B5
:10319000089DB4F93430009368EE007AB3EE087AF3
:1031A00067EE877AF7EE006A86EEA77A2B461E9ABC
:1031B0005046DFED277A67EE277AB6EE000A27EE53
:1031C000800A07F019FD1C9BADF89050ADF898509F
:1031D000ADF8A050002B00F0E68021AA47AB0D927D
:1031E00020AACDF87080DFED0BAA9FED1AAADFEDC3
:1031F0001A9A9FED1A9ADFED1A8ADDF854800B9225
:1032000033AE012599461E974BE000BF249101087B
:103210003C91010800000000004E0108D48F010815
:10322000F8920108209301087091010808910108A3
:103230005C900108389001087C90010824920108F4
:103240008801002000007A4428920108F902154FF5
:10325000C2F38E4D053C023CB0597B3FA54A943BDE
:103260000DFB863FDBB2032B00F28D80A84A02EBF8
:103270008303D3ED217AD3ED256A16ED017A089AFE
:103280006BEE277AABB277EEA67A9A4277EE677A40
:1032900046ED017A40F2848001350437BAF1000F1F
:1032A0007ED0F6EC01BA0B9BB9EC018A62791399D6
:1032B0000093B0EE6B0A0D9B20460AF075F982462A
:1032C00098B9A37F18F1190F03F1FF33CADBB8F1E6
:1032D0002C0F3DDCDBB2032B5DD88D4A02EB830360
:1032E000D3ED297AD3ED2D6AC7E7A27FA3791D928A
:1032F000228D1F92002B00F0FD80012B00F0F78043
:103300001C9B844AD3F8983183499FED84CA0020DE
:1033100098470B9B1F991D98D3ED00DA07F0FCFC32
:103320000D9BF5EEC0BAF1EE10FA93ED00DA2FDD49
:10333000B5EEC08AF1EE10FA05DDF5EEC0DAF1EE79
:1033400010FA00F30981DFED757AC7ED007AB8E76E
:10335000032B00F2DC85DFE803F0110C0702DFED40
:10336000706ADFED707A88E7DFED6F6ADFED6F7A04
:1033700083E7DFED6F6ADFED6F7A7EE7DFED6E6A80
:10338000DFED6E7A79E7F0EE496AF0EE687A74E77D
:10339000F0EE6A7AD9E7F0EE4A6AF0EE697A6CE705
:1033A0001E9FDDF870802379032B00F02A81002115
:1033B0000A460B46208F411A052940F2A780A16FCB
:1033C000520951F8222003F01F01CA4012F00102F5
:1033D00023D0E26E9FED517A02F10C05990005EBC6
:1033E000830502EB8300F0EC017A854237EE277A01
:1033F000F9D1033302EB8303DFED487A18320A4434
:10340000F3EC016A9A4277EEA67AF9D1B4EEE77A44
:10341000F1EE10FAACBF01220022089B8DF8A22029
:10342000002B3FF41BAB089B0C9AD7ED007A0B9452
:10343000013B9BB234AD05EB830385AE0D93DDF804
:10344000CCE04798B2F8C8323D4FDFED348A9FEDAB
:103450003D8A08960DF5907914461CE0D8F898310D
:103460009847B4F8C83218EE102A03F1050C04EBA3
:103470000C1C0133CCF804200D9A9BB29542A4F8A1
:10348000C8323FF4EBAA089A55F804EBF2EC017A43
:1034900059F8040B0892272B2B4A03F1050C04EB77
:1034A00003111CD80B9EC1F848E0D6F800E0C864B0
:1034B00004EB0C1ABE452549CAED007A4FF0000016
:1034C000CCD10B9A927F013AD2B2042A9BBF104909
:1034D00001EB820218EE902AD2F8C420C7E7D8F890
:1034E00098311B4A1B4900209847FFF7DFB8B0EE20
:1034F00000CA0EE7B1EE00CA0BE7D4F88430D4F866
:103500006CA01E93002308931C932EE6002284E7F0
:10351000004E0108249101083C91010800000000C0
:10352000B6DF333CAB61E43E087D003C2409083F34
:103530001EB0A03C2A99FE3E61FE083CE6BF0C3F4F
:10354000E1AFA10F0AD7233DEC90010808910108D3
:1035500088910108A0910108F7EE000A0EF0ACFE78
:10356000F7EE000AF0EE40CAB0EE4D0A0EF0A4FEEF
:10357000B0EE40EAB0EE6C0A0EF0D2F9F2EE047A48
:10358000F0EE40CAB0EE480A6CEEA7CA0EF0C8F9D9
:10359000B0EE408AB0EE6D0A0EF0C2F91D9B013B01
:1035A000DBB2042B94BF774ADFED77DAB3EE04DAAF
:1035B00098BF02EB830328EE0D8A20EE0DDAB0EE01
:1035C0004E0A98BFD3ED17DA0EF0AAF9F0EE407A62
:1035D000B0EE6B0AF0EE67BA0EF0A2F9F2EE046AF2
:1035E0002BEEA67A78EE4D7A37EE2D7A2CEE26CA9F
:1035F00077EEC77A2CEE00CA77EE8C7A77EEEC7A0B
:10360000A3E6B4F85C301A465900D3E684AC002532
:103610002346284602E4012F1AD0142D2E46099B7A
:1036200028BF14260A2EA3F8A060334628BF0A2319
:10363000DAB20DB184AC0BE4089B98F8CA62A8F822
:10364000C8528AF84030079B83F85851FFF79FBB58
:10365000002D3FF491AB84AC29463A46204609F050
:103660005DFB142D28BF14252E46FFF7E9BB8A42C7
:10367000FEF41CAE237D052B00F23784DFE813F047
:1036800006004B011601A9013E001700089A616C63
:103690002B4630460BF0F0FE00283EF4DCAD304601
:1036A00004F0AAFA00287EF43AAEFEF7D4BD9BF8E7
:1036B00020324BB1DBF89831344A35490120984724
:1036C000237D052B7EF42DAE5046226B811892B1DE
:1036D000441E30484D1E4FF0FF3214F8013F0826BB
:1036E0005A4042F300030340013E83EA5202F8D1FC
:1036F000AC42F2D1D2430A60FEF759BE08992A467D
:10370000304604F00DFB0C9000283EF4A4AD94F874
:103710004030002B40F0E281606E089947AA04F027
:103720002FF9D4F8083143B194F84020002A40F032
:10373000DA8104F1C00147A89847E2681392E26B6E
:1037400094F840301146499A0B929C46002B40F069
:10375000C381A36953440F93B1F844300A46E16A28
:103760001491002B00F08D81111D0020CDE91A4726
:1037700018961995E1460E46CDF848A0054617461D
:1037800017E000BF004E010800000000509401083F
:10379000948F01082083B8EDDBF89831A94AAA4933
:1037A00000209847B7F844300135AAB2934240F25E
:1037B0005F8156F8042F0A92002AEDD01268A349BF
:1037C0008A42E9D10A9A1279022AEDD10A9A92F82C
:1037D00005A0D145E8D17369139A0A981499D0F8D5
:1037E000C040D0F8CCC00E941344089A1344B26A77
:1037F00001EB020E826ED0F890101A44C266426F3E
:103800001A448267D0F880201344129AC0F884309A
:103810007244D0F89C301144C0F89410014613440F
:10382000C0F8A03010190B7EC1F8C40002EB0C04E4
:10383000C1F8D0400D93B9F1000F00F076810D9BD7
:10384000002B40F03B830A9C94F866A028228AF063
:10385000010A002184A810F0E5F80B99CDF800A02A
:1038600084AA0023204609F0ADFCBAF1000F40F015
:10387000D0819BF82032012B05D9DBF89831744AAE
:103880007149022098470A9B597929B90A9B93F8F4
:103890006730002B40F07A810A9B1B79022B00F0E5
:1038A00075810022B7F844300C927DE708992A46CA
:1038B000304604F035FA00283EF4CDACE06D0899AE
:1038C00047AA04F05DF8D4F808311BB104F188016F
:1038D00047A898470899A369E26849980A4453445D
:1038E000216D09F0E5FA00283EF4B5AC594B226889
:1038F0009A4200F0C482DBF89831574A57490020B9
:103900009847E06B07F032F9002840F088800523E3
:1039100050462375D9E608992A46304604F000FA45
:1039200000283EF498ACA06D089947AA04F028F846
:10393000D4F808311BB104F16C0147A89847089BE3
:10394000E168DFF820A149981944238F0AEB830925
:1039500009F03AFA638F89ED000A9A000AEB8309AD
:10396000A3B10AF1FF3C3E480CEB020E4FF0FF32D0
:103970001CF8013F08215A4042F30003034001397B
:1039800083EA5202F8D1F445F2D1D243C9F80020BB
:103990002368DFF8C0904B4500F0AB80DBF898312E
:1039A0002D4A2E490020984723684B457EF44CACA5
:1039B000636D002B3EF44FAC089AE16C2B46304609
:1039C0000BF000FE00283EF446AC03232375FEF7FF
:1039D000A8BC08992A46304604F0A2F900283EF413
:1039E0003AAC206E089947AA03F0CAFFD4F8083110
:1039F0001BB104F1A40147A898470899236AE2681B
:103A000049980A445344616D09F052FA00283EF483
:103A100022ACE06B07F0AAF8002800F0278294F8A7
:103A20004030002B40F00682216D089A2B4630462C
:103A30000BF0C8FD00283EF40EAC04232375FEF7FE
:103A400070BC00BFEC90010808910108E1AFA10F24
:103A50003894010830D1C0ACF08F0108948F010870
:103A60002083B8EDFC01002000000000ACC5273722
:103A7000DDE9195494F84030189EDDF848A01B9FEA
:103A80009C46634623440C9A83F84120204607F065
:103A90003DF8221892F841200AB984F8400094F8C1
:103AA000413023B194F84230002B40F0C88194F8A3
:103AB0004030002B34D1216D089A2B4630460BF054
:103AC000DBFC00283EF4C7AB304604F095F8002834
:103AD0007FF4F6ADFEF7BFBB236A3BE6012B0CBFBC
:103AE000A06E002019E6012A0CBF04F1DC010021C0
:103AF00021E6236D002B3FF45BAF089AA16C2B46A7
:103B000030460BF0B9FC00283EF4A5AB304604F07B
:103B100073F800283EF49FAB02232375FEF701BC27
:103B2000012B0CBF616D0021C6E70B46D1F8A81030
:103B30001144C3F8AC10D3F8B4100A44C3F8B82049
:103B40000D9B63BB0A9B93F867A0BAF1000F7FF44B
:103B50007AAE2822514684A80FF064FFDDE90A41BD
:103B6000012384AA2046CDF800A009F02BFBB4F86D
:103B7000BC20D4F8B80084A9920010F07FF801238B
:103B800084F867306379002B7FF486AE0A9B93F844
:103B90006630002B3FF485AEB7F8443004E60A9B4C
:103BA0001A8F83F86790002A00F06E810E99F44412
:103BB00071440CEB820E71454FEA820203DA114424
:103BC0008C45C0F2888100210D920FF02BFF0D9AD9
:103BD000204600210FF026FF0A9A002382F8663063
:103BE00013760123A2F86430BAF1000FAAD00A9C20
:103BF00094F866A0282200218AF0010A84A80FF018
:103C000011FF0B99CDF800A084AA0023204609F0EB
:103C1000D9FA0A98417900225BABC3E90022C3E9D3
:103C20000222427F002900F00081A2B10A9C501EAE
:103C300004F1190C1CFA80F09A4604F1180C9E4607
:103C40001CF8014F0F9B03EB8404604524684AF87D
:103C5000044BF5D173460A98048FB0F864E00E94D3
:103C6000002C00F022810446C16ED4F8D040D0F878
:103C7000C4000D940E9CDDF834A0159100EB840473
:103C8000119484460C46109394ED007ADCED007A92
:103C9000119B77EE877AECEC017AF4EC017A9AEDDD
:103CA000007A67EEA77A9C4577EE877AEAEC017A8C
:103CB000EAD1BEF1010F109B40F2A38007EE90EA1B
:103CC0000EF1FF3C1FFA8CFCF8EE676A07EE90CA13
:103CD000F8EE677A0A9CDDF834A0D4F8944010948A
:103CE00086EEA76AA446159C0D93119BB0EC017A51
:103CF000C7EE267A8342ECEC017AFAEC015A27EE01
:103D0000A77AC5EEA67A77EEC77AF0EEE77A67EE85
:103D1000867AB1EEE77AA4EC017AE6D10D9B0A9897
:103D2000448F1194D0F8A000002A6AD00D900A9810
:103D30001FEDB35A5FEDB35A1C95013A92B29A4601
:103D400000F13E0303EB420315930B1D00F13C0C05
:103D5000179307E00D9B04330D93159B63450AF100
:103D6000040A5ED03CF8025F119B0E9AEB1A9BB2DC
:103D70009A42EFD33CF8020C119C021B92B29A4279
:103D800080F09080241A013B2344179CDAED007ADE
:103D90009FED687A12FA83F304EB83031693109B6A
:103DA00001EB820467EEA76A03EB8202169BF4EC38
:103DB000017AB2EC016A67EEA77AF0EEC64A77EEB6
:103DC000E67AF5EEC07AF1EE10FAF4EEE54AD8BFE5
:103DD000F0EE457AF1EE10FA05DDF1EEE74AC4EEB9
:103DE000867A37EE277AA342E1D12B1A9BB207EEEF
:103DF000903AF8EE677A0D9BC7EE276AC3ED006A2A
:103E0000A8E70A9B59790A9A938AA3EB0E03B3FA9F
:103E100083F35B0982F866300EF10103A2F8643087
:103E200033E50A9B1C9D5979EDE70F9A12681A60D9
:103E3000012210E7012B0CBF616D0021F5E53E4B1F
:103E4000226805219A42217527D0DBF898313B4A38
:103E50003B4900209847002383F0010384F8403059
:103E6000A36ABDF920212AF8032029E4052323753C
:103E7000A36ABDF920212AF80320504625E4636D8A
:103E8000002B7FF499AD3CE51A4683F8669083F8E1
:103E900018900123A2F8643054E6236D003B18BF4C
:103EA0000123D9E79FED237A9FE7BEF1010FAAD93D
:103EB0000A99D1F894001090C96E30E70A9B1A8FC6
:103EC000002A7FF473AE194683F866201A76012320
:103ED000A1F864308BE623460244002140F8041B1D
:103EE000824243F8041BF9D176E6079B154AD3F8C2
:103EF0009831134900209847FEF7ADB9079B114A46
:103F0000D3F898310E4900209847FEF7B6B8DFED98
:103F10000E6ADFED0E7AFFF7B0B9DAF898310C4A85
:103F20000C49002098470023DFED027A0D93FEF73D
:103F3000E4BD00BF0000000030D1C0ACF08F01082C
:103F4000948F0108F4930108AA7A1E3AF964043F99
:103F5000549101080891010838B52A4A0368D2F83B
:103F600014521B689B061BD4846A2368A268586895
:103F7000616820F0200058609AB15868B1F5827FDE
:103F800020F00100586022D02946204609F0E4FBC9
:103F9000B0B901230022A4F8462084F85D30236ED6
:103FA00038BD5A68B1F5827F0CBF22F0030222F0BF
:103FB00001025A602946204609F0CEFB0028E8D0CD
:103FC000236E43F02003236620232366E1E7B2F546
:103FD000004F12D11A6822F0400229461A6020468A
:103FE00009F0BAFB0028EBD12A464FF4C061204605
:103FF00009F052FB0028CCD0E2E7B2F5806FE9D09F
:10400000C2E700BF80000020F8B51C4D0368D5F85A
:1040100014721B68846A9B062CD42668736823F08C
:10402000200373603A464FF4C051204609F034FB38
:1040300058B93946204609F08FFB30B93A464FF45B
:10404000C061204609F028FB38B1236E43F02003FD
:104050002366236E43F020032366736823F0030373
:10406000736000220123E287A4F8462084F85D30C3
:10407000236E13B9012385F8A831F8BD8000002014
:10408000BFF34F8F0549064BCA6802F4E062134341
:10409000CB60BFF34F8F00BFFDE700BF00ED00E036
:1040A0000400FA0510B590F84120104C10494FF06B
:1040B000000C02F0280284F821C2282A4FF6FF7C67
:1040C000A1F808C00FD1016890F841200A6822F0D9
:1040D000FC020A6090F84030012B04D0022109F064
:1040E00091FB00B910BDFFF7CBFF00BF800000209F
:1040F000000000201A4B10B50446406AC01A83B273
:10410000022B25D0042B27D0164B93F82132033BEA
:10411000012B04D82268536843F40043536094F899
:10412000413003F02803282B10D1226894F8413045
:10413000136823F0FC03136094F84030012B05D082
:104140000421204609F05EFB00B910BDFFF798FF7F
:10415000184609F0AFFBD7E780B209F0ABFBD3E715
:10416000A40200208000002008B50A4B01229A72A8
:1041700090F84130202B01D0FFF782FF02680649FA
:10418000282380F841301368416343F0B80313607B
:1041900008BD00BF00000020614E000810B40023DD
:1041A0002022174CC4624363036380F8412080F8E7
:1041B00042304B07026811D5436A526A1A70436A4B
:1041C000028D013343624AB1438D013B9BB243856B
:1041D000436C013A43F0040302854364036890F89A
:1041E000412090F841201A68102422F0FE0200219C
:1041F0001A60DC615DF8044B80F84010B4E700BF42
:104200000000FFFF08B5836A9A6B0AB10021916331
:10421000DA6B0AB10021916393F84120602A4FF0D4
:10422000000208D01A63596C83F84020042900D199
:1042300008BDFFF725FF202183F8411083F84020B7
:104240001A6308BDFEE700BFFEE700BFFEE700BF40
:10425000FEE700BFFEE700BF704700BF704700BF2A
:10426000704700BF034AD2F814320133C2F8143247
:10427000704700BF800000200C4B0D49D3F8282266
:104280004FF480104861D168490503D4012283F8B6
:1042900049227047D168C9B261F49061D1600120B0
:1042A000012283F84C0283F84922704780000020E5
:1042B00000040140034B5A69120744BF08225A61A7
:1042C000704700BF000401400148FCF757BD00BF24
:1042D000D00200200148FCF751BD00BF18030020A8
:1042E0000148FCF74BBD00BF600300200148FCF70C
:1042F00045BD00BFA8030020084810B4D0F87033B3
:10430000D0F8A44399691A682CB1234600F55C7073
:104310005DF8044B18475DF8044B7047800000209F
:10432000034B5A69120544BF4FF400625A6170474B
:104330000004014010B51A4C1A4AD4F828324FF440
:10434000802151619A68D20402D5DA68D00509D477
:104350009A68910402D5DA68920513D4012384F88F
:10436000493210BDDA68D2B262F4C0720121DA605B
:1043700084F8C41309F066FB80B9D4F8283284F8B5
:10438000C403E5E7DA68D2B262F42072DA60012190
:10439000012384F8C51384F8493210BDFFF770FE7D
:1043A0008000002000040140034AD2F8883043F422
:1043B0007003C2F88830704700ED00E090F82520C7
:1043C000022A03D00422C263012070470168426CB4
:1043D00010B50C6824F001040C600C6824F00E0485
:1043E0000C6002F01C02046C012101FA02F262600E
:1043F000826B80F82510002480F8244002B1904799
:10440000002010BD70B5584D95F821C20CF0FD0C80
:10441000BCF1010F82B0044645D02B6843F0010384
:104420002B6094F8413003F02803282B39D12368FE
:1044300094F841201A6822F0FA021A6094F8402099
:10444000012A2ED094F8412001212A2A84F8401014
:1044500068D029202021002284F8410084F84210ED
:1044600062645A684148042122F400425A6061851E
:104470004FF08072618DE2629D699A6921853C49A5
:104480006163D103606203D52A0744BF0822DA6161
:10449000002284F840201A6842F0FA021A6002B042
:1044A00070BDFFF7EDFD032385F821320023314E67
:1044B0000193D5F8C83330894BB3B5F8CC1361B349
:1044C00001EB410103EB810102E00C3399421ED064
:1044D0001A888242F9D15B6803B301A89847019A10
:1044E0003089110EC2F3074EC2F307235FFA82FC34
:1044F00085F826324FF6FF73984285F8241285F826
:1045000025E285F827C28CD00130308189E7EE237F
:104510004FF0000C9E461946EAE78C46EE239E4675
:104520001946E5E794F841101A6801F02801282996
:1045300014BF6FF0F4016FF044010A401A601A686A
:10454000100486D51A68E06B22F400421A60002835
:104550003FF47FAF084B8363FFF730FF10B1E06B90
:10456000836B9847236874E780000020A402002032
:10457000614E0008000000200542000801680B6839
:10458000002280F842205A040CD50B6823F48043A3
:104590000B6090F84130292B0ED090F841302A2B37
:1045A00020D070471B04F4D50B6823F400430B6044
:1045B00090F84130292BF0D12822212380F8412086
:1045C000036390F841300A6803F02803282B14BFD6
:1045D0006FF0F2036FF04203134000220B6080F88B
:1045E00040200FE72822222380F84120036390F81F
:1045F00041300A6803F02803282B14BF6FF0F4033E
:104600006FF04403134000220B6080F8402071E5F6
:1046100030B40468A169A569A368E268C268022A87
:10462000C1F300410ED1C3F3C21383EA154313F063
:10463000060307D1826C01328264826C022A0DD09B
:1046400030BC704723680B4D002223F0B803236071
:10465000AA7280F8402051B930BC23E50822836457
:10466000E261044A80F8403093720029F4D030BCF3
:10467000C8E600BF0000002010B50446544A94F874
:104680004130002084F84200E2626085626C114390
:10469000A3F12802022A2368616432D894F84110F9
:1046A00094F8412001F02801282902F0280214BFC3
:1046B000F6214621282A1A680CBFC9436FF0F6017B
:1046C0000A40282043491A6084F84100A06B226BFD
:1046D000616318B1112A3ED0212A3CD0E06B18B199
:1046E000122A4DD0222A4BD094F84130602B4FF043
:1046F000000363D02363626C84F84030042A64D1E1
:1047000010BD94F8412094F841201A6822F0FE026E
:104710001A609A69920748BF98629A69D10703D4D0
:104720009A6942F001029A6194F84120602A10D0FF
:10473000202284F841209A6992060AD59A69D00607
:1047400005D51022DA61626C42F004026264202214
:10475000DA610021BAE71A6851042AD490F82530AA
:10476000012BC1D01C4A8263002384F84030FFF73C
:1047700025FE0028C4D0A06BBDE81040836B18470D
:104780001A68120403D51A6822F400421A6090F8DD
:104790002530012BA8D0104A8263002384F84030D2
:1047A000FFF70CFE0028ABD0E06BBDE81040836B38
:1047B00018471A6822F480421A60CFE7202284F852
:1047C000412084F84030236310BDFFF759FC00BF3F
:1047D0000000FFFF614E00080542000830B4036886
:1047E000202282B0DA6190F84120212A90F84120FD
:1047F0004AD0222A56D05A68324C002522405A60AC
:10480000314C4563CD06C46205D51022DA61426C95
:1048100042F00402426490F84120602A2DD09A6947
:10482000910744BF00229A629A69D20703D49A6919
:1048300042F001029A61436C90F84120602A0BD04B
:1048400053B990F84120212A0AD090F84120222A19
:1048500006D002B030BC7047416C02B030BC0BE7F0
:10486000202280F84120036390F8422080F84030F5
:1048700080F8423002B030BC70474C07CFD55A6A3E
:10488000D2B20192019ACAE702F028021C68282AD3
:1048900014BF6FF0F2026FF04202224011241A603E
:1048A0000463A8E790F841201C6802F02802282A37
:1048B00014BF6FF0F4026FF04402224012241A6019
:1048C000046398E700E800FE0000FFFF38B590F8A9
:1048D0004030012B00F085800123CD06044680F88E
:1048E000403001D5D00659D40D063AD550064DD5E5
:1048F00023681A6822F040021A60628D92B2002A80
:1049000071D05868628D92B2FF2AC0F3090078D83E
:10491000618DE26A89B212F5803F218500F08280C4
:104920005FFA81FCE26A4FEA0C4C42EA0C02024355
:10493000404D586822F00042284002435A60628D80
:10494000521A92B2628594F84120222A1A680CBF4A
:1049500042F4004242F480421A60002084F8400091
:1049600038BD4D0612D5500610D5638D9BB2002B75
:1049700040D123685A689201EFD4E26A12F5803F71
:1049800034D15A6842F480425A60E6E78B06E4D597
:104990009306E2D52046FFF721FFDEE7236826488D
:1049A0001022DA61616C626B41F004018242616441
:1049B00025D022498A4222D021498A4214BF20228E
:1049C000602219680A431A609A69910744BF00225D
:1049D0009A629A69D207C0D49A6942F001029A6138
:1049E000BBE7022038BD5B689A0103D42046FCF780
:1049F000F9FBB2E740212046FFF73EFEADE760221B
:104A0000DFE79A69D10306D5012121854FF4803C67
:104A10004FF0807289E7FF2121854FF47F0C4FF022
:104A2000807282E75FFA81FC4FEA0C4C4FF0007213
:104A30007BE700BF009C00FCCD480008B14F000898
:104A4000454A000838B590F84030012B00F0D68078
:104A5000012380F84030CB06044602D5D00600F191
:104A6000A9808B070BD5900709D52268216D91622B
:104A70004FF0FF332365002084F8400038BD0B065B
:104A80003AD5550640F18C8094F84120236802F015
:104A900028021968282A14BF6FF0F2026FF0420250
:104AA0000A401A601A6842F090021A60628D92B24F
:104AB000002A00F0B880628D92B2FF2A40F2A280F4
:104AC0009869654DE16C5A68C0F3004000280CBF3E
:104AD0004FF47F004FF4803002EA0502C1F3090170
:104AE00042EA000242EA010242F080720CBFFF215A
:104AF000012121855A6040E04B0651D550064FD523
:104B000094F84110236855481A6801F028012829B3
:104B100014BF6FF0F2016FF042010A401A601A6888
:104B20004F4942F090021A6094F841C0628D92B2EF
:104B3000BCF1220F08BF0846FF2A79D99A69C2F34F
:104B40000042002AE26CC2F309020CBF4FF47F0559
:104B50004FF4803542EA000242EA05025868414DAE
:104B600022F0004200EA050042EA00020CBFFF21E9
:104B7000012142F0807221855A60628D521A92B2F0
:104B8000628594F84120222A1A684FF000000CBF79
:104B900042F4004242F480421A6084F840006DE71B
:104BA00088067FF568AF93067FF565AF2046FFF76F
:104BB00015FE60E723682C481022DA61616C626B95
:104BC00041F00401824261641AD028498A4217D018
:104BD00027498A4214BF2022602219680A431A60BA
:104BE0009A69910744BF00229A629A69D2073FF5F9
:104BF00042AF9A6942F001029A613CE7022038BD57
:104C00006022EAE7618D144DE26C586889B2284051
:104C1000C2F30902CDB242EA0542024342F00072F9
:104C200021855A60A9E740212046FFF725FD22E7AC
:104C3000618DE26C89B2CDB2C2F3090242EA05424B
:104C40000243084D5868218522F000422840024363
:104C500042F000725A6090E7009C00FC0020008047
:104C600000240080009800FCCD480008B14F0008E7
:104C7000454A000870B5036804460D461968C06AC5
:104C800094F841202026213ADE61092A0ED8DFE877
:104C900002F079050D0D0D0D0DAC790594F841204C
:104CA0001A6822F0FC021A60222222635A686A4EB5
:104CB00042F400425A605A6832405A609A69920738
:104CC00044BF00229A629A69D60703D49A6942F0D7
:104CD00001029A614A043CD51A6822F480421A60A3
:104CE000A26B1AB11268526892B262856A070AD53D
:104CF0005A6A636A1A70636A01336362238D25F00E
:104D00000405002B6AD1638D9BB21BB1636C43F029
:104D100004036364EB0601D5CE063CD4002384F87B
:104D20004230666C6363002E6AD1E36A4B4DAB423E
:104D300019D194F8413084F84060222B4FF02003C1
:104D400084F841302046266373D0BDE87040FFF7F9
:104D500059BB0E04CAD51A6822F400421A60E26BED
:104D6000002ABFD1C2E72046FFF708FC2023E562F6
:104D700084F8406084F8413020462663BDE87040E6
:104D8000FFF7F2B994F841201A6822F0FA021A608B
:104D9000212222638AE7638D9BB2002B39D194F8DC
:104DA0004130282B4FD094F841202368292A4FF016
:104DB0001002DA61B2D110F5803FAFD09A69910745
:104DC00044BF00229A629A69D20703D49A6942F0DA
:104DD00001029A612046FFF7D1FB9FE7013B238543
:104DE000638D013B9BB263858DE794F8412094F875
:104DF00041201A6822F0FE021A600022226355E761
:104E0000616C2046FFF738FC94F84130282B14D011
:104E100070BD23681022DA61636C43F0040363649D
:104E200030F080737FF47AAF616C2046FFF724FC8A
:104E300074E7BDE87040FFF75DB929462046BDE83C
:104E40007040FFF7ABB9B0F1007FACD129462046E6
:104E5000FFF7A4F962E700BF00E800FE0000FFFFD3
:104E600038B590F840C0C56ABCF1010F6DD04FF065
:104E7000010C11F0200F04460B4680F840C002D010
:104E800012F0200F51D1D80615D5D10613D5628D59
:104E900092B2002A5BD194F84120282A7ED094F85F
:104EA00041202368292A4FF01002DA6162D00020E5
:104EB00084F8400038BD590719D4190701D51007E7
:104EC00039D49907F3D59307F1D5638D9BB2002BA5
:104ED0004CD0616A236811F8012B9A62638D228D90
:104EE0006162013B9BB2013A63852285DFE750078F
:104EF000E3D5638D9BB26BB12268636A526A1A7004
:104F0000638D616A228D013B0131013A9BB261627E
:104F100022856385638D9BB2002BC8D115F5803F38
:104F2000C5D02046FFF72AFBC1E7FFF7A3FE00200C
:104F300084F84000BEE794F8413003F02803282BA2
:104F400028D023680822DA61B1E7022038BD23683F
:104F50001022DA61636C43F00403636435F08073FC
:104F6000A5D1616C2046FFF787FBA0E735F0807381
:104F70009DD1D6E715F5803F99D09A69950744BF32
:104F800000229A629A69D007CBD49A6942F0010252
:104F90009A61C6E72046FFF73BFB88E7B5F1007F43
:104FA0007FF47DAF19462046FFF7F8F87FE700BF92
:104FB00038B590F840C0C56ABCF1010F4CD04FF035
:104FC000010C11F0200F04460B4680F840C002D0BF
:104FD00012F0200F30D1D90626D5D00624D55104A1
:104FE000C2F380303AD5E16B09B112043BD4A26B15
:104FF0001AB112685268002A3DD023681022DA6183
:10500000636C43F00403636494F8413035F08072BC
:10501000DBB20DD1213B092B52D8DFE803F04F560C
:105020005151515151514F56190701D5130709D408
:10503000002084F8400038BDFFF71CFE002084F8F3
:105040004000F8E794F8413003F02803282B3FD0C4
:1050500023680822DA61EBE7022038BD110429D564
:10506000E16B0029C9D00A685268002A34D1A26BCA
:105070000AB100283ED194F84120282A32D094F871
:1050800041202368292A4FF01002DA61D0D115F5AA
:10509000803FCDD09A69950744BF00229A629A69F1
:1050A000D00703D49A6942F001029A612046FFF7C3
:1050B00065FABDE723681022DA61B9E7212323638B
:1050C000616C2046FFF7D8FAB2E722232363F7E7A3
:1050D0002046FFF79DFAABE7A26B002A8DD000288F
:1050E0008BD086E7B5F1007FC9D119462046FFF77E
:1050F00055F89DE712685268BDE700BFF0B5046837
:105100000546200583B000F1F6800026A10351D5A5
:10511000A54B9A6DD20040F1F8800027A349A44A1C
:105120000B6843F480730B60D2F8140205E0D2F8E8
:1051300014321B1A022B00F201810B68DB05F6D535
:10514000AEBB9949A86DD1F8903013F4407326D0C6
:10515000834224D0D1F890C0D1F8903043F480330A
:10516000C1F89030D1F8903023F48033C1F89030FA
:105170001CF0010F2CF44073C1F890300FD0D2F81E
:1051800014E241F2883C06E0D2F81432A3EB0E039D
:10519000634500F2D380D1F890309B07F4D5824A62
:1051A000D2F8903023F440730343C2F89030002FBC
:1051B00040F0C880E10708D57B4A296AD2F88830D8
:1051C00023F003030B43C2F88830A20708D5764AC0
:1051D000696AD2F8883023F00C030B43C2F8883098
:1051E000630708D5704AA96AD2F8883023F03003E3
:1051F0000B43C2F88830A70608D56B4AE96AD2F893
:10520000883023F440630B43C2F88830A00508D5EA
:10521000654AE96BD2F8883023F440230B43C2F887
:105220008830610508D5604A296CD2F8883023F4AB
:1052300040130B43C2F88830620608D55A4A296BDE
:10524000D2F8883023F440530B43C2F88830230649
:1052500008D5554A696BD2F8883023F440430B4394
:10526000C2F88830E70508D54F4AA96BD2F88830D4
:1052700023F440330B43C2F8883020030ED54A4A4A
:10528000A96CD2F8883023F040630B43B1F1006F72
:10529000C2F888305CD0B1F1806F74D061030ED554
:1052A000414AE96CD2F8883023F040630B43B1F1F6
:1052B000006FC2F8883050D0B1F1806F6BD06204BB
:1052C0000BD539492A6DD1F8883023F04053134368
:1052D000B2F1805FC1F888304DD0230408D5324A3E
:1052E000696DD2F8883023F080430B43C2F88830D0
:1052F000304603B0F0BD6F6CB7F5000F10D0B7F5B6
:10530000400F12D077B3012600E79A6D42F0805229
:105310009A659B6D03F080530193019B0127FDE685
:10532000214AD36843F48033D3601F4AD2F88830CF
:1053300023F440033B43C2F88830E6E60326002FFF
:105340003FF438AF184A936D23F08053936531E7EB
:10535000D36843F48013D360A0E7D36843F4801389
:10536000D360ACE73946281DFCF75AF806460028FA
:105370007FF4CCAED9E70221281DFCF751F80028B4
:1053800018BF0646A9E70121281DFCF749F80028A7
:1053900018BF064682E70121281DFCF741F80028C6
:1053A00018BF06468BE700BF0010024000700040A7
:1053B000800000202DE9F041C16F05689EB00446D1
:1053C000002947D02423E3672A68636A22F0010298
:1053D0002A60002B40F0AD80D4E90412A36828684D
:1053E0000B431343E169A64A0B43024013432B606E
:1053F0006B68E26823F440531343A24A6B60954202
:10540000A369AA6800F0DB80206A22F430620343BB
:1054100013439D4AAB60954200F046819B4B9D42F1
:1054200040F00A8103F5E633D3F8883003F00C032B
:105430000C2B00F25481DFE813F0C7015201520136
:1054400052010E01520152015201620152015201F8
:1054500052015B0180F878105C2207A80EF0E2FA96
:10546000894B9D4200F0D081884B9D42AAD10227F2
:1054700007A80797FFF742FE0646002840F0F08194
:10548000834B844D9A6D42F400329A659A6D02F412
:1054900000320492049ADA6C42F00102DA64DB6CA6
:1054A00003F00103039307220323CDE9003203999C
:1054B00003463A464FF090400F214FF080080AF023
:1054C000F3FBC5E9B976C5E9BB68C5E9BD66C5E9C1
:1054D000BF6605F53876704BC5F8E03230460AF005
:1054E00097F9002840F0BC816667102305F54A76DD
:1054F000C5E9CD08C5E9CF00C5E9D100C5F830330D
:105500003046664BC5F82C73C5F80843C5F82833F8
:105510000AF07EF90146002840F0A2812667262085
:10552000C5F850430AF014FA5D4B40225A602568D2
:1055300048E71E0705D56A68616B22F400420A43FA
:105540006A60D80705D56A68A16A22F400320A4366
:105550006A60990705D56A68E16A22F480320A43D5
:105560006A605A0705D56A68216B22F480220A43D3
:105570006A60DF0605D5AA68A16B22F480520A434F
:10558000AA609E0605D5AA68E16B22F400520A4380
:10559000AA60580609D56A68216C22F480120A4371
:1055A000B1F5801F6A6000F0F58019067FF514AF31
:1055B0006B68A26C23F4002313436B600CE722F4A6
:1055C000306213433249AB60D1F8883003F4406352
:1055D000B3F5006F7AD000F2D780002B00F03A814B
:1055E000FBF73CFE002872D16A682A49002322F4A6
:1055F0009042C4E91A336A60AA6822F02A02AA60BB
:105600002A6842F001022A60C4F88430D1F814629A
:105610002B681A0779D42B685B0700F1918000236F
:1056200020221846E26784F87830C4F88020236688
:1056300063661EB0BDE8F0811A4B9D424FD103F561
:10564000E433D3F8883003F03003202B57D04DD803
:10565000002B00F0B980B1F5004F00F00881FBF796
:10566000FDFD0028C0D0636800EB5300B0FBF3F0F1
:105670004FF6EF73A0F110029A4230D8E860B3E71A
:10568000F369FFEF00800040003801400044004013
:1056900000100240800000206C00024080000240A8
:1056A00000E100E000480040744BD3F8883003F07C
:1056B0000303022B23D0032B1AD0012BCBD0B1F53F
:1056C000004F00F08780FBF741FECAE76C48626834
:1056D00002EB4203834202D8B0EB023F61D90023C0
:1056E000C4E91A3301201EB0BDE8F081302BF6D199
:1056F000B1F5004F00F0B8804FF40040B3E7B1F5CA
:10570000004F00F0AF805E48ADE76FF07E43324659
:105710004FF4001120460AF0DDF800283FF47BAF7B
:10572000236853E8002F22F0800243E8002100297B
:10573000F7D12023E367002384F878300320D2E7F1
:105740006FF07E4332464FF4800120460AF0C2F8E3
:1057500000283FF464AF236853E8002F22F49072CE
:1057600043E800210029F7D103F1080252E8002F95
:1057700022F0010203F1080040E800210029F3D1E2
:105780002023C4F88030D6E7B3F5406FA7D14FF49B
:1057900000409CE76A68616C22F4C0020A436A60B8
:1057A00003E7510800230F464FF480761946E0FBCB
:1057B000067138460AF036FD324BA0F540729A4227
:1057C0008DD8314BD8600FE7B1F5004F52D0FBF7C1
:1057D0009DFD46E7FBF7BAFD00283FF405AF430007
:1057E000626803EB5203B3FBF2F34FF6EF72A3F1DF
:1057F000100191423FF673AF23F00F0292B2C3F350
:1058000042031343EB60EFE6012307A80793FFF77A
:1058100075FC034620BB194A116E41F480411166A4
:10582000116E01F4804106910699D16C41F001019D
:10583000D164D26C02F00102059207210322CDE966
:105840000021059802224FF4C0614FF090400AF009
:105850002BFAB7E5FBF75AFD00283FF4C5AE36E753
:10586000FEF70EFC094BBBE74FF48033B8E7FBF7BC
:10587000F5FCB1E7FBF74AFDAEE700BF00100240C0
:105880000024F400FFFC0F00008000400048E80105
:10589000F0B4C56F202D51D10C4601B112B90120D1
:1058A000F0BC7047194600252123C0F88450C36717
:1058B00083682E4FA0F85020B3F5805FD7F81462AC
:1058C000A0F852203DD0B0F85220036892B2DAB16D
:1058D000DA69120604D44A1C22D1DA691206FCD510
:1058E00034B314F8012B9A62C26F02F02102212A0C
:1058F000D5D1B0F85220013A92B2A0F85220B0F8B7
:10590000522092B2002AE3D1DA69520604D44C1C28
:1059100022D1DA695106FCD52023C3670020BFE7F6
:10592000D7F81422921B914211D381B11A68CFE7A4
:1059300035F8022BC2F308029A62D5E70220F0BCC8
:1059400070470369002BBED125461C46BBE72023C8
:10595000C367F0BC03207047D7F81422921B914212
:10596000F5D30029F3D01A68CEE700BF80000020ED
:10597000026852E8003F23F4907342E800310029A6
:10598000F7D102F1080353E8003F23F0010302F1CD
:10599000080C4CE800310029F3D1036E012B06D02E
:1059A00000232022C0F8802083660366704752E8F7
:1059B000003F23F0100342E800310029F0D052E804
:1059C000003F23F0100342E800310029EFD1E7E760
:1059D00070B5A34CD4F8D053EB692A68A96840F697
:1059E0000F00034240F08880980602D5960600F129
:1059F000F480D4F83004012816D0D80202D5490228
:105A000000F1F5801E0605D4590602D5530600F1B3
:105A10002F8170BD1006F7D5D4F83C34002BF8D098
:105A2000BDE870408F481847DE06E6D5D006E4D5BD
:105A300010232B62AB68B4F828245B0640F1448144
:105A4000D4F8443419684B689BB2002B00F07E8177
:105A5000934280F07B81A4F82A340B689E0645D4DB
:105A600055E8003F23F4807345E800324AB1D4F88A
:105A7000D02352E8003F23F4807342E8003100292C
:105A8000F5D1D4F8D02302F1080353E8003F23F006
:105A90000103083242E800310029F2D1D4F8D023C2
:105AA00002F1080353E8003F23F04003083242E8C4
:105AB00000310029F2D12023C4F85034C4F8301446
:105AC000D4F8D02352E8003F23F0100342E800311D
:105AD0000029F5D1D4F8443443B193F82520022AA3
:105AE00000F03B810422DA6383F824100223C4F817
:105AF0003434B4F82A3470BD11F0010640F09E80B1
:105B0000594802423FF475AFD8070FD5D10540F18F
:105B1000D78001212962D4F8541441F00101C4F85E
:105B2000541499076BD5002E40F08C8058077DD512
:105B30001E0700F1C2801E050AD5500108D54FF49A
:105B400000612962D4F8541441F02001C4F85414BF
:105B5000D4F8541400293FF45CAF990602D592069C
:105B600000F1A180D4F85424AB6802F0280203F0BD
:105B70004003134300F0E7803A48FFF7F9FEAB68B3
:105B80005B067FF546AF05F1080353E8003F23F0BD
:105B9000400305F1080141E8003262B1D4F8D02396
:105BA00002F1080353E8003F23F04003083242E8C3
:105BB00000310029F2D1D4F8440400283FF429AF81
:105BC0002A4B8363FEF7FAFB00283FF422AFD4F898
:105BD0004404BDE87040836B1847D4F83834002B78
:105BE0003FF417AF04F57470BDE8704018474FF4E8
:105BF00080132B6270BDD1058BD4980722D459072E
:105C000014D5002E94D004212962D4F85414180716
:105C100041F00201C4F854148DD508212962D4F84A
:105C2000541441F00801C4F8541484E7190782D5CC
:105C300002F0200131433FF47EAFEEE7D807DAD41B
:105C400099072DD502212962D4F854145E0741F03A
:105C50000401C4F85414D6D41907DED46BE700BF8E
:105C6000800000205004002020010004611500087D
:105C700055E8003F23F0400345E800324AB1D4F82C
:105C8000D02352E8003F23F0400342E800310029CE
:105C9000F5D120220023C4F84C24C4F83C3470BD54
:105CA0005E07B0D4D8E7D4F83834002B3FF45AAFAD
:105CB00035489847D4F8D05354E79006ADD43AE726
:105CC00098073FF533AF9AE7B4F82A14B4F82A34AA
:105CD0009BB289B2002B3FF49CAE91423FF499AE47
:105CE00055E8003F23F4907345E800324AB1D4F8F8
:105CF000D02352E8003F23F4907342E8003100299A
:105D0000F5D1D4F8D02302F1080353E8003F23F083
:105D10000103083242E800310029F2D12023C4F8FF
:105D20005034C4F83814C4F83014D4F8D02352E8EE
:105D3000003F23F0100342E800310029F5D102238F
:105D4000C4F8343470BDC4F8543470BD93427FF449
:105D500060AE0B689D06F2D470BD1A681D6C1068A9
:105D600020F001001060106820F00E0010605A6CE6
:105D7000012002F01C0200FA02F26A6083F825009A
:105D800083F82410B2E600BF500400202DE9F04F44
:105D90002DED028B83B020B1074B02689A428346F7
:105DA00012D0064B064A1B690649002003B0BDEC21
:105DB000028BBDE8F04F18470FB0371308020020E0
:105DC0007096010888960108A24C2378012B40F2B6
:105DD000A780D0ED157AA04D9FEDA07A2E69F5EE43
:105DE000C07AF1EE10FA00F18D8177EE877A9C4B44
:105DF000BCEEE77A17EE102A9FED988ADFED996ADC
:105E0000009237EE887A984A9849BCEEC77A022009
:105E1000B8EE477A77EEC77A67EEA67AFCEEE77AB5
:105E2000CDED017AB0472378012B79D9DBED167AD5
:105E30002E69F5EEC07AF1EE10FA00F16B8177EE83
:105E4000887A874BBCEEE77A17EE102A9FED837AAB
:105E5000DFED846A009237EE877A854A8349BCEE8B
:105E6000C77A0220B8EE477A77EEC77A67EEA67A4D
:105E7000FCEEE77ACDED017AB0472378012B4FD9BC
:105E8000BBF85C302E697B4A78490220B047237802
:105E9000012B45D99BF85E30DFF82082764F774A98
:105EA00072492E69002B0CBF43463B460220B04787
:105EB0002378012B34D99BF85F30714A2E696B49E6
:105EC000002B0CBF43463B460220B0472378012BF2
:105ED00026D99BF863302E696449022B96BF694A24
:105EE000694B52F82330694A0220B0472378012BCE
:105EF00016D99BF864302E695C49022B96BF614A23
:105F0000614B52F82330624A0220B0472378012BBC
:105F100006D92D699BF862305E4A54490220A84791
:105F20009BF86230002B00F0E8804B4F5D464FF04D
:105F3000000A2278012A40F2D9805346564A4B493A
:105F40003E690220B0472378012B40F2CD806B6878
:105F5000524A46493E690220B0472378012B40F25D
:105F6000C3802B894E4A41493E690220B0472378BD
:105F7000012B40F2B9806B894A4A3C493E690220B4
:105F8000B0472378012B40F2AF80AB89464A3749AE
:105F90003E690220B0472378012B40F2A580AB7BFD
:105FA000424A32493E690220B0472378012B40F231
:105FB0009B80EB7BDFF80491DFF8BC803C4A2B49E7
:105FC0003E69002B0CBF4B4643460220B047237866
:105FD000012B40F289802B7C364A24493E69002BF4
:105FE0000CBF4B4643460220B0472378012B7BD998
:105FF0006B7C314A1D493E69002B0CBF4B46434622
:106000000220B0472378012B6ED9A97C1A4A2B4B6A
:106010003E69002918BF13460220294A1349B04798
:106020002378012B60D92B7DD7F810800F49013BD5
:10603000DBB2042B96BF134A134B02EB83034FF0E2
:10604000020098BFDB681F4AC0472378012B4BD959
:106050003AE000BFA002002008020020BD3706354C
:1060600068950108002474499096010888960108F3
:10607000A8960108C096010858960108D89601080C
:10608000F49601086C510108689601080C97010804
:106090002897010844970108589701086897010854
:1060A0008C970108B0970108D4970108F897010868
:1060B0001C9801084098010864980108609601083E
:1060C00088980108AC980108EB7CD7F81080154936
:1060D000052B96BF144A154B02EB83034FF00200C9
:1060E00098BF1B6A124AC0479BF862300AF1010A46
:1060F000534505F114053FF61CAF03B0BDEC028B10
:10610000BDE8F08F77EE677A0A4BBCEEE77A17EEC0
:10611000102A71E678EE677A064BBCEEE77A17EE46
:10612000102A93E6889601086C51010868960108C8
:10613000D09801085496010818B1074A01689142A5
:1061400005D0064B064A1B69064900201847034A3A
:1061500000219268016010470FB037130802002039
:106160007096010888960108B1F804C093680A89FE
:106170009A80BCF1000C18BF4FF0010CCA7983F86B
:1061800000C091F806C083F801C09A70986070470B
:1061900003460068D3F8E8104268C3F8F0101047CF
:1061A000D0E90F23816B0069184700BF0068C368FE
:1061B000184700BF704700BF00688368184700BFDA
:1061C00010B520B10D4B02689A42044607D00C4B23
:1061D0000C4A1B690C49BDE8104000201847406874
:1061E00018B1C368984700236360054B00229B6881
:1061F00022602046BDE81040184700BF0DB037139D
:1062000008020020F4980108109901082DE9F047D0
:10621000D0F800800546B8F1000F1ED0D8F898706D
:106220000FB3124E07F148044FF00009583754F8E5
:10623000040F18B1B3689847C4F80090A742F6D18C
:10624000D8F89800B36800B19847B36840469847BB
:10625000B3682846BDE8F0471847044E2846B3689F
:10626000BDE8F0471847014EEFE700BF08020020E5
:106270002DE9F04782B0BDF828400B9F03EBC40521
:106280006B88002B44D06E68844601EB0208043E04
:106290004FF0000E56F8044F620092B28A4233D398
:1062A000424531DAC4F30170012817D002283AD0F0
:1062B00090BB521A93B2C4F34459012202FA09F274
:1062C000974249D33349013A0C6901923249334A22
:1062D0000097A047002002B0BDE8F087521A92B2A2
:1062E0000CEB42093CF81200B9F8023043EA0043D3
:1062F00023F00F0317B1C4F303442343180C2CF805
:106300001200A9F802306B880EF1010E7345C1D856
:10631000012002B0BDE8F0871E4B214A1B691E49CF
:1063200000209847D6E7521A92B20CEB42003CF894
:106330001290438843EA094323F00F0317B9C4F3CB
:10634000034423431C0C2CF8124043806B880EF14D
:10635000010E73459ED8DBE7C4F3044A0CEB4304FB
:106360003CF813006288C9F1200942EA00424FF06C
:10637000FF3020FA09F000FA0AF022EA000207FAD8
:106380000AFA42EA0A02100C2CF8130062806B88A9
:10639000BAE700BF08020020549901081C990108BF
:1063A000609901082DE9F0470646804602EB42005D
:1063B0008CB0154606EB8000002289460DF10C0AD0
:1063C000014617464FEA870E54469FED767AB31A78
:1063D00075B103EB020CF444DCED007A9C46DCED75
:1063E000006A0C3367EEA67A8B4237EE277AF0D13B
:1063F0000EF1040EBEF10C0FA4EC017AE5D10137C9
:10640000032F0AF1100AA2F1040201F10401D9D10B
:106410009DED045ADDED055ADDED086A6A4606F188
:106420000C01DFED607A43463DB11C4694ED007AE5
:106430000C33834277EE877AF7D108F10408884558
:10644000E2EC017A00F10400EBD19DED037AF0EE6D
:10645000C77AF4EE677AF1EE10FA12D69FED526A1F
:10646000F4EE467AF1EE10FA0BDC9FED506AF4EE92
:10647000C67AF1EE10FA04DAB5EE407AF1EE10FACF
:106480007DD0F7EE007A87EE872A9DED073A9DEDE5
:106490000B7A65EE023A25EE824A65EE237A65EEC6
:1064A000A34A33EE673A25EE846AF0EEC32A65EE1E
:1064B000047AF4EE622AF1EE10FA76EEE44A76EE11
:1064C000E77A37EE466A06D69FED377AF4EE472A2A
:1064D000F1EE10FA47DDB7EE007AC7EE032ADDEDE4
:1064E000006A9DED017A9DED023A63EEA63A67EEF1
:1064F000A27A37EE637A64EEA73A67EE877A36EED1
:10650000636A24EE264AF0EEC63A73EE677AF4EE3A
:10651000633AF1EE10FA77EEC47A06D69FED224A7E
:10652000F4EE443AF1EE10FA2FDD87EE864A0120B0
:10653000002364EE844A65EE845A77EE647A89ED2E
:10654000024A67EEA27A25EE275AC9ED017A76EE65
:10655000C57A77EEE57A67EE827AC9ED007A336024
:106560000CB0BDE8F0879FED117AF4EEC72AF1EE8A
:1065700010FAB0DAB5EE403AF1EE10FAABD10020E5
:10658000002333600CB0BDE8F0879FED084AF4EEBD
:10659000C43AF1EE10FAC8DAB5EE406AF1EE10FA3C
:1065A000EDD0C2E700000000FFFF7F7F0000800009
:1065B0002DE9F047C36D8769056900247C80814619
:1065C0001C7000F14806A04656F8043FFBB1B3F832
:1065D00038C0B3F89400B3F89610B3F8DC2005EB9C
:1065E000400005EB410105EB420205EB4C0CC3E911
:1065F0001301C3F8A820C3F814C03C701868D3F87E
:10660000E020416883F8E880C3F8E420884701343B
:10661000E4B2042CD8D1D9F80000BDE8F0474368B3
:10662000184700BF70B50446806978B1E36943B18B
:106630000F4B1B782BB10F4B0F4A1B690F490120E1
:1066400098472068BDE8704083681847094D0C4A98
:106650002B690A499847E3693BB1054B1B7823B185
:106660002B69054A054901209847002070BD00BFED
:10667000A0020020080200208499010894990108D2
:10668000A499010830B40269B0F8423090F838108B
:1066900032F81330032908BF83F4004340F2E511B8
:1066A00001FB03F31B0C816C8446A3F58970088001
:1066B000BCF83C10DCF84C0032F8111039B1BCF8D1
:1066C000401032F81110012994BF002101210170FE
:1066D000BCF83E00BCF83A10DCF8505032F811100B
:1066E00032F81020DCF8544040F2E51000FB02F2D2
:1066F000A3EB12431BB2002BBCF94420DCF80000D2
:10670000B8BF5B421BB29A42A1F10102B2FA82F217
:10671000ACBF0023012352092A70237030BC4368A8
:10672000184700BF0068C368184700BF836910B5E9
:106730000446BBB10D4B1B784BB9636983B10C4B5D
:106740000C4A1B690C4900209847002010BD084BDB
:106750000A4A1B690849012098476369002BEED15A
:10676000012010BDC369002BE4D1E6E7A0020020A0
:1067700008020020F8990108DC990108C099010875
:106780000068C368184700BF00688368184700BFE7
:106790000138C0B2042820D81C4BDFED1D6A03EB82
:1067A000800393ED006AC6EE267AB5EE007A67EEB6
:1067B000877AFCEEE77A17EE903A98B211B18842E8
:1067C00028BF084618280AD9124BA3FB003000093D
:1067D00000EB4000C00080B27047012070470028E5
:1067E000FBD01822B2FBF0F300FB03F3D31A9BB2E9
:1067F0005BB1013880B2B2FBF0F300FB03F3C3F1ED
:1068000018039BB2002BF4D170477047C44E0108A7
:106810000AD7233BABAAAAAA07EE901AB8EE677A6A
:10682000DFED237A013827EE277AC0B2DFED217A37
:106830000428B4EEE77A07D9F1EE10FA32DC02232D
:1068400011FB03F188B27047F1EE10FAF7DD1A4B35
:1068500003EB8003D3ED006AB5EE006A26EE866A8C
:10686000F1EE007A66EEA76AC6EE077AB7EE006A26
:10687000F4EEC67AF6EE005AF1EE10FA66EEA56A6C
:1068800014DDFCEEE77A17EE903A9BB2C6EE877AFB
:10689000FCEEE77A17EE902A13449BB211FB03F14A
:1068A00088B27047DFED056A0123EFE70123EDE7CA
:1068B0000AD7233BACC52737C44E010800000000AF
:1068C00010B54C081FD001398BB2024600F1040C00
:1068D00000EBC40400EBC301D2F804E05CED017AE4
:1068E000D1ED006A91ED017A4CED016A0832013B6D
:1068F000A24202ED017A9BB2C1ED007AC1F804E038
:106900000CF1080CE6D110BD2DE9F84F064618B180
:10691000344B02689A4224D0334B344A1B693449C1
:10692000002098474FF00108DFF8BC90DFF8BCB0BA
:10693000DFF8BCA035460024CEB9D9F810305A464D
:10694000514630469847D9F810305A4651460020F3
:1069500001349847A04505F11405EDD1DC20BDE8D0
:10696000F88F90F86280B8F1000FDDD1F6E7336858
:106970001C4FBB4212D0D9F810301D495A46002096
:1069800098473368BB42DED1E2B2032A12D8013401
:10699000444505F11405E1D0BB42ECD1E2B2032A33
:1069A00015D9D9F81030134A114900209847336897
:1069B000BB42C8D1D9F810300E4A0D49002001342D
:1069C0009847444505F11405C8D03368D1E72A7DBE
:1069D0006989052ADBD10129D9D14FF4B070BDE80E
:1069E000F88F00BF0FB0371308020020709601081F
:1069F00088960108209A0108431EDBB2042B10B5CB
:106A000004D9032A47D09FED340A10BD334C032A22
:106A100004EB830494ED0E0A4FEA8304F5D1FFF7EB
:106A2000B7FE07EE900ADFED2E6A9FED2E7AF8EEA4
:106A3000677A67EEA67AF4EEC77AF1EE10FA3DDDDA
:106A4000294B2344D3ED006AB5EE006A26EE866A30
:106A5000B1EE007A66EE876A86EE277AB7EE006AB4
:106A6000B4EEC67AF6EE005AF1EE10FA66EEA56ABA
:106A70002FDDBCEEC77A17EE103A9BB286EEA77AEE
:106A8000BCEEC77A17EE102A13449BB207EE103AF9
:106A9000B8EE477A14E0FFF77BFE07EE900ADFEDD1
:106AA000106A9FED107AF8EE677A67EEA67AF4EE38
:106AB000C77AF1EE10FA08DC9FED070AB0EE007A13
:106AC00067EE877A30EE270A10BDDFED036AB0EE7D
:106AD000660A0123D2E700BF000000006C510108E4
:106AE0000AD7233BACC52737C44E0108D0ED007A46
:106AF000F5EEC07AF1EE10FA10B504465CD4012030
:106B0000D4ED017AF5EEC07AF1EE10FA08D52E4BED
:106B10002E4A1B692E4900209847D4ED017A0020A7
:106B200094ED007AB4EEE77AF1EE10FA08DD264B28
:106B3000284A1B69264900209847D4ED017A002095
:106B4000B3EE077AF4EEC77AF1EE10FA06DD1E4BCB
:106B5000214A1B691E49002098470020D4ED037A82
:106B6000BAEE047AF4EEC77AF1EE10FA1CD49FED77
:106B70001B7AF4EEC77AF1EE10FA15DCD4ED087A40
:106B8000F5EEC07AF1EE10FA06D4B7EE007AF4EE24
:106B9000C77AF1EE10FA06DD0B4B114A1B690C495E
:106BA00000209847002010BD074B0E4A1B6908497A
:106BB000002098470020E1E7034B0B4A1B6904497A
:106BC0000020984700209BE708020020789A0108DF
:106BD000549A0108909A0108AC9A010800000C42EE
:106BE000009B0108D49A0108389A0108F8B5956904
:106BF0002B7802EB43030F46B3F844605369014618
:106C00006888144603EB400072000DF01DF86B8895
:106C1000E26D1E4413786E8003B93B791370F8BDA2
:106C20002DE9F04F2DED048B038F8DB00546002B21
:106C300000F01581B0F84030428F0469B0F850E0A0
:106C400007925B000293838FC28F34F913300B924B
:106C5000BEF1000F00F003811B010893D0E912235D
:106C6000D718B0F85200B5F84230DFED8A8ADFF865
:106C700030B20193FE434FF00008F6EE009A0990FF
:106C8000C1460496CDF828E0834B83FB0710F91723
:106C9000C1EBA00101EB4100A7EBC00000281FFAE7
:106CA00089F886B2C0F2EB80002FC0F2F180089B19
:106CB00009B2090481FB0301002906DA4FF6FF7CC3
:106CC00010EB0C0C604641F10001079B000C40EA00
:106CD0000140991934F91110A0EB011007EE900A48
:106CE000B8EEE79A29EE289AB0EE490A0BF096FA28
:106CF000B0EE408AB0EE490A0AF0A0FE019B002BDC
:106D000000F0A2800B9BB5F844A01E4404EB4603A0
:106D10000020CDE9059703930646009059E095F8C9
:106D200038C0BCF1000F4BD007EE101A07EE903AB6
:106D3000F8EEC76AF8EEE77A26EE806A27EE887AE0
:106D400066EE886A37EE467A67EE807AB5EEC07AEC
:106D500077EEA67AF1EE10FA4CBF37EE697A37EE8D
:106D6000297AF5EEC07AF1EE10FABDEEC77A4CBF83
:106D700077EEE97A77EEA97A17EE103AFDEEE77A28
:106D80005B4517EE901A47F6FF70B8BF5B4683422B
:106D9000D5F85490A8BF03465945B8BF594699F84D
:106DA00000E08142A8BF0146BEF1000F04D117EEFA
:106DB000100A98425BD0E64689F800E01BB209B29F
:106DC000A352009B798053440093019B01369E425D
:106DD00038D0009B95F839C008EB5302029B92B261
:106DE00003EB8202A718A35EB7F90210BCF1000FF3
:106DF00095D00398B0F800C00CF01F0E0EF1300EC5
:106E000003FB0EFE4FEA9C23203BCCF3441C01FB0A
:106E100003F3BEF1000F0CF1300C01FB0CFCB8BF0A
:106E20000EF13F0E002BB8BF1F334FEAAE1EBCF170
:106E3000000F0EEB6313B8BF0CF13F0C1BB24CF309
:106E40008F116CE7DDE90597099B049A1F44D31A5B
:106E500004930A9B09F1010999457FF415AF28684D
:106E600043680DB0BDEC048BBDE8F04F184717EE3A
:106E7000900AB0EB010E18BF4FF0010E9CE71836D8
:106E8000B6B2049B054AA2FB03016FEA11110EE79B
:106E90000026F6E700008037ABAAAA2AABAAAAAA66
:106EA0000080FFFF2DE9F04F0E468BB0074620B162
:106EB000904B02689A4200F00C818F4B8F4A1B69FD
:106EC0008F4900209847002E00F00981894D3368D2
:106ED000AB4200F0F480884C884A2369884900203E
:106EE00098473368AB4200F02B832369834A844977
:106EF00000209847012302934FF0000A27B17D4AF2
:106F00003968914200F0F2807B4B7C4A1B697C49D6
:106F1000002098473046FFF7F7FC029B9A4580F027
:106F2000CB800AEB8A03DFF8CC81019706EB83095B
:106F30004FF0000B0990002E00F0E48033684345C9
:106F400000F000816C4C6D4A23696D490020984720
:106F50003368434500F03F812369684A684900204F
:106F600098473368434500F090812369634A644938
:106F7000002098473368434500F0778223695F4AD1
:106F80005F49002098473368434500F086812369B4
:106F90005A4A5B49002098473368434500F0028114
:106FA0002369564A5649002098473368434500F004
:106FB00080812369514A52490020984700250223C5
:106FC000CDE905550395089507930495002F00F02A
:106FD00028813B68434500F07D81474C474A23693F
:106FE0004749002098473B68434500F04F8223699A
:106FF000424A4349002098473B68434500F0578286
:1070000023693E4A3E49002098473B68434500F0CB
:1070100042822369394A3A49002098473B684345F0
:1070200000F078822369354A3549002098473B684B
:10703000434500F062822369304A31490020984775
:107040003B68434500F04C8223692C4A2C490020C0
:1070500098473B68434500F037822369274A28490F
:10706000002098473B68434500F0F3812369234A99
:107070002349002098473B68434500F0DE8123699F
:107080001E4A1F49002098473B68434500F09980FD
:1070900023691A4A1A4900209847019A14320AF1C2
:1070A000010A0192029A5FFA8AF393420BF1010BF3
:1070B00009F11409FFF43FAF0BB0BDE8F08F96F86B
:1070C0006230029396F812A0029BA3EB0A03DBB294
:1070D00014E70123A0F85C30002E7FF4F7AE064CD5
:1070E000064A2369064930469847FEE687F862302B
:1070F00010E700BF0FB03713080200207096010898
:1071000088960108954C964A2369964930469847D7
:107110002369934A9349304698472369904A914995
:107120003046984723698E4A8E49304698472369EE
:107130008B4A8C49304698472369894A89493046A9
:10714000984736E75FFA8AF3032B40F2BD80834C01
:10715000854A2369834900209847336843457FF473
:10716000FBAE2369804A7F49002098473368434536
:107170007FF4FBAE23697C4A7A4900209847336844
:1071800043457FF4FBAE2369774A76490020984750
:10719000336843457FF4FBAE2369734A714900208D
:1071A0009847F9E65FFA8AF3032B40F23E812369A0
:1071B0006D4A6C4900209847336843457FF4F9AE27
:1071C0007CE0BBF1030F40F22D812369664A6549DB
:1071D0000020984761E75FFA8AF3032BC1D899F83A
:1071E0000E30039300250AEB8A0206EB82024FEA77
:1071F0008A03117C527C0591069203EB0A0206EB8E
:107200008202927C089203EB0A0206EB8202127D54
:107210000792534406EB8303DB7C0493002F7FF437
:10722000D8AE4E4C4E4A23694E493846984723699A
:107230004B4A4C49384698472369494A4949384698
:1072400098472369464A4749384698472369444A3C
:107250004449384698472369414A42493846984745
:1072600023693F4A3F493846984723693C4A3D498C
:107270003846984723693A4A3A4938469847384A3F
:10728000384923693846984702E75FFA8AF3032BA7
:107290003FF670AF00250395A5E75FFA8AF3032B4D
:1072A0003FF67AAF0025CDE9055503954FEA8A03ED
:1072B000A3E75FFA8AF3032B40F2388123692A4A55
:1072C00028490020984779E699F80E30B9F80C5013
:1072D000039388E7BBF1030F48D8019B4FF00002EE
:1072E000DA730BEB8B0307EB830301225A814FEA1E
:1072F0008B0303EB0B0207EB82020021516003EBCF
:107300000B0207EB82020999118103EB0B0207EBD9
:107310008202958103EB0B0207EB820203999173C2
:1073200003EB0B0207EB82020599117403EB0B02CE
:1073300007EB82020699517403EB0B0207EB820202
:107340000899917403EB0B0207EB82020799117500
:107350005B4407EB8303049ADA749EE6080200207C
:107360007096010888960108209A0108764C774AA1
:1073700023697749002098473B6843457FF437AE3F
:107380002369724A7249002098473B6843457FF45D
:1073900037AE23696D4A6E49002098473B684345E4
:1073A0007FF437AE2369694A6949002098473B68F2
:1073B00043457FF437AE2369644A65490020984706
:1073C0003B6843457FF437AE2369604A604900203B
:1073D00098473B6843457FF437AE23695B4A5C4975
:1073E000002098473B6843457FF437AE2369574AEE
:1073F0005749002098473B6843457FF437AE2369DF
:10740000524A5349002098473B6843457FF437AEC2
:1074100023694E4A4E49002098473B6843457FF414
:1074200037AED2E64FEA8B0392E70025CDE905554A
:10743000039508954FEA8A03E5E6BBF1030FE7D809
:107440000BEB8B0307EB8303079A1A754FEA8B0349
:107450007EE7BBF1030FD2D80BEB8B0307EB830363
:10746000089A9A744FEA8B036CE75FFA8AF3032B4E
:107470003FF689AE0AEB8A0306EB830300255B7CAB
:10748000069303954FEA8A030595B6E6BBF1030F11
:107490007FF627AF74E7BBF1030F83D80BEB8B03A9
:1074A00007EB8303099A1A814FEA8B032DE7BBF19F
:1074B000030F3FF66EAF0BEB8B0307EB830300224A
:1074C0005A604FEA8B031AE7BBF1030F8ED80BEB20
:1074D0008B0307EB8303069A5A744FEA8B032BE75F
:1074E000BBF1030F3FF679AF0BEB8B0307EB830385
:1074F000059A1A744FEA8B0318E7BBF1030F3FF6A6
:1075000063AF0BEB8B0307EB8303039A9A734FEA8A
:107510008B0305E7BBF1030F3FF64DAF0BEB8B037E
:1075200007EB83039D814FEA8B03F3E600250223DB
:107530000793CDE90555039508950AFA03F368E624
:1075400001230293BEE500BF08020020209A010833
:107550008896010810B5B4EEE00AF1EE10FA2DEDB0
:10756000068B0446F0EE409AB0EE609AB0EE418A87
:10757000F0EE618A03D5F0EE609AB0EE409AB4EE78
:10758000E88AF1EE10FA05D5F0EE487AB0EE688A96
:10759000F0EE678AF0EE490AB0EE680A0AF08CFE57
:1075A000F0EE400AB0EE480A0AF0A4FEF0EE680AD7
:1075B000B0EE40AAB0EE690A0AF07EFEF0EE400A94
:1075C000B0EE480A0AF096FE30EE4A0AB4EEC98AD6
:1075D000B0EEC00AF1EE10FA84ED000A09DDF4EE17
:1075E000E89ABDEC068BF1EE10FACCBF012000202A
:1075F00010BDBDEC068B002010BD00BF2DE9F04191
:107600002DED068B0589067C90ED009A044682B02C
:10761000294632460120FFF7EFF9B4EEC09AF1EEA9
:1076200010FA94F80A80D4ED018AB0EE408A7BD536
:1076300094F82430002B00F08F80B8F1010F4FF048
:10764000010775D94046032828BF0320002D00F00C
:107650008880042D2B4628BF042309EE903ADFEDE5
:107660004B7AF8EE699A69EEA79A32462946FFF7F7
:10767000C3F9F0EE681AF0EE400AB0EE491AB0EE27
:10768000480A01A838EEC9AAFFF764FF70B1F0EE0E
:10769000690AB0EE4A0A0AF02DFEDDED017AF4EE39
:1076A000C07AF1EE10FAA8BF47F002073246294629
:1076B0004046FFF7A1F9B8F1030FB0EE408A3ED97A
:1076C000002D51D10E241822013CA4B2B2FBF4F3D8
:1076D00004FB03F3C3F118039BB2002BF4D1032086
:1076E00032462946FFF788F9F0EE681A01A8B0EE95
:1076F000491AF0EE480AFFF72DFF00B307EE904A53
:10770000DFED220AF8EE677AB0EE4A0A67EEA00AC9
:107710000AF0F0FDDDED017AF4EEC07AF1EE10FA38
:107720000DDB47F004070AE00027B8F1010F89D804
:10773000324629464046FFF75FF9B0EE408AF4EE44
:10774000C88AF1EE10FAC8BF47F00807384602B001
:10775000BDEC068BBDE8F081B8F1010F13D0022714
:10776000E3E7DFED0B9A80E70E2D2C4628BF0E24B1
:107770001823B3FBF4F304FB03F3C3F118039BB228
:10778000002BA0D1ABE70827D9E700BF0AD7233BDE
:107790000AD7233C10B5013882B0C0B20428019149
:1077A0003AD81C46214BDFED227A03EB800393EDA0
:1077B000007AB4EEE77AF1EE10FA2DDD07EE901ABA
:1077C000DFED1C6AF8EE677A67EEA67A87EE870A25
:1077D0002ABBF6EE007A20EE270ADFED170AB0EE9C
:1077E000C00A0AF087FDDFED157A20EE270A0AF0BD
:1077F0005FF9F7EE007A70EE276A70EE677A80EE36
:10780000267A012087EEA66A84ED007A84ED017A5B
:1078100084ED026A02B010BD002002B010BD30EE4F
:10782000000AF6EE007A20EE270AD6E7C44E0108D9
:10783000ACC527370AD7233BDEFFFF3EDB0F4940AD
:107840002DE9F04106462DED028B14461D46B3B1DD
:1078500003F1FF3C1FFA8CFC4FF6FF770CF1060397
:1078600001EBCC029BB20CF1FF3C04EBC3031FFA0B
:107870008CFC106852685A60BC451860EED1681DD7
:107880004FEA450C05F10C0780B21FFA8CFCAB1DCA
:10789000BFB204EBC0000CF10A0C9BB2A04604F18D
:1078A000300E224694ED0D7AD4ED0C7A98ED0F6AE5
:1078B000D8ED0E6A37EE077A77EEA77A37EE467A7A
:1078C00077EEE67A82ED0B7AC2ED0A7AACEB030131
:1078D000D0ED017A90ED007A89B204EBC10191ED0F
:1078E000016AD1ED006A77EEA77A37EE077A77EE74
:1078F000C67A37EE667A08F1080804EBC301F04552
:1079000003F1010381ED007AC1ED017AA2F10802D1
:107910009BB2C7D1D6ED027AD6ED006A96ED017A18
:1079200067EEA66AB7EE006A37EE667A77EE867A79
:107930003A4687EE278A21463046B0EE480A08F0DC
:107940007FF939462046FEF7BBFFB0EE480A3A46BB
:107950002146304608F074F939462046FEF7B0FF5C
:10796000BDEC028BEA004146BDE8F0410CF06CB979
:1079700010B1024B9B681847704700BF08020020F7
:1079800070B50C4618B11E4B0168994207D01D4DC9
:107990001D4A2B691D490020984754B370BD3CB364
:1079A000416882600868B0F89430028F04EB4303AA
:1079B00004EB4202C364B0F896304261D0F89820DC
:1079C00004EB430303654AB1B0F89C3004EB430376
:1079D0001361B0F89E3004EB43035361B0F8E42028
:1079E0004B6804EB4204C0F8B040BDE87040184753
:1079F000044D2B69064A0549BDE870400020184730
:107A00000DB0371308020020F498010810990108FE
:107A1000309B010810B520B10B4B02689A42044616
:107A200007D00A4B0A4A1B690A49BDE810400020EA
:107A3000184700690023236008B1FFF799FF20462B
:107A4000BDE8104094E700BF0EB0371308020020D5
:107A500070930108889301082DE9F041174F1D46E6
:107A60007B6913B1BDE8F0411847FB684FEA420853
:107A7000002AF7D08F1EA8F1020406468E460C4459
:107A80003A4632F802CF9CFA9CFCA242A2F800C00F
:107A9000F7D142467146304698470DB9BDE8F081AE
:107AA00037F8023F5BBAA7423B80F7D037F8023F76
:107AB0005BBAA7423B80F3D1F0E700BF0802002089
:107AC00000B583B041F4A041012394464FEA124E21
:107AD000ADF80010ADF80230042200236946ADF87D
:107AE00004E0ADF806C0FFF7B7FF03B05DF804FB94
:107AF000F0B583B043F21C02009201230E4600242D
:107B0000032269460746ADF80440FFF7A5FFBDF81C
:107B1000043013F4006517D141F21B042B4669466B
:107B200038460222009446F40066FFF795FF384677
:107B30002B4669460222ADF80040ADF80260FFF71F
:107B40008BFF012003B0F0BD044B054A1D690549B8
:107B500020463B46A847204603B0F0BD080200205F
:107B6000489B0108A0950108F0B5012983B005469E
:107B7000144621D0022909D01B4B1C4A1C691C4900
:107B800003460020A047002003B0F0BD43F24603A7
:107B900084270026ADF800302846012303226946D9
:107BA000ADF80260ADF80460FFF756FFBDF80400C1
:107BB00030B164B90120E7E743F245038327E8E7E2
:107BC000094B0C4A1C690A492B46A047DBE747F4DE
:107BD00080573346694628460222ADF80070ADF85A
:107BE0000260FFF739FFE5E708020020789B0108F3
:107BF000A0950108949B010838B520B1164B026886
:107C00009A42044607D0154B154A1B6915490020B6
:107C10009847002038BD037B43B980681521FFF7E2
:107C200067FF0028F5D00123237338BD05698068FC
:107C300095F8C6110122FFF797FF95F8C53143B1BA
:107C400095F8C631022B0CBF0123022385F8C631FB
:107C500038BD0123FAE700BF0EB037130802002039
:107C60007093010888930108F0B5012985B0064694
:107C7000154631D0022924D143F2320301240027D2
:107C8000ADF808300322012302A93046ADF80A708E
:107C9000ADF80C70FFF7E0FEBDF80C306B8003F020
:107CA0000702012A2A8027D013F0060018D11649AE
:107CB000164A0C6916490096A0470024204605B0D4
:107CC000F0BD114B134A1C69114903460020A0471F
:107CD0004FF440530024D2E743F233030C46CEE77F
:107CE000023A012AEAD9084A0096146908490A4A60
:107CF0003846A0472F80E0E70349084A0C69044949
:107D000000963846A047D8E708020020C89B010823
:107D1000A0950108789B01082C9C0108F89B01089C
:107D20002DE9F04184B028B16E4B0D4601689942AF
:107D3000044609D06C4B6D4A1B696D490020984779
:107D4000002004B0BDE8F0818388C1880B44B2EB09
:107D5000430F06D2644B674A1B6965490020984768
:107D6000EEE7D0F81080866898F8C67143F23703C2
:107D700002930023ADF80C300322012302A9304600
:107D8000FFF76AFE012FBDF80C300CD0022F0CBF9C
:107D90008020C020184008D1534B574A1C695749CE
:107DA0003346A047CCE74020F4E798F8C61102AA72
:107DB0003046FFF759FF0028C2D0BDF80830032B2A
:107DC0000AD0494ABDF80A3014694C4900934C4A1C
:107DD00033460020A047B3E72169BDF80A2091F897
:107DE000C431C2F300122A8033B191F8C631A3F135
:107DF0000103B3FA83F35B096B80B1F8C831AB8040
:107E0000AA1D01F5E57301F5FD77D3F800C05E68A2
:107E10009868D3F80CE0C2F80CE01033BB42C2F80B
:107E200000C05660906002F11002EED1B1F8FA3154
:107E3000EB8605F1380201F5FE7301F50B77D3F8F7
:107E400000C05E689868D3F80CE0C2F80CE010330C
:107E5000BB42C2F800C05660906002F11002EED141
:107E6000B1F82C32A5F8683005F16A0201F22E2330
:107E700001F25E21D3F800C05E689868D3F80CE088
:107E8000C2F80CE010338B42C2F800C0566090601C
:107E900002F11002EED1E6882369A068A18893F868
:107EA000C621B6F5005F0FD8013A18BF012205EBD5
:107EB00041011203334607F0C9F988B1301E18BFDB
:107EC000012004B0BDE8F081074C0E4A23690E4939
:107ED0000020984723690D4A0849002098472FE75A
:107EE000014CF7E70EB03713080200207093010829
:107EF00088930108609C0108789C01086C95010832
:107F0000989C0108C49C0108DC9C0108F09C0108B5
:107F100010B582B001AA01210446FFF7A5FE002298
:107F200001212046FFF720FEBDF80430022B08D0C7
:107F30000549064A0C6906490020A047002002B006
:107F400010BD012002B010BD080200201C9D0108D8
:107F5000649D010838B5064D6B689847044608B122
:107F6000204638BD2B69034A03499847204638BD4F
:107F700008020020849D0108949D010810B508495D
:107F800050226C20FFF7E6FF044630B1054B40F865
:107F9000043B054968220BF071FE204610BD00BF6E
:107FA000889601080FB03713B85101082DE9F04F3A
:107FB0002DED028B93B0CDE90912BDF878400894FD
:107FC000AE49044682224FF435709A46FFF7C2FF4D
:107FD000002800F038824FF43572002107460BF07C
:107FE00021FD089AA64B3C71A7F844203B60002A6B
:107FF00000F04C830023CDE902330AF1130A3A1D45
:108000009FEDA08ADFF88C8201930592D3460497F6
:108010001BF8132C0792DDE909251BF8123C069387
:10802000ABF11306002B08BF15460FCE0DAC0FC4E5
:108030009BF8057033682360042F009743D892495A
:1080400040F2D312DC20FFF785FF0446002800F041
:10805000D48100F11806C4220021274630460BF0D7
:10806000E1FC8A4B47F8043B0DF1340CBCE80F00EF
:108070000FC7DCF800303B60009F67774FB1009B73
:1080800003EB0B015B4613F8012F06F8012F994211
:10809000F9D16379002B40F00B810122A37E00927D
:1080A00004F11A06002D38D02A6879498A4200F076
:1080B0000381784F784A3B6978490020984700232C
:1080C000E362337804E1734C754A23696E49049F77
:1080D00000209847019B0233002247F82320B7F87D
:1080E000442000253D602E466AB1AB1C57F8233072
:1080F000184623B1A2681E609047B7F844200135A6
:10810000EDB2AA42F1D8A36838469847002738460E
:1081100013B0BDEC028BBDE8F08FD8F810305E4A8A
:108120005E4928469847D8F810305B4A5B49E562BB
:1081300028469847474625853B69574A57490020B6
:1081400098470223A37700232386009B002B39D076
:10815000009B514FCDF82CB0B246534404F11E069B
:10816000A1469B461AF8013B002D7FD02A6848495A
:108170008A4208D0474C484A23694849002098471A
:108180001AF8013C0AE0032B55D9D8F81030454ABB
:108190004249002098471AF8013C44462A683C4965
:1081A0008A4254D023693D493A460020984700232B
:1081B00026F8023FDA45B9F83030F383D2D1DDF842
:1081C0002CB04C466379002B40F09880258EA4F8A3
:1081D000603005EB85035B00B4F828A0A67F9BB256
:1081E000A4F86230BAF1000F40F0BD8002220123F2
:1081F0009542638779D9009AA38704EB42018A8F5D
:108200009A4280F00181A346224C274A23691E49E5
:10821000049F002098472369244A1B490020002519
:108220009847A368CBF8005058469847019B023303
:1082300047F8235053E703EB830305EB8303B9F8B7
:1082400030201B891344A9F830301AF8013C032B65
:1082500006D9D8F81030134A104900209847A6E7ED
:1082600003EB830305EB83039B89A1E7D8F8103068
:108270000A493A4628464446984793E7A0910108A0
:1082800052D1C0AC0AD7233B08910108E1AFA10F3E
:108290000FB0371308020020709601088896010875
:1082A000EC9D0108209A0108409E0108989E010853
:1082B000637E04F11906F5E6032B6FD9D8F8103068
:1082C000954A9649002098470023E3623378474651
:1082D0002A6893498A4268D03B69924A8F490020B4
:1082E00098470023238533786BE0A3468E4C8F4A52
:1082F00023698F49049F002098478CE794F819A0C0
:108300000026A4F86060A946BAF1000F0ED11FE064
:10831000D8F8103098470023B4F860200136134491
:108320005645A4F8603009F1140911D07B497D4A03
:108330000020002DECD02B68794FBB42E8D1032EF2
:10834000754A76494FF00000E2D8B9F80830E3E703
:10835000258EB4F828A0A67F2B46A4F86230BAF187
:10836000000F3FF443AF731EDBB2042B07EE90AA5D
:1083700094BF704ADFED706AB8EE677A9CBF02EB7B
:108380008303D3ED006A27EE087AC6EE877AFCEE07
:10839000E77A17EE903A9BB25A0029E703EB830382
:1083A00005EB83035B68E3623378032B1DD9D8F8B0
:1083B0001030594A594900209847002323853378C3
:1083C00047462A6856498A427FF4B6AE032B06D93F
:1083D000D8F81030504A514900209847B1E603EBD5
:1083E000830305EB83031B7DACE603EB830305EB03
:1083F00083035B8923853378E8E74B4C4F4A236935
:108400004B49049F984765E6D21A8A87D4F82C9086
:10841000A5EB4307B9F1270F0AFB0393BFB26363D0
:10842000CCBF00220122278704F148035146304681
:10843000FFF7B0F968B9A3463B4C414A23693C4970
:10844000049F9847E7E6384B3E4A1B693E499847E8
:108450005CE694ED027A2379F1EE0C7A27EE277A26
:10846000F2EE007A77EEC77A022BC4ED157A74D952
:10847000032B40F0FB8007EE90AA9FED347AF8EED4
:10848000677A731E67EE877ADBB29FED317A042B31
:10849000F4EEC77A00F2F380F1EE10FA40F3FA80BE
:1084A000244A02EB830393ED007AB5EE006A27EECF
:1084B000066AF1EE006A27EE267AC6EE276AF7EE24
:1084C000005AF4EEE56AB6EE005AF1EE10FA27EE25
:1084D000057A40F3D980FCEEE66A16EE903A9AB23D
:1084E000C7EE276AFCEEE67A17EE903A98B281184A
:1084F00089B201F130039BB29945A4F85820A4F841
:108500005A00A4F85C1025DCBAF1000F40F0C780D7
:10851000A346049F044C7EE6209A01088896010831
:108520000FB037137096010808020020089E01085A
:1085300008910108C44E010800000000C49D010814
:10854000709E0108A49D0108A09101080AD7233B51
:10855000ACC527370023A4F85E30079B022B68D0F8
:108560000022069B7BB905EB85035B009BB2C4F838
:10857000A820A4F8B03002EB83020A23C4F8B42088
:10858000A4F8BC30283205F10C035B009BB207F164
:108590001F01A4F8703049099B006367A4F87C10A0
:1085A00003EB81030021A166B8074FEA570148BFDA
:1085B0000131C4F88030A4F8881003EB4103012195
:1085C00021760599C4F8D820C4F88C3041F8044FBE
:1085D0000298486103988862059135482168814274
:1085E00007D0344C344A23693449049F002098470B
:1085F00075E50299033323F0030319440332039B07
:10860000029122F0030213440393019B089A013361
:10861000934201930BF11C0B7FF4FAACDDE903E705
:108620000A463846C7E9B32E13B0BDEC028BBDE84D
:10863000F08F00226379C4F89020BA00A4F89870F3
:10864000C4F89C207BB1617F8B001344C4F8C03018
:108650001344A4F8A410A4F8C870C4F8CC301A4489
:10866000A4F8D4707DE704230121EEE7A346114C62
:10867000134A23691149049F00209847CBE5F1EE86
:1086800010FA07DD9FED0F7A012229E7DDF820E0DF
:108690007246C6E701223223022110462CE7A3EBE3
:1086A00009039BB2B3FBFAF30133A4F85E3054E73D
:1086B000E1AFA10F08020020EC9001080891010829
:1086C0005491010800000000F8B505460088002A12
:1086D0001C460CBF4FF400534FF48053B0F59C6F11
:1086E0000E460ED300F151077F008342BFB235D250
:1086F0001C4B1D4A1B691D49002098474FF0000C78
:1087000003E040F662274FF0010C1949194AC4E909
:10871000011202F11912E26002F1191222612346DC
:10872000002262805122A28223F8167B29686A689F
:10873000A868EF68C4F816105A609860DF6029696D
:10874000A8696A699861196196E803005A61AA8B61
:108750009A83343484E803006046F8BD4FF0010C7E
:10876000D3E700BF08020020BC9E01086C950108F9
:108770000100020003001B0010B50E4C8C46114690
:10878000228803F1020EB2EB4E0F06D223690A4A89
:108790000A49BDE8104000201847013B4CF4A04CAA
:1087A0004B802EF00042A1F800C0BDE8104000232D
:1087B000FFF752B908020020DC9E0108DC9C01088A
:1087C0002DE9F04F2DED108B9BB090F85E401F46C9
:1087D00090F85C300793042CB0F85830039382462D
:1087E0000D4690461ED8D0ED147AF5EEC07AF1EE23
:1087F00010FA00F10B8290F86630002B00F0B08286
:1088000090F85B30002B00F0AB82034B034A1B69EE
:108810000349002098470BE008020020249F01082C
:10882000FC9E0108CF4BD04A1B69D04900209847D5
:10883000CF4BDAED157A08931B68009307EE103AD8
:10884000F5EEC07AF1EE10FAB8EE478A40F3E58112
:10885000C8EE278AF6EE007A78EEA78A039B002BF3
:1088600000F0BC819AF85E3004939AF85A30002BDD
:1088700040F0BB819AF86020022A41F03B819AF8CF
:108880005E40012C00F0F7830024224634990C71DD
:10889000A8F8AC21002B00F0AD819AF85F30012BD5
:1088A00000F01A84022B00F00084002B40F0F383C8
:1088B00001231A46A8F82630A8F828209AF8603034
:1088C000012B00F0E183022B00F0DD83002B00F090
:1088D0001B84A44BA74A1B69A44900209847002D7C
:1088E00000F08B8100230093B5F8E4102B89A8F8E1
:1088F0000210B5F8E610A8F80410B5F8E210A8F8D0
:108900000010B5F8E810A8F806106988A8F8081053
:108910009B00A988A8F80A109BB2E988A8F80C1057
:1089200003F130026989A8F80E1092B2298CA8F8D8
:1089300010105F2A698CA8F8121040F205828E4947
:10894000A1FB0201890901EB4101A2EB411189B2AE
:1089500000201A4604460B460121A8F816200322DF
:10896000A8F81430A8F81A200023009AA8F822309A
:10897000A8F81C40A8F81E00A8F81810A8F82010A5
:108980007B800123C7F80A30002A00F057874FF098
:108990000009CDE9019908F13E039FED789A9FED1A
:1089A00078AADFED7B9A059507F10E0B44465646F3
:1089B0001D46CDF81880049A5FFA89F39A4200F2B6
:1089C0002F810023ABF80030ABF808302B8009F181
:1089D0000109B9F1040F0BF1020B05F1020504F1D5
:1089E000560406F11406E6D1039BBA89DDF804C0EB
:1089F00012FB03F27B8992B213449BB2DDE9055866
:108A0000591C012089B20090B8F8AC01012804D1AA
:108A1000DDE9020404FB00F002909AF86340029E34
:108A2000BAF864009AF862E084F0010B4FF6FF7424
:108A3000A64228BF26464408A4F103099AF86640D6
:108A4000A8F89EE10338A8F8A6B1A8F8A461A8F890
:108A5000A0C1A8F8A801A8F8AA91BA81BB80F980A2
:108A6000002C00F02B81413399B24024012339803E
:108A70003C81A8F8C03115B1AB89A8F8C231009B80
:108A8000002B40F04B81349A9AED145A0023136066
:108A9000079BA8F8B231039B012B40F23C81BAF846
:108AA0005830023B01229BB29FED366ADFED365A09
:108AB0009AF85A10F1EE007AC8EE066A68EE277A44
:108AC00068EE255A87EE867AC5EE867AB6EE006A9B
:108AD00076EE866A37EE067AFCEEE66AB5EE405A26
:108AE000DAED155AA8F8AE31F1EE10FA16EE903A1A
:108AF00077EE867ABCEEC77AA8F8B02114BF0122BF
:108B00000022FCEEE77AA8F838209AF85B20A8F853
:108B1000B43117EE103AA8F8B63117EE903AF5EEE8
:108B2000405AA8F8B831009BF1EE10FA14BF0120AA
:108B30000020002B40F0C480A8F83010A8F83220A4
:108B4000A8F82A009AF86130104A0098C8F8BA21AB
:108B50000121A8F82410A8F8BE311BB0BDEC108B81
:108B600018E000BF08020020EC9D0108FC9E0108EF
:108B70009C02002020A00108ABAAAAAA2549123E07
:108B80008FC2753D0024744900009643FF07010819
:108B900000000000BDE8F08FB5EEC07AF1EE10FAEB
:108BA00000F106839AF85A20002A00F00483B5EEFB
:108BB000407AF1EE10FA05D1F5EE407AF1EE10FAB6
:108BC00040F0B3835FED0E8A724B734A1B697349A1
:108BD00000209847039B002B7FF444AE039B049333
:108BE0009AF85A30002B3FF445AE349A00231371A3
:108BF000A8F8AC31002D7FF475AE01237D807B8118
:108C0000AC4602212A4602950095FDE6614B644A76
:108C10001B696249002098470AE6DFED628A1DE67B
:108C200001232B809AF85C80328940F2FF3340F2B6
:108C3000FF11B8F1000F18BF0B4642B39A4226D875
:108C4000B27B337C3AB1022B05D1524B564A1B6999
:108C5000DDE9055820E0F07B002840F04082012B40
:108C600000F0AC804B4B514A1B694C490090DDE948
:108C700005589847DDF804C0039BBA8912FB03F23C
:108C80007B8992B213449BB2591C89B2BCE6414B1A
:108C9000474A1B69DDE90558404900209847039B76
:108CA000BA89DDF804C012FB03F27B8992B2134447
:108CB0009BB2591C002089B20090A5E62346D6E657
:108CC000B5EE405AF1EE10FA0CD0C8EE057A77EE08
:108CD000867AFCEEE77A17EE903AA8F83C301B0C47
:108CE000A8F83A30002361F30F03F5EE405A62F31F
:108CF0001F43F1EE10FAA8F82A00C8F830303FF40C
:108D000021AFFCEEE87A17EE903A1A0CA8F82C2066
:108D1000A8F82E3016E700221346C5E69AF85D3013
:108D2000072B15D8234C9FED1F9A234493F8B83096
:108D3000A8F8A231349B83ED009A049B002B40F0ED
:108D40003D829AED145AA3E603200124002104E693
:108D5000349A9AED145A002313600023009397E687
:108D6000012C40F2DD819AF80F105246012303E0F6
:108D70000133A34200F0D481084692F823108142C7
:108D800002F11402F4D2034A044914690A4A002089
:108D9000A0474DE508020020849F0108FC9E0108C1
:108DA000109F01080000000050A001087CA00108ED
:108DB00040A001086C510108509F01086FF00B039F
:108DC0000993F288B3880A92182A009340F28E829F
:108DD00002EB820303EB031303EB032302EB4303D6
:108DE000C3F3CC0242EA43339BB240F6AA22934239
:108DF00000F2CC82AE4B0A9AA3FB02231B090E930E
:108E0000013B9BB215935C230D9318230B930098A1
:108E1000002840F0CF84A74BA74A1B69A749984771
:108E2000B8F1000F00F0B9844FF000080222009B57
:108E3000099913FB02F292B20092326811440A4679
:108E40000C910A99013B01FB0323099302F5C343EB
:108E500028334CF25032934207D9964B984A1B69FB
:108E60009649002098474FF00008099B03F5C3433B
:108E700028334CF25032934207D98E4B914A1B69EA
:108E80008E49002098474FF000080C9A002AC0F243
:108E900033838D4880FB0230D217C2EBA00000B2B2
:108EA000099B002BC0F21C83874981FB0331099B7E
:108EB000DB17C3EBA101119309B280B2091A0C9B15
:108EC0000F90814880FB03C0C2EBA00288B209B2B8
:108ED0000E9B1091B0FBF3F0411C0A901FFA81FE2B
:108EE0000B981821B1FBF0F30E930C9B02EB42029E
:108EF000B3EBC20200F1ED8213B2139393B20C9361
:108F0000099A7148119B0B9980FB020CC3EBAC03CF
:108F100003EB430C0C9BB3FBF1F001FB103081B26F
:108F2000B2EBCC03099100F1F1821AB219929BB213
:108F30000E9A0B98511E099A89B21891BEF1010F31
:108F400011FB002189B200F0E782099A0C98824255
:108F500040F0F582994200F04884002301221393E7
:108F60001692149312920E930C9B9A00099BA4F8EC
:108F700082209B00A4F88430B8F1000F40F0EB820F
:108F80006C23179336230C937D223D234FF000086A
:108F9000A4F87C300F9BA4F87A200C9A1099C3F1A6
:108FA000290313441AB21192521A9BB2292A0F9321
:108FB00007DC404B454A1B694049002098474FF069
:108FC0000008119B179A934207DB3A4B404A1B69F2
:108FD0003A49002098474FF000080D9B2C2B00F2D7
:108FE00004821E2B40F2DC831E3B0F229BB20D92AB
:108FF000A4F89A30159B0C99A4F89430139BA4F80C
:109000007E10A4F88E300F990A9BA4F880100D9959
:10901000A4F89610A4F89820002B40F0C481149B6B
:10902000002B0E9B08BF00230E93129B002B00F019
:10903000D083099A199B9B1A0B9A93FBF2F39BB26C
:10904000169AA4F89220A4F88C300E9AA4F88820DE
:109050000023A4F89030A4F88A300A9BA4F8863044
:10906000B8F1000F40F0B282CDF80080DDF804C006
:10907000DDE9055800E69AF81020013A012A7FF64A
:1090800003AC224602E40023C8F83430002D41D05E
:109090000123009328E4074B0E4A1B69074900206F
:1090A0009847002D7FF41EACA7E500231A4601E483
:1090B000ABAAAAAA08020020C8A00108FC9E0108C9
:1090C00014A1010828A10108ABAAAA2A5CA10108E1
:1090D0007CA1010800A001080022FFF7EBBB013BC7
:1090E000042B00F22E8501A252F823F0BD8D00085A
:1090F00023930008019100081B93000801910008C8
:109100006FF00C0309935CE64FF00113C8F834309C
:10911000002DBDD100237B800123C7F80A3036E43F
:10912000B44B9AED157A08931B68009306EE903ABB
:10913000B5EEC07AF1EE10FAB8EE668A7FF72CAD84
:10914000C8EE078AF6EE007A78EEA78A18EE900A43
:109150000BF0CCFC51B1A84BA84A1B69A8490020D0
:109160009847039B002B7FF47DAB38E59AF85A2093
:10917000002A7FF429AD039B9AF85F10002B9AF820
:10918000603014BF204600209942049007D99A4BC2
:109190009C4A1B699A4900209847FFF766BB022B3F
:1091A00000F0B184349B1A71A8F8AC21FFF775BBAD
:1091B000DFED958ACFE7DFED948ADCE7B8F8AC31D4
:1091C000B8F8A421012B00F0C68007EE902ADFED4D
:1091D0008F9AB8EE67AAB7EE089AF2EE02DA089B09
:1091E0009FED8B0A93ED00FAB8EE4FFA80EE0F0A6E
:1091F00008F0D2FC9AF86030022B2FEE00FA00F251
:109200001B8104EB83049AF85E3094ED30EAD4EDD0
:1092100033FA002B00F02181009BDFED7BEA9FED0C
:109220007DBA9FED7DDADFED7DCA9FED7DCADFED72
:109230007DBADFED7DAA554600262A7C052A00F27C
:109240009180022A40F2988030270824EA7B052A80
:1092500000F26C84DFE802F03E413B034744F0EE4D
:109260004B7A8FEE276A2A899AF85E1002FB044433
:1092700002346400A4B2AA88013614359FED6B7ADB
:10928000C6EE076A07EE907AF8EE677A87EEA66A6E
:1092900007EE904AF8EE677A87EEA67A07EE902AF4
:1092A000F8EE677AF2B267EE277A914277EE867A25
:1092B00077EEA97A77EE897A7EEEA7EABDD89AEDA5
:1092C000145A002B40F0CD800093FFF7E1BBF0EE85
:1092D0006A7AC6E7F0EE6C7AC3E7F0EE4D7AC0E743
:1092E000F0EE4C7ABDE7F0EE6B7ABAE70A9A002A04
:1092F0004CD01823B3FBF2F302FB03F3C3F11803C2
:109300009BB21593002B41D10A9A0B92531E9B00DE
:109310009BB20D9301230E9379E56FF00F03099330
:109320004FE56FF0060309934BE59AF85F209AF832
:1093300060309A427FF446AC039B349ADFED328A68
:10934000002B14BF23460023049300231371A8F8B5
:10935000AC31FFF7A2BAF0EE499AF0EE49DAB0EE7E
:1093600049AA3CE7244B324A1B692549002098470B
:1093700018270424002369E7012A04D0022AF1D126
:109380003C270A2462E748270C245FE71A4B294A46
:109390001B691B490020984700230122CDE90D32AB
:1093A00015930B923CE5149B002B0E9B08BF0023EA
:1093B0000E93129B33B1099A199B9B1A0B9A93FB3C
:1093C000F2F39BB2A4F88C300A9B169AA4F8922070
:1093D000013B0E9AA4F888209BB2189A0A930123A5
:1093E000A4F88A20A4F8903037E600230D931A469B
:1093F000FEE500BF9C02002008020020709F0108CB
:10940000FC9E0108B09F0108000000009A999D4150
:10941000F902154F00009043000020430000004374
:109420000000F0430000C0430000404300247449A2
:10943000A4A00108B4A00108B64BB74A1B69B749FC
:10944000002098479AF85E30002B00F0F281DFEDA3
:10945000B4FA0023B0EE6FEADFE69AED145ADFEDBE
:10946000B0EA9FEDB07ADFEDB06A349BCFEE077AB9
:10947000B1EE0C7AC7EEA65A2AEE07AA7FEE8EFA54
:10948000CAEE257A9FEDA97A77EEAD7AB0EE006A42
:1094900077EEAE7A77EEAF7A27EE877A37EE067AF6
:1094A00077EE277A86EEA77AB4EEC57AF1EE10FA57
:1094B00083ED007A7FF5ECAA964B9D4A1C6997498B
:1094C000FDEEC77A002017EE903AA04700230093E4
:1094D00037E402F1180083B20C9303B213930FE543
:1094E0000999944BC943A3FB0131099B6FEA111100
:1094F000DB1709B21193E0E40C9A8E4BD043A3FB27
:1095000000306FEA101000B2D217C9E403F118005E
:1095100002B283B219920BE50C98824200F062818C
:1095200000220A9216921292139A9B1A0B9A93FB9C
:10953000F2F39BB20E930123CDE9133314E5994264
:1095400000F05D810A9B013B9BB20A9301231693B5
:1095500012930B46E8E7F37B052B00F21683DFE856
:1095600003F01A130C032B214FF486731793D623A1
:109570000C9340F21D128D230AE5AC23179376233A
:109580000C93BD225D2303E58C23179356230C9384
:109590009D224D23FCE46C23179336230C937D22EC
:1095A0003D23F5E44FF4E67317934FF4CB730C931C
:1095B00040F2DD12ED23EBE44FF4B67317934FF452
:1095C0009B730C9340F27D12BD23E1E4B37A172B19
:1095D00000F20181092B00F21E81C3F109039AB246
:1095E0001523A4F84630059BA4F84820002B00F072
:1095F0005E8203EB42029389A4F84A30337C013B3C
:10960000042B00F2A482DFE803F0BD7603AC9B00DC
:109610004FF000084FF400724FF4C063CDE9092306
:109620004FF0C00E02204FF0040C08214246434682
:10963000A4F86E000A98A4F856000998A4F870C01F
:10964000A4F85800A4F84E10A4F85010A4F852E062
:10965000A4F854E09AF85D10B8F1000F00F0098109
:10966000002B00F00681022900F27B81324B0B4473
:1096700093F8B430A4F85A30059B002B00F01C81FD
:109680000023A4F85E300123A4F86A30059B002172
:10969000D3E932ECD3F8C4800B460EEB1140A0EBBB
:1096A00008009042614480F2318201330F2BF4D1E3
:1096B000059AA4F86030D2E936E303EB83020EEB9F
:1096C0001242F92A00F3EF81062003FB00F0052186
:1096D00003E0BCF1FA0C40F1DA810A46013189B2AB
:1096E00014290EEB104C1844F3D10A4B134A1B6992
:1096F000DDE905583AE100214FF40073CDE9091383
:109700004FF0400E03204FF0020C08219622FA235E
:109710008EE700BF0802002020A00108FC9E01087F
:109720000000000000002043002474490AD7233CB5
:10973000F8A10108ABAAAAAA6C510108CCA10108A2
:109740004FF000084FF4F0504FF47853CDE909037F
:109750004FF4F86E02204FF00B0C082142464346AE
:1097600066E74FF000084FF4C06C4FF46063CDE93A
:1097700009C34FF4E07E02204FF0060C0821424658
:10978000434655E7059B9B8C0422082BC4F86E20AA
:109790005BD9DDE90558FFF782BA0422FFF747BB22
:1097A0000D9B0F2B30D9A3F10F020F230D9392B213
:1097B00000231DE4B8F1000F2AD1337B002B33D0F6
:1097C000C54BC64A1B69C649404698470422FFF765
:1097D0002EBB0A9B34E4C04BC24A1B69DDE9055825
:1097E000FFF75ABA99427FF49BAE0023CDE91333B9
:1097F000CDF828E0169312930E93FFF7B5BB002324
:10980000169312930B468FE600221346FFF7F0BB28
:109810000222FFF70CBB102B94BFC3F11E03C3F150
:1098200017039BB20022DCE64FF001080422FFF789
:10983000FEBA9AED145A0093FFF72AB900980290E5
:10984000844602210246FFF7DFB8A4F84E30A4F8A0
:10985000503040230022A4F85230A4F854304FF482
:109860000073A4F85630A4F858209AF85D101346F7
:109870009046072975D89C48014491F8B810A4F87F
:109880005A100599C1B10021A4F85E10B8F1000F7B
:1098900040F08380A4F86A80A4F86080A4F85C801B
:1098A000A4F86280A4F86880A4F86480424600238B
:1098B000A4F86620A4F86C303389F27AA4F87620F4
:1098C000012B67D0023B9BB20121A4F87230B37B1D
:1098D000A4F84C3083F00103A4F87410A4F8783095
:1098E0000099BB89ABF800300B44ABF80810BB8182
:1098F000B388317C06EE903A3389012907EE103A9D
:10990000B4F86E302AD0022914BFF0EE695AF0EE96
:109910004A5A01339BB207EE903AF8EE677AB1EEFD
:10992000006AF8EE666A67EE867AB8EE477A67EE06
:10993000A67A0198029B67EE877A014667EEA57AC0
:10994000002808BF114667EE897A0191FCEEE77A9C
:1099500017EE902A13440293FFF739B8DFED635AEC
:10996000D7E75D4B624A1B69DDE905585C49002079
:109970009847039BBA89DDF804C012FB03F27B8988
:1099800013FA82F39BB2591C002092B289B2009064
:10999000FFF73AB80023194697E70121A4F86A10A7
:1099A000002B7FF473AEA4F8603019461A46A4F871
:1099B0005C200022A4F86220A4F868204BBBA4F825
:1099C00064301A4602EB0108059AD2E92FE1C64538
:1099D0001DDA0846002202F1010C09921FFA8CF2EE
:1099E000162A3FF482AE0EEB104CBCEB080C084478
:1099F000F1D4002B7FF45BAF099800FB01F10EEB73
:109A00001143A8EB03039C45C8BF02464FE7002261
:109A10004DE7059BD3E9348C884546DA1346624608
:109A20009E4601339BB2162B3FF45FAE08EB12400B
:109A3000401A6244F4D40CFB0EF208EB12428A1A6C
:109A40009042D8BF9E460599B4F86020D1F8CC303A
:109A5000B4F85C00099002FB03F3D1F8C820A4F825
:109A600064E002EB13420B46D1F8C410521AD3E95A
:109A700036303FF53AAE09990CFB0EFE00FB01F1C2
:109A800003EB114308EB1E401918FA239AE702FB77
:109A900003F30EEB1343C3F1FA039C45D8BF0A4608
:109AA000FA210B4683E70522FAE79646CBE7059BAA
:109AB000A4F84A30337C013B042B48D801A252F869
:109AC00023F000BF119B0008F796000811960008CC
:109AD000639700084197000808020020DCA00108F5
:109AE000FC9E010894A101086C510108CDCC4C3EAC
:109AF000ACA10108349A1371A8F8AC31002D7EF4A2
:109B0000F1AEFFF77AB80123FEF7BBBE9BB2CFE5FB
:109B10004FF000084FF40073CDE909834FF0400E79
:109B20000420C44602214246434681E51B4B1C4AA1
:109B30001B691C4900209847DFED1B7A0023FFF7C3
:109B400090BB164B194A1B69DDE905580EE7134B0C
:109B5000164A1B6913490020DDE905589847BA8960
:109B6000039BDDF804C012FB03F27B89562113FA34
:109B700082F301FB098100209BB2C1F86E00591CE1
:109B800092B2009089B2FEF73FBF044B044A1B69B2
:109B9000044900209847FFF7F3B900BF08020020EE
:109BA00050A10108FC9E010800000043A4A0010888
:109BB00070B5FEB04FF4E27204460D460DA80021C8
:109BC00003AE09F02FFF00960DAA05AB0021204639
:109BD000FEF7F6FD08B97EB070BD94F85B202B4609
:109BE000314605A8FEF770FD7EB070BD2DE9F04F3F
:109BF0002DED028BAFB020B1B74B02689A420746F9
:109C00000CD0B64BB64A1B69B649002098470026CF
:109C100030462FB0BDEC028BBDE8F08F894667223D
:109C2000B1491020FEF796F906460028EFD0002330
:109C3000AE4A43608360C360026097F8624024B11B
:109C4000B7F85C00C41A18BF0124A94938221020B3
:109C5000FEF780F9804620B10023036043608360F3
:109C6000C360A3493922FC20FEF774F9054630B3DE
:109C7000FC22002109F0D6FE54BBB8F1000F00F021
:109C80008B82C5F898401FA9C8F80050381DFFF70F
:109C90008FFF00283AD1914B964A1B699449984707
:109CA0004046FCF7B3FA002474603046FCF788FAAB
:109CB000264630462FB0BDEC028BBDE8F08F3CB994
:109CC000B8F1000FEFD0854B40469B689847EAE714
:109CD00087493E226020FEF73DF90446002800F047
:109CE0004B826022002109F09DFEB8F1000F00F0C8
:109CF0005882002DC5D1DFF8E4A14046DAF80830DB
:109D00009847DAF8083020469847CCE7BDF890002D
:109D1000BDF89C30D5F89810288703449BB2039374
:109D2000A5F89E30BDF8923000915B00C5F8E83090
:109D30000023C5F89430A5F89C3005F1F803C5F868
:109D4000843005F1F403C5F8883005F1F60305F118
:109D5000F002C5F88C3005F1F7036A62C5F890305F
:109D600031B105F1EC038B6105F1F5034A62CB6576
:109D7000039BC5F8D820A5F8E430C5F8DC6097F857
:109D80006230019363B1019B10AA0DF1A60102EBB1
:109D9000430431F8023F5B0822F8023BA242F8D1AB
:109DA000BDF898309DF8B420089203449BB2099303
:109DB000B7F85C30BDF89A209DED2C8A02930A9288
:109DC00023B1BDF89E30029AB3FBF2F30493BDF8C1
:109DD00094300344A5F87C30BDF896301844DDF883
:109DE0007E30C5F87630BDF88230A5F87A30424B27
:109DF0002B64424B6B64424BAB64032385F8743095
:109E00000F23A5F88030009BA5F87E00002B00F002
:109E1000A081219B0693229B0793BDF88C3005936C
:109E2000019B0024CDE91844CDE91A44CDE91C4436
:109E3000002B00F0C0814FEA430A524628A90DF1D9
:109E4000660009F01BFF52462AA90DF16E0009F0C9
:109E500015FF009A029B1387049B5387294B53607D
:109E6000294B9360294BD360BA46C2E91344C2E937
:109E7000154419AB02F13A0B4832CDE90B58CDE944
:109E80000D67CDF83C90A046D1461F46924637F864
:109E9000025F2BF8025F3E891D49ABF808602F2254
:109EA000EC20FEF757F8EC2200210446002800F0D1
:109EB000CB8009F0B7FD174B174A2364174B636437
:109EC000A26499F81420013A042A00F29781DFE88D
:109ED00002F0B2B827B527000FB0371308020020F0
:109EE0007096010888960108109901080DB0371383
:109EF00018A2010828A2010885660008B9610008B7
:109F000025670008B165000825660008AD610008F6
:109F10004CA20108216C00088167000889670008CD
:109F20006FF00C00039B99F8111099F810C084F899
:109F300075101D44059BA4F87A30029BA4F87E306E
:109F4000049BA4F88030DDE90623ADB2002918BFD8
:109F50001A46D9F80410C4F87620A4F87C50C4E955
:109F60002110A74BD9F80810C4F88C10C4F89C3005
:109F700004F1E401A34BC4F8A0302246A24B616275
:109F8000C4F8D010A149C4F8A430C4F8D810009B7C
:109F900084F874C0760004F13C0004F1E801C4F8D0
:109FA000E060A4F89650A4F8DC50C4F8D430C4F8AB
:109FB000901042F8980BE263FCF7E6FB002875D09E
:109FC0002068C268904708F10108019B4AF8044FD5
:109FD0005FFA88F29A4209F11409FFF458AFDDE9FB
:109FE0000B58DDE90D67D5F89830DDF83C9000930B
:109FF000834BC5F8A430834BC5F8A830824BC5F815
:10A00000AC30834BC5F8E030009B05F13C00286084
:10A01000002B00F0AD80009AEA6305F1A003136005
:10A02000286883689847002852D17A4B7A4A1B697E
:10A030007A49984734E66FF00B0073E76FF00F0032
:10A0400070E76FF006006DE7C346DDE90E79DDE9E4
:10A050000C860B9DDFF8BCA10099714A0BF112032D
:10A0600001EB83035FFA8BF44FF0000BC3F804B0ED
:10A070006C49DAF81030584698479CB1009B00951F
:10A080001334E4B203F14C02554603EB84049246C8
:10A0900054F8040D08B1AB689847A245C4F800B065
:10A0A000F6D1009DD5F898300093A1E7DFF864A1C0
:10A0B000594ADAF810305C490B9DDDE90E79C34648
:10A0C000DDE90C869847DAF8083020469847C3E760
:10A0D0002868C3689847554AC8F804200023544AA2
:10A0E000C8F80C20C8F80830C6F80480A9F8023077
:10A0F00097F8625010A809F10A011A469C46DCB292
:10A10000A54222D9048821F8062C224492B2A9F84B
:10A1100002200133042B21F8024F00F10200EED19E
:10A12000B7F85C3089ED058A13FB02F3A9F800301B
:10A13000089B89F81830099BB3810A9BF38130464C
:10A140002FB0BDEC028BBDE8F08F21F806CC0024C7
:10A15000DFE72F4BC5F8E030294BC5F8A430294B79
:10A16000C5F8A83005F13C00274BC5F8AC30286095
:10A1700005F1A003EB6354E7B8F1000F09D0254CBB
:10A18000A368002D37D040469847A36828469847D3
:10A1900089E5002D3FF487AD1E4B28469B68984704
:10A1A00081E5DFF870A0002D3FF4ABADDAF80830A0
:10A1B00028469847A5E5009A029B1387049B53877E
:10A1C000019BC2E91333C2E915331A4B53601A4B92
:10A1D00093601A4BD3600E4BC5F8E030084BC5F8BE
:10A1E000A430084BC5F8A830074BC5F8AC3005F1D2
:10A1F0003C032B600FE74046984754E5002091E66A
:10A20000A16100082D670008B5610008ED6B00082A
:10A21000696100080802002060A2010818A2010874
:10A2200080A20108949901084CA2010891610008DC
:10A230000D620008B165000825660008AD610008E0
:10A240002DE9F04383B01D4643F440534FF000081E
:10A25000BDF82840ADF8003089461646694601230E
:10A26000032245F480550746ADF80280ADF804801E
:10A27000FDF7F2FBADF80050BDF9045004FA09F403
:10A280006C4004EA060255404346694638460222BD
:10A29000ADF80250FDF7E0FB03B0BDE8F08300BF6E
:10A2A00030B583B00025294600957B23FF22044664
:10A2B000FFF7C6FF0121009120468B230222FFF702
:10A2C000BFFF8B238022009507212046FFF7B8FFB0
:10A2D00003B030BD70B582B043F237020023009264
:10A2E000ADF804300322012369460546FDF7B4FBAF
:10A2F000BDF8043013F0C00F19D143F21C02012342
:10A3000000920024694603222846ADF80440FDF778
:10A31000A3FBBDF804301B0515D50E4B0E4A1E6974
:10A320000E4920462B46B047204602B070BD0C4B6C
:10A330001B78002BE1D0074B0A4A1C6907492B46C2
:10A340000120A047D9E72846FFF7AAFF012002B065
:10A3500070BD00BF08020020D0A20108A09501082E
:10A36000A0020020A4A20108002870B446DB002946
:10A37000034639DB88420A464BDA00250124294688
:10A380001B04B3FBF2F343F6284293425AD946F238
:10A39000D632934261D948F6720293425FD94AF6A7
:10A3A000494293425DD94DF2A30293425BD94FF2E9
:10A3B0004B72934298BF052045D94FF24C7648F234
:10A3C00033224CF2A3409B1B02FB03F300EB134030
:10A3D00014B1C0F5C9301F3015B1C0F549303F3058
:10A3E000C1B1404270BC7047494209B2884217DA95
:10A3F000002501240A4603462146C1E7404202B235
:10A400000029104614DB91420B4605DD99BB1D481F
:10A4100000E050BB70BC7047002401252146AFE727
:10A420000028DED000250B4602462C460121A7E776
:10A43000494209B28A424FF00105DADB0B4600249B
:10A4400029469DE70020104A02EBC00602EB80027D
:10A45000D6E93660D2F81021B5E70120F3E70220F3
:10A46000F1E70320EFE70420EDE700250B46024665
:10A470002C46294684E701251A462C46034600212E
:10A480007EE700BF209201006C5101082DE9F04FDA
:10A49000BFB00DF138090D469046019300F1020B53
:10A4A0003EAFCA46002440F6B73631E025B335F852
:10A4B000141001F01F0E4FEA912C0EF1300E00FB2C
:10A4C0000EF0C1F34411ACF1200C02FB0CFC00288F
:10A4D00001F1300102FB01F1B8BF3F30BCF1000FC8
:10A4E000B8BF0CF11F0C8011002900EB6C10B8BF35
:10A4F0003F3100B241F38F110134182C08BF002402
:10A50000FFF732FF4AF8040BBA450BF1040B0ED0EB
:10A51000BBF900203BF9020C02FB02FC00FB00CC63
:10A52000B4451146C2DC00203FB0BDE8F08F0DAC51
:10A530000DF1060109F15C05224652F8043F002B9B
:10A54000B8BF0F3302311B1195420B80F5D148463D
:10A5500004F0D2FC002254F8043F216EA542A3EB84
:10A5600001031A44F7D1124B83FB0213D217C2EB3B
:10A57000A31404F5994330334CF662129342D2D8B7
:10A5800002AE35460FCD4D4508F1100806F1100614
:10A5900048F8100C48F80C1C48F8082C48F8043C03
:10A5A000EFD1019B01201C803FB0BDE8F08F00BFC0
:10A5B000ABAAAA2A2DE9F04F9B461B68C2F51E667E
:10A5C000B34294BF9EB2B6B2884674084FEA5201B5
:10A5D00083B017464FEA81010CD0144B08EB84047A
:10A5E0001944434651F8042B5A80120C1A80043344
:10A5F000A342F7D10E4C851E04F1E20A04F1E409EE
:10A6000014F8013B35F8022F3946CDE900324046B7
:10A610004B463246FBF72CFEA24501D00028EFD175
:10A62000CBF8006003B0BDE8F08F00BFF07A0108FE
:10A63000985201082DE9F0432DED028B054683B0B9
:10A6400021B1354B0A689A420C467FD0334C344ACC
:10A650002369344900209847334A3249236900204E
:10A660009847002D53D0314B2A689A420FD02B4C7B
:10A670002F4A23692B49002098472E4A29492369EC
:10A68000002003B0BDEC028BBDE8F0431847686CB6
:10A6900060B1294B1B78012B06D9204B274A1B6937
:10A6A000204902209847686CFBF770FBA86C60B1EA
:10A6B000214B1B78012B06D9184B214A1B691949DC
:10A6C00002209847A86CFBF761FBE86C60B11A4B5D
:10A6D0001B78012B06D9114B1A4A1B69114902201C
:10A6E0009847E86CFBF752FB286D60B1124B1B7862
:10A6F000012B06D9094B144A1B690A4902209847C5
:10A70000286DFBF743FB686D002840F0E18103B042
:10A71000BDEC028BBDE8F08350D1C0AC0802002034
:10A720007C8F0108948F010814A3010830D1C0ACBC
:10A73000F08F0108B8A40108A0020020D0A40108ED
:10A74000ECA4010804A501081CA50108DFF87C930E
:10A7500099F80030012B84D9C44FC54A3B69C549DB
:10A760000220984799F80030012B7FF67AAFD4ED9C
:10A77000017A9FEDC17A9FEDC08AD7F81080DFED96
:10A78000BF6ABF4ABB49F5EEC07AF1EE10FA55BF79
:10A7900077EE877A77EE677ABA4BBB4BBCEEE77AF7
:10A7A00002208DED007A37EE887ABCEEC77AB8EEDB
:10A7B000477A77EEC77A67EEA67AFCEEE77ACDEDB8
:10A7C000017AC04799F80030012B7FF64AAFD4EDEB
:10A7D000027AD7F81080DFEDA96AAC4AA549F5EEF8
:10A7E000C07AF1EE10FA55BF77EE887A78EE677A84
:10A7F000A44BA54BBCEEE77A02208DED007A9FEDCD
:10A800009E7A37EE877ABCEEC77AB8EE477A77EE53
:10A81000C77A67EEA67AFCEEE77ACDED017AC047FB
:10A8200099F80030012B7FF61CAFA389984A914913
:10A830003E690220B04799F80030012B7FF611AF36
:10A84000A37BD7F810808B49013BDBB2042B96BF6A
:10A85000904A914B02EB83034FF0020098BFDB68F4
:10A860008E4AC04799F80030012B7FF6FAAE94F873
:10A8700028108B4A8B4B3E69002918BF13460220D3
:10A88000894A7C49B04799F80030012B7FF6E9AE40
:10A89000D4ED047A9FED787AD7F81080DFED776AEF
:10A8A000824A7449F5EEC07AF1EE10FA55BF77EEA0
:10A8B000877A77EE677A734B734BBCEEE77A0220A8
:10A8C0008DED007A9FED6C7A37EE877ABCEEC77A11
:10A8D000B8EE477A77EEC77A67EEA67AFCEEE77AAB
:10A8E000CDED017AC04799F80030012B7FF6B9AE63
:10A8F000237DD7F810805F49032B96BF654A664BCE
:10A9000002EB83034FF0020098BFD3F8A039684AE6
:10A91000C04799F80030012B7FF6A3AE627DD7F8CF
:10A920001080002A00F0E680624B5B49012A18BFC4
:10A930000B46614A4F490220C04799F80030012B6D
:10A940007FF68FAE238B5D4A4A493E690220B047AD
:10A9500099F80030012B7FF684AED4ED077A9FED95
:10A96000467A9FED458AD7F81080DFED446A544A55
:10A970004049F5EEC07AF1EE10FA55BF77EE877ACE
:10A9800077EE677A3F4B404BBCEEE77A02208DEDC5
:10A99000007A37EE887ABCEEC77AB8EE477A77EE5F
:10A9A000C77A67EEA67AFCEEE77ACDED017AC0476A
:10A9B00099F80030012B7FF654AED4ED087AD7F821
:10A9C0001080DFED2E6A3F4A2A49F5EEC07AF1EE9B
:10A9D00010FA54BF77EE887A78EE677A9FED268A70
:10A9E00054BF284B284BBCEEE77A02208DED007A4D
:10A9F00037EE887ABCEEC77AB8EE477A77EEC77A38
:10AA000067EEA67AFCEEE77ACDED017AC04799F8B9
:10AA10000030012B7FF625AED4ED097ADFED176A01
:10AA20003C691449F5EEC07AF1EE10FA55BF77EEA5
:10AA3000887A78EE677A134B134BBCEEE77A0220E4
:10AA400017EE102A9FED0C7A009237EE877A1E4A95
:10AA5000BCEEC77AB8EE477A77EEC77A67EEA67A89
:10AA6000FCEEE77ACDED017AA047FAE50802002076
:10AA70002CA30108948F0108BD37063500247449C2
:10AA800048A30108689501085496010860A30108CD
:10AA900074A301086C510108689601088CA3010891
:10AAA00058960108609601089CA30108C4A30108F8
:10AAB000E0A3010808A30108F8A3010810A40108F5
:10AAC00038A4010868A4010894A40108A002002089
:10AAD000094B1B78012B06D9084B094A1B69094908
:10AAE00002209847686D03B0BDEC028BBDE8F043CF
:10AAF000FBF74CB9044B1CE7A00200200802002021
:10AB00002CA50108948F010800A3010810B590F846
:10AB100040400368114A7CB9934207D0104B114A58
:10AB20001B69114920469847204610BD446D003CE2
:10AB300018BF0124204610BD934208D0084B094A93
:10AB40001B690949002001249847204610BD046D67
:10AB5000B4FA84F46409204610BD00BF30D1C0AC03
:10AB600008020020F08F0108948F01082DE9F047BA
:10AB700020B11A4B02689A42064608D0184B194A6F
:10AB80001B691949002098470020BDE8F087B0F8FC
:10AB900044C0BCF1000FF7D0DFF84490DFF850A0BC
:10ABA000DFF85080051D002408E0D9F810309847E0
:10ABB000B6F844C00134A3B29C45E5D955F8043F2A
:10ABC0000A4952460020002BEFD01F684745ECD1C0
:10ABD0001B79022BEED10120BDE8F08752D1C0AC29
:10ABE0000802002038A50108A09101080891010879
:10ABF000EC900108E1AFA10F70B5BDF91040BDF8B0
:10AC0000185005EE104ABDF81440002B00F0828069
:10AC1000002D7FD0DDF81CC0DDF820E004EE104AE6
:10AC20004E1E02EB4304F7EE004AFEEE003A0CEB38
:10AC300085055CE0591CB34200EB81014FD207EE61
:10AC4000903A11ED026AD1ED005A51ED016AF8EE29
:10AC5000677A35EEE67A37EEE43A76EE655A76EEC6
:10AC6000C66A65EEA75A77EEA42A27EE037A77EE36
:10AC7000A77A37EE257A62EEA65A77EEE47A37EEB7
:10AC8000257AF8EE445A27EE237A67EE877A37EE74
:10AC9000072A76EEE77A63EE076AF1EE671AC1EEED
:10ACA000822A66EE836A27EE227A36EE666A23EE01
:10ACB000273AB8EEC52A67EEA27A65EEA26A27EEB9
:10ACC000227A36EE436A37EE277A76EE826A36EEDD
:10ACD000076A66EE807ACCED007A8EED006AA242B9
:10ACE0000CF1040C0EF1040E14D0AC4512D032F865
:10ACF000023B002B9ED1F8EEC57AA24267EE807A25
:10AD00000CF1040C4CED017A0368CEF800300EF122
:10AD1000040EEAD170BD00BF08B507EE901A0138E5
:10AD2000F8EE677A9FED307AC0B204282DED028BE1
:10AD300067EE877A55D82D4B03EB800393ED000A1D
:10AD400030EE000A80EE270A06F0DCFEF0EE007A14
:10AD500030EE278AB6EE000A28EE000A06F0D2FE90
:10AD6000BCEEC07AFCEEC87A17EE103AB7EE006A75
:10AD700070EE465A99B217EE903AF0EE406A86EEBF
:10AD8000257A9AB29FED1A0A71B1002398B207EEA4
:10AD9000900AF8EE677A013367EE877A994267EE98
:10ADA000A77A30EE270AF1D138EE668AF7EE007AFC
:10ADB00038EE678A521A002A87EE887A0EDD002361
:10ADC00007EE903AF8EE677A013367EE877A9BB226
:10ADD00067EEA77A934230EE270AF1DBBDEC028BD7
:10ADE00008BD9FED030AADE70AD7233BC44E010817
:10ADF0000000000008B5431EDBB2042B98BF3F4A99
:10AE00002DED068B9ABF02EB830393ED00AA9FED15
:10AE10003CAAF0EE408AF0EE609AB0EE419AFFF75D
:10AE20007BFFF7EE000AB0EE408AB0EE680A07F04A
:10AE300043FAB4EE400AF1EE10FA12D6DFED317AA1
:10AE4000B4EE670AF1EE10FA0BDCDFED2F7AB4EE08
:10AE5000E70AF1EE10FA04DAB5EE400AF1EE10FA64
:10AE600047D0B0EEC87AB4EE477AF1EE10FA06D6C3
:10AE7000DFED247AB4EE677AF1EE10FA2DDD06F0FC
:10AE80004FFDB0EE407AB0EE480AB0EE478A06F0C9
:10AE900047FDB0EE407AB2EE040A69EE007A67EE42
:10AEA000887A77EEA97A77EEC77A77EECA7AC7EE14
:10AEB000800A06F065FD06F06FFEBDEC068B40F2E1
:10AEC000FF13BCEEC00A10EE102A90B2984228BFC1
:10AED0001846012838BF012008BDDFED0B7AB4EE1B
:10AEE000E77AF1EE10FACADAB5EE408AF1EE10FA1E
:10AEF000C5D1BDEC068B012008BD00BF5C4E01082A
:10AF000000000000FFFF7F7F000080002DE9F04F70
:10AF10002DED048BC9B020B1674B02689A42804680
:10AF200011D0664C664A2369664900209847664AF4
:10AF300064492369002098470024204649B0BDECAD
:10AF4000048BBDE8F08F5F494FF4BF724FF48670F9
:10AF5000FDF700F80446002801F05A864FF4867287
:10AF6000002108F05FFD594B23608C22002125A8A9
:10AF700008F058FD08F1040318461D460493FBF73A
:10AF8000B5FD002800F027812846FCF737FB00F0CC
:10AF9000010310F00E0F02931AD010F0060F13D019
:10AFA000860741F18884029B10F00C0F03F1010326
:10AFB0009BB201F01886450741F13F85029B0233A1
:10AFC0009BB20107029303D5029B01339BB202930C
:10AFD0000498FBF78BFD064600285CD00498FCF72C
:10AFE0000DFB10F0010200F00E0340F0F680E3B11B
:10AFF0001546DDF808E000234FF0010CAE4500F0E7
:10B00000060200F28081002A00F0788782074CBF98
:10B0100000F0FD0000F0FB000133013510F00E0FD1
:10B02000DBB2ADB201D0042BE8D1029B002B00F0C3
:10B030005481029B0025C3EBC30125AB03EB8101C7
:10B04000284605E01C33012A08BF3546994206D040
:10B050005A78002AF6D11C3399423046F8D1039031
:10B06000002D00F02581012684F84060FCF786FF62
:10B070000746002800F02B810498FBF737FD059068
:10B08000002840F079810D4D3846FBF755F803E074
:10B090003846FBF751F8094D2B690B4A0949002046
:10B0A00098470A4B22689A4214D02B69084A0549EE
:10B0B0000020984740E700BF50D1C0AC08020020F4
:10B0C0007C8F0108948F010854A5010830D1C0ACD1
:10B0D000F08F0108236D0020206053B19D4A19684C
:10B0E000914200F096802B699B4A9C499847002327
:10B0F0002365606E18B1FBF763F800236366606D2B
:10B1000050B1944B02689A427ED02B69924A93497F
:10B110000020984700236365A06E18B1FBF750F834
:10B120000023A366606C50B18A4B02689A4266D0D5
:10B130002B69894A89490020984700236364A06DE0
:10B1400018B1FBF73DF80023A365A06C50B1814B0B
:10B1500002689A424ED02B697F4A80490020984766
:10B160000023A364E06D18B1FBF72AF80023E36520
:10B17000E06C50B1774B02689A4236D02B69764A20
:10B180007649002098470023E364206E18B1FBF74E
:10B1900017F800232366D4F83C80B8F1000F16D0CE
:10B1A000B8F844200026C8F80060374662B1B31CE6
:10B1B00058F8230020B1AB6807609847B8F84420DE
:10B1C0000136F6B2B242F2D8AB6840469847AB6857
:10B1D00020469847B0E60290FAE6029A002A40F02C
:10B1E0001986002B79D0012503E70022AB680260A5
:10B1F0009847C8E70022AB6802609847B0E7002292
:10B20000AB680260984798E70022AB6802609847F5
:10B2100080E7AA6818601846904768E7C7F804B046
:10B2200018EE103A0C9A13444B44A3EB0B039BB259
:10B23000B3FBFAF33B81A7F80AA001233B75079BF8
:10B24000BB810A23BB7301233B7401237B74099BDD
:10B25000FB74069B002B40F0DB860A9B002B40F022
:10B26000CE8101230693069B87F86230012398F86C
:10B270002920A7F85C3087F86A2004F1DC01384601
:10B28000FEF7B4FC00283FF403AFA0666765FCF747
:10B2900075FE0546D8B13946FBF704FE04F1A4015A
:10B2A0002846FEF7A3FC002801F03280E564206602
:10B2B000039BABB90298D4E91412009098F81500DA
:10B2C00025ABFCF773FEE063002840F03D82244D7F
:10B2D000244A2B6924499847E3E600230393E9E7CE
:10B2E000002384F84030FCF749FE06460028EED0E3
:10B2F0000498FBF7FBFB002840F0E0833046FAF7A8
:10B300001BFF174DC8E6C5EBC50125AF0DF194092C
:10B3100007EB810798F814B009F821B0D8ED097A45
:10B3200098F8161098ED087AD8F81CA0B970B8F8FB
:10B330001810C7ED017AC7F808A087ED037A87F8DF
:10B3400001C03982002A00F0C78587F818C03B7514
:10B350005CE600BF0FB037137096010888960108AD
:10B360000802002054A50108948F01086666464033
:10B370000AD7233D0AD7233B0498FCF73FF900F096
:10B380000402069210F0080300F0020208900792EF
:10B390000A9340F00C85069B002B40F0D085079B5C
:10B3A000002B00F0BF85B8F80C5098F81420002D41
:10B3B00001F02C82042D294628BF042107EE101A23
:10B3C0005FED147A1FED166AF8EE476A032A66EEFF
:10B3D000A76A86EE267ABCEEC77A17EE103A13FB00
:10B3E00001F39BB207EE103AB8EE477A01F0C8833A
:10B3F00067EE277A98ED028A1FED247A78EE277A95
:10B40000F4EEC77AF1EE10FA41F1DA81002398F8F0
:10B410000EB009935846032828BF032029460792F7
:10B42000F0EE480AFBF7E8FA06F064FF089BD8ED57
:10B43000018A079A13F0010FB0EE408A40F06E8740
:10B44000002D00F08F87042D28BF042507EE905AA9
:10B450001FED387A5FED3A6AF8EE677AAA4667EE32
:10B46000877A2B4686EEA77A2E46BCEEC77A17EE71
:10B4700010BA1BFB05FB1FFA8BFBCDF830B0032A7B
:10B4800001F0E2824FF000091FED469A88EE890A2A
:10B4900006F082FBF0EE407A38EEE80AFDEEE79A1D
:10B4A00080EE090A06F078FBF0EE407AFDEEE77ACE
:10B4B00038EE680A17EE905A19EE903A80EE090AB3
:10B4C0001D4495FBF6F506FB05F30B93CDED079AAE
:10B4D00006F062FBFDEEC07A19EE903A17EE902A64
:10B4E0001A4492FBF6F206FB02F3AA4208EE103A67
:10B4F0000B9B04D118EE102A324408EE102AA3EB5D
:10B500000B03F8EEC88A5FED657A98ED049AA3EB19
:10B51000090B98F8163068EEA78A002B00F01C87FC
:10B52000012B00F015879C4D9C4A2B699C490020FB
:10B5300098479FED9C1A9C4EF0EE490AB0EE680ABF
:10B5400051460120FFF756FC3B680790B3423FF499
:10B5500065AE914D954A2B699549002098473B6807
:10B56000B3423FF45DAE2B69904A91490020984761
:10B570003B68B3423FF45FAE2B698C4A8C49002094
:10B5800098473B68B3423FF458AE2B69874A8849D5
:10B59000002098473B68B3423FF451AE2B69834A81
:10B5A0008349002098473B68B3423FF44AAE2B6979
:10B5B0007E4A7F49002098473B68B3423FF443AE40
:10B5C0002B697A4A7A49002098473B68B3423FF496
:10B5D0003CAE2B69754A7649002098473B68B342D8
:10B5E0003FF435AE2B69714A714900209847069B9C
:10B5F000002B40F00D850A9B002B01F07E8101237A
:10B6000098ED028A98F8142098F80EB0B8F80C500B
:10B6100006934FF0040A089B98ED015A590741F030
:10B62000FC80294658460A92FBF7B2F80A9A07901E
:10B63000002841F09D80079B0D93089B33F0080381
:10B640000D9B1CBF59008BB2032A0E9301F0AB81F6
:10B6500000230B93B4EEC58AF1EE10FA00F1558485
:10B6600007EE90AAF8EE677AB7EE007A78EE456AB0
:10B6700077EEC77A11AE86EEA77A0AF1FF39314626
:10B68000002293B201324A4507EE903AF8EE677A0B
:10B6900067EE877A77EE857AE1EC017AF1D348ABF1
:10B6A00003EB8A0202ED388A002508949FED418A57
:10B6B00034462E46079D0DF1580BB4EC010A80EE7E
:10B6C000080A06F069FAFDEEC07A17EE903A93FB8D
:10B6D000F5F305FB03F34BF826300136F3B29A4538
:10B6E000EBD80226089C354648AB03EB85035BF894
:10B6F000252053F8CC3C9A4206F101014FEA850C13
:10B700000BEB850005D0CEB2564580F06B8635B286
:10B71000EAE70CF10401B145594409D9731CDBB2C5
:10B72000AAEB03029200994538BF042208F08CFA74
:10B730005FFA89FAB24540F25386BAF1020F00F07F
:10B74000D3870AF1FF39CFE7A36C1293E36C14930C
:10B75000636D626C13930026236D134F1592666020
:10B760000DF1440A119301255AF8040B002833D037
:10B770000368BB4224D0084D0C4A2B690C490020B9
:10B780009847F31C23F003032E690B4A0B49A3606F
:10B790000020B04785E400BF080200202491010882
:10B7A0003C910108000000000FB0371370960108AB
:10B7B000889601080AD7233B54A50108948F0108F5
:10B7C00016A90430FEF7F4F9002800F04183BDF813
:10B7D00058309E4238BF1E460135ADB2062DC3D14A
:10B7E000F31CE26B23F00303C4E902331AB19C4B50
:10B7F000116899420BD09B4D9B4A2B699B490020B5
:10B8000098479B4A9B492B690020984749E4D2E915
:10B81000B335B3F5E86F38BF4FF4E863964F236153
:10B8200023684FF0000BBB4284F814B000F0BA80DC
:10B830008C4E924A33698F49584698472368BB42D9
:10B8400001F0ED8133698D4A8A495846984723684B
:10B850000122BB4284F8422084F8412008BF626D77
:10B8600000F0B1803369854A824958469847039B66
:10B87000002B00F0C28000230122A361A2830823D1
:10B8800004211D44C4E90A13281D4FF48033C4E980
:10B890000C50A363FCF772FB0646002800F0B3804F
:10B8A000774F0368BB4200F0B6806E4D754A2B6936
:10B8B0007549002098473368BB4200F0AF802B6980
:10B8C000704A7149002098473368BB4200F0A88055
:10B8D0002B696C4A6C49002098473368BB4200F0E2
:10B8E000A1802B69674A6849002098473368BB42AA
:10B8F00000F09A802B69634A6349002098473368B7
:10B90000BB4200F093802B695E4A5F490020984754
:10B910003368BB4200F08C802B695A4A5A49002098
:10B9200098473368BB4200F085802B69554A5649D9
:10B93000002098473368BB427ED02B69514A524958
:10B940004F4F002098473368BB4277D02B694D4A50
:10B950004D49002098473368BB4271D02B69494A52
:10B960004949002098473368BB426BD02B69454A50
:10B970004549002098473368BB4266D02B69414A4D
:10B9800041490020984704F16C013046FEF72EF93A
:10B99000002835D0A0652046666449B0BDEC048B14
:10B9A000BDE8F08F236D003B18BF0123626D83F06B
:10B9B00001031AB198F8141002294AD084F84130D2
:10B9C000012384F84230002A3FF451AF2C4B116818
:10B9D00099425FD0234B2B4A1B692B490020984783
:10B9E0000398002866D000230122A361A2830C23C0
:10B9F00008210420A284206243E70399042340E73E
:10BA00003046FAF799FB174D194A2B69194900205E
:10BA10009847FFF746BB6FF01D0343603223338125
:10BA2000012373814023B3811023B3730123F37384
:10BA300001233374012373740123B3740123337519
:10BA40000223F3740123A6F85C30012386F86230E8
:10BA500099E784F84130002384F84230B3E700BF0F
:10BA600052D1C0AC0802002038A50108A0910108FD
:10BA700054A50108948F010830D1C0ACF08F0108A3
:10BA80000FB0371370960108889601080AD7233D36
:10BA90000AD7233B039892F8622020B101210023AA
:10BAA000A183A3610420002A00F0DB8600EB820161
:10BAB0000B1D9FE70823042101229BE70498FBF755
:10BAC0009DFDC2077FF51AACB8F80C5098F8142009
:10BAD000049029460120FAF78FFF98ED025AD8ED1D
:10BAE000018AF0EE400AB0EE450A06F003FC049B22
:10BAF000B0EE408A002D00F09A87042D28BF04255F
:10BB000007EE905AB8EE677A5FED1F7A5FED216A13
:10BB100027EE277AAB46C6EE877AFCEEE77A17EE79
:10BB2000902A12FB05F292B2174613F0060F5FED52
:10BB3000289A1CBF520093B288EEA90A14BF9A46F5
:10BB4000BA4606F029F8B0EE409A38EEE80A38EE28
:10BB5000688A80EE290A06F01FF8F0EE408A88EE27
:10BB6000290A06F019F8BDEEC99AFDEEC07A19EE61
:10BB7000102A17EE903A134493FBF5F305FB03F9F3
:10BB800007EE909AF8EEE77A98ED048A67EEA99AA4
:10BB9000FDEEE87A17EE903A134493FBF5F305FBBC
:10BBA00003F3DB1B049398F81630002B00F0B087EA
:10BBB000012B00F0A987A74DA74A2B69A7490020B0
:10BBC00098479FEDA71AA74FF0EE480AB0EE690A12
:10BBD00059460120FFF70EF933680590BB4200F08B
:10BBE0005E839C4DA04A2B69A0490020984733688A
:10BBF000BB4200F056832B699B4A9C490020984722
:10BC00003368BB4200F04F832B69974A9749002065
:10BC100098473368BB4200F048832B69924A9349A6
:10BC2000002098473368BB4200F041832B698E4A5D
:10BC30008E49002098473368BB4200F03A832B6955
:10BC4000894A8A49002098473368BB4200F0338311
:10BC50002B69854A8549002098473368BB4200F02C
:10BC60002C832B69804A8149002098473368BB4266
:10BC700000F025832B697C4A7C4900209847336873
:10BC8000BB4200F01E832B69774A7849754F00202C
:10BC900098473368BB4200F016832B69724A734998
:10BCA000002098473368BB4200F00F832B696E4A2F
:10BCB0006E49002098473368BB4200F00E832B6921
:10BCC000694A6A49002098473368BB4200F00783FD
:10BCD0002B69654A6549002098473368BB4200F0EC
:10BCE00001832B69604A6149002098473368BB4251
:10BCF00000F0FA822B695C4A5C490020984733685F
:10BD0000BB4200F098872B69574A58490020984752
:10BD10003368BB4200F0A3872B69534A5349002084
:10BD200098473368BB4200F095872B694E4A4F49CC
:10BD3000002098473368BB4200F0DF822B694A4AF3
:10BD40004A49484F002098473368BB4200F07B8740
:10BD50002B69454A454900209847326898F82930B0
:10BD6000BA4200F0D2822B693F4A404900209847EE
:10BD700004F1C0013046FDF739FF00283FF4BEAAA8
:10BD800060662665FCF7FAF8054600283FF49FAA8E
:10BD90003146FBF787F804F188012846FDF726FFB6
:10BDA000002800F0B582A564E065FFF783BA98F833
:10BDB0000EB0B8F80C5058462946FAF7E9FC0028AE
:10BDC00040F0578505EE100A98F81420032AB8EEC3
:10BDD000455A00F01E86DFED267A98ED028A9FED27
:10BDE000257A65EE277A77EE887AF4EEC77AF1EE57
:10BDF00010FA47D5BBF1010318BF01230993079B34
:10BE0000002B7FF407AB069B002B40F0A7844FF07C
:10BE1000050A00E4D8F824202692D8F81C2027929E
:10BE2000D8F82020289202228DF894208DF8AC209A
:10BE300098F816208DF89620B8F81820ADF8A420B0
:10BE400001228DF8A920002B7FF4CDA9FFF7F1B8CE
:10BE5000004D96E408020020249101083C9101085D
:10BE6000000000000FB03713709601088896010893
:10BE70000AD7233B666646403333A34033334B41F6
:10BE8000000094411FED047AF4EEC77AF1EE10FA47
:10BE900000F1D685B1EE0C7AF4EEC77AF1EE10FA25
:10BEA00000F1E3841FED0B7AF4EEC77AF1EE10FA9D
:10BEB00000F180851FED0E7AF4EEC77AF1EE10FAEC
:10BEC0004CBF042305230993079B002B00F0DC8162
:10BED00098F80EB0FFF79EBA02983A76A84203F19E
:10BEE000010106D93A7E07EB020C01328CF81430BE
:10BEF0003A76CBB2042BF1D1FFF797B8C5EBC50763
:10BF000025AA029802EB8707E8E7394D394A2D69DF
:10BF100039490020A847002305930AF1FF3911AEE3
:10BF2000FFF7C2BB354B324D1B78002B3FF4ACA85A
:10BF30002B69334A304930469847FFF7A5B8B8F81F
:10BF40000C502E46002D00F089840E2D294628BF66
:10BF50000E211823B3FBF1F301FB03F3C3F1180324
:10BF60009BB25BB11822013989B2B2FBF1F301FB3C
:10BF700003F3C3F118039BB2002BF4D107EE901A20
:10BF8000F8EE676ADFED217A9FED1F7A98F81420AA
:10BF900066EEA76A032AC7EE267A9246FCEEE77A97
:10BFA00017EE903A13FB01F39BB207EE903AF8EECE
:10BFB000677A00F058859FED157A98ED028A67EE52
:10BFC000877A9FED107A77EE887AF0EE488AF4EE61
:10BFD000C77AF1EE10FA40F13084079B002B00F095
:10BFE000718598F80EB001230993FFF713BA00BFCB
:10BFF000080200209CA50108549A0108A002002014
:10C0000078A5010866664640295C0F3E0AD7233BA7
:10C0100002250123CDE90653D8ED028AB8F80C6059
:10C0200098F814A098F80EB098ED015A524631468F
:10C030000320FAF7E1FCF0EE400AB0EE450A06F004
:10C040003BF9584652463146F0EE409AF0EE680A07
:10C05000FAF7D2FC06F04EF9B0EE408A002E00F05E
:10C060007F810E2E28BF0E261823B3FBF6F306FBA6
:10C0700003F3C3F118039BB25BB11822013EB6B2C1
:10C08000B2FBF6F306FB03F3C3F118039BB2002BDC
:10C09000F4D107EE906AB8EE677A5FED247A5FED2F
:10C0A000266A089A27EE277A9007C6EE877AFCEE72
:10C0B000E77A17EE903A13FB06F39BB20B9316BF89
:10C0C0005B00DDF82C901FFA83F9BAF1030F00F042
:10C0D00075844FF0000A1FED339A89EE890A05F046
:10C0E0005BFDF0EE408A39EEE90AFDEEE88A80EE6B
:10C0F000090A05F051FDF0EE407AFDEEE77A38EEE0
:10C10000690A17EE903A18EE902A80EE090A134455
:10C1100093FBF6F505F040FD05FB06FBFDEEC07A4E
:10C1200018EE902A17EE903A134493FBF6F306FBB1
:10C1300003F2AB4208EE102A03D11346334408EE53
:10C14000103AABEB0902A2EB0A03B8EEC80A5FEDA6
:10C15000517AD8ED040A9B4698F8163020EE270A4B
:10C16000002B00F02A83012B00F02483934D944A86
:10C170002B699449CDED0D0A00208DED0C0A9847EE
:10C180009FED961A9DED0C0ADDED0D0ADFF8409249
:10C1900031460320FEF72EFE3B680C904B4500F025
:10C1A000AF83864D884A2B698849002098473B68B1
:10C1B0004B4500F037852B69834A84490020984716
:10C1C0003B684B4500F034852B697F4A7F4900204E
:10C1D00098473B684B4500F028852B697A4A7B4994
:10C1E000002098473B684B4500F0AC832B69764AAA
:10C1F0007649002098473B684B4500F0A9832B699E
:10C20000714A7249002098473B684B4500F0A6836D
:10C210002B696D4A6D49002098473B684B4500F0FB
:10C22000A3832B69684A6949002098473B684B45BE
:10C2300000F0A0832B69644A6449002098470A9B58
:10C24000002B40F0A183624E3B68B3423FF40BA841
:10C250005A4D5D4A2B695D49002098473B68B342BF
:10C260003FF404A82B69584A5849002098473B6876
:10C2700098F82920B3423EF4FEAF2B69524A534945
:10C2800000209847FEF7F9BF069B002B40F0648220
:10C290000A9B002B3EF4F7AE98F80EB0B7E50023EA
:10C2A0007360012333810123738104233375059B5C
:10C2B000B3810F23B37301233374012373740123F8
:10C2C000B3740123F374049BB361049A53464B4443
:10C2D0009B1A9BB2B3FBFBF3B383A6F81EB00123FA
:10C2E00086F82830059B3384052386F8223040F2F7
:10C2F0000113B384012386F82730022386F86230C5
:10C300000A23A6F85C3098F8293086F86A302FE5C1
:10C310002846F9F711FF294DFEF7BEBE2946012038
:10C32000FAF76AFBF0EE400AB0EE680A05F0C4FFC7
:10C33000079AF0EE408A0DBB032A00F043840426DE
:10C340001023A9464FF0200B0C93B246FFF79CB880
:10C35000B0EE001AFFF7EFB8B1EE001AFFF7EBB836
:10C360000E268AE6032A00F0DD834FF0100B042628
:10C37000A946CDF830B0B246FFF786B8042D28BFE5
:10C38000042507EE905A9FED147ADFED126AF8EE5D
:10C39000677AAA4667EE877A2E4686EEA77ABCEEC3
:10C3A000C77A17EE103A13FB05F39BB24FEA430B23
:10C3B0000C931FFA8BFBFFF762B800BF0802002046
:10C3C000249101083C9101087096010888960108A3
:10C3D0000FB037130AD7233D0AD7233B00000000D4
:10C3E0000AF1FF395FFA89F1059B002B3EF44BAE51
:10C3F0004B1E5D460A931FED089A5FED089ADFF821
:10C40000E4B2069E059100239A460F94D5F8009059
:10C4100055F8043FBAF1000F05D10E9AA9EB0209B5
:10C420000B9AA9EB02090A9A524500F0C6800C93B8
:10C4300007EE903A98F81620D8ED048A98F80E3056
:10C44000B8EEE78A28EE098A002A00F0B380012AB4
:10C4500000F0AD809D4C9E4A24699E4908930020BF
:10C46000A047089BB0EE691A18460799F0EE680AD3
:10C47000B0EE480AFEF7BEFC3B6808905B455FD013
:10C48000924C954A23699549002098473B685B4543
:10C4900000F099802369904A9049002098473B68B2
:10C4A0005B4500F0238123698B4A8C490020984723
:10C4B0003B6898F80E205B4500F007822369864AA6
:10C4C0008649002098473B685B4500F0308123692E
:10C4D000814A8249002098473B685B4500F01C81F7
:10C4E00023697D4A7D49002098473B685B4500F001
:10C4F00009812369784A7949002098473B685B4560
:10C5000000F01F812369744A7449002098473B68F2
:10C510005B4500F0D68023696F4A70490020984738
:10C52000059A0AF1010A5FFA8AF301369342F6B2DC
:10C53000FFF46CAF069B0F9C1344DBB2069382E6BC
:10C54000032E00F2B2800C9B079AA3EB09039BB267
:10C55000B3FBF2F306EB860207EB82021381C2F80B
:10C560000490B3009A1907EB82020799518198F859
:10C570000E109A1907EB820211759A1907EB8202C5
:10C58000089991819A1907EB82020A2191739A19ED
:10C5900007EB8202012111749A1907EB8202012133
:10C5A0005174334407EB8303099ADA74B8E7B0EEA9
:10C5B000001A59E7B1EE001A56E70D9A0B991A4482
:10C5C0000A440C9234E7032E40F289812369444ADD
:10C5D0004249002098473B685B4539D023693E4A71
:10C5E0003E49002098473B685B457FF467AF23696D
:10C5F0003B4A3A49002098473B685B4539D023695C
:10C60000354A3649002098473B685B457FF468AF60
:10C610002369334A3149002098473B685B4539D04C
:10C6200023692D4A2D49002098473B685B457FF4DC
:10C6300069AF23692A4A2949002098473B685B452E
:10C640007FF469AF2369264A24490020984767E7A9
:10C650002369234A2149002098473B685B45C6D09F
:10C6600023691D4A1D49002098473B685B457FF4BC
:10C670002EAF23691A4A1949002098473B685B4549
:10C68000C6D02369144A1549002098473B685B458A
:10C690007FF42FAF2369124A1049002098473B6866
:10C6A0005B45C6D023690C4AC5E7084C0C4A236990
:10C6B0000A49002098473B685B4587D02369064AB2
:10C6C00086E7032EBED8B3006BE700BF0802002048
:10C6D000249101083C910108709601088896010890
:10C6E000209A01080FB0371301217DE6032EAFD841
:10C6F00006EB860307EB8303079A5A8198F80E101E
:10C70000B30036E7032EC5D806EB860307EB830399
:10C7100001221A74B3003FE7032E3FF679AF06EB10
:10C72000860307EB83030A229A73B3002FE7032ED5
:10C730009FD806EB860307EB8303089A9A81B30020
:10C7400020E7032E3FF675AF06EB860307EB830366
:10C7500001225A74B30024E798F80EB04FF0010C90
:10C760000023CDE906C3F0EE488A2E4692465BE4EC
:10C770000BF1FF3107EE900AC8B2042894BFD549E7
:10C78000DFEDD56A079BB8EE677ADFEDD47A9CBF00
:10C7900001EB8001D1ED006A27EE277AC6EE877A99
:10C7A000FCEEE77A17EE901A11FB03F18BB20D93B2
:10C7B000FEF743BFB0EE001AE8E4B1EE001AE5E47C
:10C7C0009FEDC77AF4EEC77AF1EE10FA3FF509ACA7
:10C7D000B1EE0C7AF4EEC77AF1EE10FA00F19C811A
:10C7E0009FEDC07AF4EEC77AF1EE10FA00F1C28143
:10C7F0009FEDBD7A98F80EB0F4EEC77AF1EE10FA1C
:10C8000000F1DC8105230993FEF704BE032A00F042
:10C81000DC81DFEDB67AFEF7EDBD2946584607927A
:10C82000FAF7EAF8F0EE400AB0EE450A05F044FDEA
:10C83000079AB0EE405AFEF7F4BE9FEDA97AF4EEE7
:10C84000C77AF1EE10FA7FF525AB079B98F80EB08A
:10C85000002B7FF4C8AB012309937FE70E21FFF77C
:10C8600081BB031D0146FFF70CB802230993FFF7B4
:10C870002BBB0BF1FF33DBB2042B07EE900A94BF06
:10C88000944ADFED956AB8EE677ADFED947A9CBF43
:10C8900002EB8303D3ED006A27EE277AC6EE877A90
:10C8A000FCEEE77A17EE903A13FB00F39BB205EE2D
:10C8B000103AFFF789BA029B01339BB210F00A0FBE
:10C8C00002937EF481ABFEF783BB032E3FF68FAE5F
:10C8D00006EB860307EB83031A75B3004DE60C9B4A
:10C8E000079AA3EB09039BB2B3FBF2F306EB8602B4
:10C8F00007EB82021381B30034E601230693A2E41E
:10C90000079A02EB820307EB83039200C3F804B09B
:10C9100018EE101A0B9B0B44534459465B1A0799A7
:10C92000511807EB81019BB2B3FBF6F30B81079B18
:10C93000D31807EB83035E81079BD31807EB8303B0
:10C9400003221A75079A142303FB02730C9A9A8127
:10C95000079A142303FB02730A229A73079A14237B
:10C9600003FB027301221A74079A142303FB027358
:10C9700001225A74079A142303FB0273099ADA748A
:10C980000A9B002B3EF46FAC069B98ED028A98F848
:10C99000142098F80EB0B8F80C50C3F105035FFAF4
:10C9A00083FAFEF738BE07995846F9F735FF0B9022
:10C9B000FEF750BE03230993FFF786BADFED4E7AE8
:10C9C000B4EEE77AF1EE10FA40F3C0809FED486ACA
:10C9D000C6EE077AF7EE006AF4EEE67AF1EE10FAA8
:10C9E000C8BFFCEEE77ADFED436AC8BF17EE903AA6
:10C9F000C6EE877ACCBF9BB20123FCEEE77A17EE36
:10CA0000902A13449BB213FB06F31FFA83FAFFF735
:10CA100062BB014658460992F9F7FEFE07EE900AFE
:10CA2000F8EE677A099A35EE275AFFF7D4B904254C
:10CA300010273A46AB46FFF778B80293FEF7C4BA20
:10CA400001230993FFF740BA9FED2B7AF4EEC77AE2
:10CA5000F1EE10FAD8BF02237ADC1AFB03F31FFAB7
:10CA600083F9FEF711BD9FED247AF4EEC76AF1EE6B
:10CA700010FA40F3B480DFED1E5A85EEA67AB7EEC9
:10CA8000006AB4EEC67AF1EE10FAC8BFBCEEC77AFF
:10CA90009FED186AC8BF17EE103A86EE267ACCBF13
:10CAA0009BB20123BCEEC77A17EE100A034413FBB6
:10CAB00001F39BB207EE103AB8EE477A77EE877A29
:10CAC000FFF779BA012398F80EB006930993FFF7A0
:10CAD000ABBA00BFC44E0108000000000AD7233BD8
:10CAE0003333A34033334B41000094410AD7233DF5
:10CAF000295C0F3D295C8F3EACC527370AD7233B05
:10CB00000AD7A33D0AD7233CB0EE001AFFF75BB863
:10CB1000B1EE001AFFF757B8022398F80EB0099348
:10CB2000FEF778BC4FF0100B102304265FED0B7A54
:10CB30000C93B24601235FED0E6A86EEA77ABCEE37
:10CB4000C77A17EE102A13449BB286E702235AE7EE
:10CB50001FED146A86EE277AF7EE006AB4EEE67AE5
:10CB6000F1EE10FAC9BFBCEEC77A012317EE103AF6
:10CB70009BB2E0E7032398F80EB00993FEF74ABC96
:10CB80005FED237AF4EEE76AF1EE10FA2EDCF7EEB1
:10CB9000007A0126FCEEE77A5FED286A17EE903AFC
:10CBA0001E4416FB01F39BB207EE903AF8EE677A4B
:10CBB00077EE877A67EEA67AFEF71CBC042309930A
:10CBC000FEF728BC4FF0200BAEE75FED326AB3EE04
:10CBD000007A04211FED366AC6EE267ADAE7B7EE50
:10CBE000007A01235EE70293FEF7F2B95FED3B5A4C
:10CBF000C5EEA67AB7EE006AF4EEC67AF1EE10FA48
:10CC0000C9BFFCEEE77A012617EE903A9EB2E1E743
:10CC1000164B174A1B6917499847FEF78DB95B46B3
:10CC2000FEF7C4BE079B9A0072E6079B9A0083E654
:10CC3000079B9A007BE640F20113B384012386F838
:10CC40002730FFF75ABB0A23A6F85C3098F8293042
:10CC5000FFF75BBB012386F82730FFF74EBB0123AC
:10CC600086F8273086F82530FFF747BB08020020FA
:10CC700054A50108948F01084FF0000C92ED037A3F
:10CC8000DFED257AC3F800C0C3F804C0C3F808C0BC
:10CC9000C3F80CC0D9B302EB001C084402EB00122D
:10CCA000F0EE676AB0EE676ADCED005A36EE256A90
:10CCB0000CF1100C83ED006A5CED035A76EEA56A68
:10CCC000C3ED016A5CED025A77EEA57AC3ED027AF4
:10CCD0005CED015AB4EE657AF1EE10FA48BFB0EEA1
:10CCE000657A6245E0D105EE901AF8EE655A83ED5B
:10CCF000037A86EE255A012086EEA56A87EEA57A8C
:10CD000083ED005A83ED016A83ED027A7047F0EEFD
:10CD1000676AB0EE676AE6E700000000012952D0BA
:10CD20002DE9F04F4FF0000885B0894605461746BB
:10CD300001F1FF3A43466C46A9EB0303012B03F1D3
:10CD4000FF3636D04FF0000EF44617E0B4EEE66A38
:10CD5000F1EE10FA0BD59CE80F0084E80F009BE879
:10CD60000F008CE80F0094E80F008BE80F000EF125
:10CD7000010E1FFA8EFEB645F4461AD205EB0C1BC7
:10CD8000DC469CED007A9CED026ADBED047ADBED7B
:10CD9000066A0BF1100B002FD8D1B4EEE77AF1EE52
:10CDA00010FAD8DC0EF1010E1FFA8EFEB645F446DD
:10CDB000E4D308F101081FFA88F8D0454346BBD3F5
:10CDC00005B0BDE8F08F70472DE9F0418CB000222E
:10CDD000CDE909220B92012204460D4609AB11460A
:10CDE0001046FAF7D7FC9FED306A20462E4604F134
:10CDF000C8022B46B0F9021007EE101A30F9041BD6
:10CE0000B8EEC77A07EE901A67EE066AF8EEE77A90
:10CE100083ED017A77EEA67A904203F1080343EDA1
:10CE2000027AE7D132232A4609A82946FAF708FDF3
:10CE300005F5C8782F462C4694ED000AD4ED010A7A
:10CE400006F0DEFB08344445A7EC010AF4D10021CA
:10CE50009FED157A0A46F6EC017AF4EEC77AF1EE08
:10CE600010FAC8BF8AB201F10101C8BFB0EE677AFB
:10CE70003229F0D1ADF81A2007AA049208AA01239A
:10CE800003926FF01D020092CDE901339FED070A76
:10CE9000002428460DF11A020894FDF7ADFE9DED21
:10CEA000080A0CB0BDE8F081000000000AD7233B5F
:10CEB0002DE9F04F2DED028B8DB0154607901C46E5
:10CEC0000E46002900F05E81DFF8E0820B684345E2
:10CED00000F0C380B04FB14A3B69B1490020984788
:10CEE0003368434500F055813B69AC4AAC490020AA
:10CEF00098473046F9F708FD0123824606934FF024
:10CF0000000909EB890306EB83030393DFEDA58A90
:10CF10009FEDA58A0494002305EBCA040293002E1A
:10CF200000F0EB803368A14A934200F0A4809A4F4E
:10CF30009A4A3B699A490020984733689B4A934232
:10CF400000F0B8803B69954A9549002098473368BE
:10CF5000964A934200F0DD803B69904A9049002058
:10CF60009847012202200021174609ABFAF712FC6C
:10CF700000286DD0BAF1000F00F0AC80079B9A1C1E
:10CF8000029B02EB83022B46B2F9001007EE101A47
:10CF900032F9021CB8EEC77A07EE901A67EE086AFB
:10CFA000F8EEE77A83ED017A77EEA67A083343ED5F
:10CFB000027A9C4202F10402E6D1BAF1060F40F275
:10CFC0008980294653462A4609A8FAF739FCAAEB74
:10CFD000470189B2002900F08D80059405EBC70751
:10CFE00005EB81082C468B4697ED000AD7ED010A28
:10CFF00006F006FBA4EC010AA04507F10807F3D1EF
:10D00000059C9FED697A59462B46F3EC017A67EE51
:10D01000A77A984537EE277AF7D107EE901AF8EEFF
:10D02000677A029AC7EE276A52440292039A143230
:10D030000392049A09F101095FFA89F3F1EEE67AA5
:10D04000E2EC017A0492069A9A423FF668AF012018
:10D050000DB0BDEC028BBDE8F08F91F86230069305
:10D06000304696F81290F9F74FFC069B9945824698
:10D07000FFF447AFEBE75FFA89F3032B7AD9464F0A
:10D080004B4A3B694649002098473368474A9342D8
:10D090007FF458AF3B69464A4149002098473368BE
:10D0A000424A93427FF458AF3B69414A3C490020D1
:10D0B000984756E75FFA89F3032BEBD8039B187D5B
:10D0C000012209EB890306EB8303598900293DD12D
:10D0D00001274AE7304B3749D3F810B0364A0723C7
:10D0E000009300205346D847AAEB470189B2002994
:10D0F0007FF473AF9FED2C7A8FE7274F274A3B6968
:10D10000274930469847254A25493B693046984784
:10D1100022E75FFA89F3032BC6D8039B59890029BC
:10D120003FF41FAF07EE901AB8EE677ADFED1D7A75
:10D13000DFED226A27EE277A01220220C6EE877AE7
:10D14000FCEEE77A17EE903A9FB20EE7431EDBB291
:10D15000042B07EE901A98BF194FB8EE677A98BF64
:10D1600007EB830327EE287A94BFD3ED006AF0EE35
:10D17000486AE3E7039B5A68187D272ACCBF002240
:10D1800001229EE7044F054A3B690549304698470E
:10D19000AAE60123069363E70802002070960108BF
:10D1A000889601080AD7233B000000000FB0371310
:10D1B000209A0108F4A50108C0A50108295C8F3D4B
:10D1C000C44E01082DE9F04F2DED0A8B95B0B0F853
:10D1D0006070029343799DF8A0B0B0F83090064695
:10D1E00001EB8707002B50D0C56EB9F1000F40D07E
:10D1F0009FEDCE6A2B4607EB8902B7F9021007EEC6
:10D20000101A37F9041BB8EEC77A07EE901A67EECA
:10D21000066AF8EEE77A83ED017A77EEA67ABA42EB
:10D2200003F1080343ED027AE7D1B9F1060F22D9E1
:10D230004B462A46294606F14800FAF701FB338F90
:10D24000F46E728F83B1254605EB830604EBC204AE
:10D2500094ED000AD4ED010A06F0D2F9A5EC010A1A
:10D26000AE4204F10804F3D115B0BDEC0A8BBDE861
:10D27000F08F4FF00009AE4AAE491469AE4A072359
:10D28000009300204B46A047D9E709F101059446D9
:10D29000AC0001230AAA02EB83020133086842F8BA
:10D2A000040C0B2B2144F5D10595CDE903769FEDB8
:10D2B000A39ADFEDA38A9FED9D8A0AAC0DF1500A77
:10D2C000E046654609E0002E40F0D58085ED008AF5
:10D2D0000434A24505F104051BD0B4F90070B4F97B
:10D2E0000260002FEFD007EE907AB8EEE70A07EE63
:10D2F000906AF8EEE77A87EE800A06F093FA002F3C
:10D30000C0F2BF800434A24505F1040505ED010A11
:10D31000E3D1DDE90376059DC446BBF1000F10D0D3
:10D3200096ED157ADFED877A27EE277A08F1280245
:10D330004346D3ED007A77EE277AE3EC017A9A42FE
:10D34000F7D1029B002B40F0C580F56ED6F8B820CF
:10D35000D6F8AC30B9F1000F8BD0CDE9085602F108
:10D36000280A09F1010B9FED719A0692B2EE04AA08
:10D3700052461FFA8BFB28460021CDF81CC09A4666
:10D380004C1C9FED6ABA0D46A1B2DDE90668CDE9F5
:10D390000410F0EE4BBA0C4657E0D8ED007A96ED4B
:10D3A000000A30EE670A60EE097A79EE400A77EEFD
:10D3B000897AF4EE607AF1EE10FA80F1C980B0EE6D
:10D3C000490A039206F064F90AEB850CF0EE409AE4
:10D3D000BCF90230039A00EE103AB8EEC00A3AF9EE
:10D3E000253020EE091A70EE091A0CEE103AB4EE50
:10D3F000611AF1EE10FAB8EECCCAF0EE60AA80F134
:10D40000B28031EE0C1A2AEEA16A29EE817A6AEE18
:10D41000817A69EEA16A37EE467A77EEA67AF4EE63
:10D42000477AF1EE10FA73D638EEC77A78EE677A5B
:10D430007BEE87BA3BEE27BA04365C444D44B242D9
:10D44000A4B2ADB208F1040822D007EB840CBCF9F9
:10D45000023008EE103A37F9243008EE903A029B79
:10D46000B8EEC88AF8EEE88A002B96D07BEEA8BA10
:10D470003BEE08BAE0E7D6BF334BC5ED008A2B6020
:10D4800026E7002E21DB30EE090A85ED000A1FE7B2
:10D490008BEE0A0ADDE904108BEE8A8A20EE097A07
:10D4A00070EE097AB4EE677AF1EE10FA69D638EECA
:10D4B000078A8945C0ED017A80ED008A00F10800F5
:10D4C0007FF45EAFDDE90856AFE6DFED1C7A30EEA3
:10D4D000670A17E700244A46E046294601E0328EF3
:10D4E000511C11FB04F189B2081BD6F8AC30013194
:10D4F00080B289B2920007EB810103EB8000013416
:10D5000006F0BCFB0A2CEAD1B6F83090C4461CE702
:10D51000F0EE6A0AB0EE690A039207F081F9039A05
:10D52000B0EE407AF0EE607A7EE700BF00000000C7
:10D5300008020020F4A50108C0A50108DB0F49403E
:10D54000DB0FC93FCDCC4C3DDB0FC9BF0000000055
:10D550001FED021A0392FFEE001AF0EE410A07F0E7
:10D560005FF9039A2DE71FED071AF7EE001AF0EEA8
:10D57000410A07F055F9039A70EE891AB0EE401A85
:10D580003FE71FED0E1A0391F7EE001AF0EE410A85
:10D59000CDE9040207F044F9DDE9040270EE897A6E
:10D5A0000399B0EE407A82E72DE9F04105462DED72
:10D5B000028B0E461F4682B91032012035F8123018
:10D5C000089A07EE903ABDEC028BF8EE677AC7ED49
:10D5D000007A33681360BDE8F081294B90F81D8014
:10D5E000D3ED008AB0EE408AF8EE688A9FED250AF6
:10D5F00080EE280A04F0D0FA0024B5F828C0E86AC2
:10D6000068EE808AB3EE087A68EE878AF7EE007AD1
:10D6100087EEA87ADFED1C6A27EE267AF6EE007A0E
:10D6200027EE277A02E0CCB2A0451ED305EB4403D7
:10D63000611C9A8F12FB0CF210FA82F307EE903AFB
:10D64000F8EEE77A67EE877AB4EEE78AF1EE10FA41
:10D65000E9D554B1A04508D3621ED2B2032A04D83A
:10D66000AB185B7E06EB8306A6E7084B084A1B69EE
:10D67000084900209847BDEC028B0020BDE8F081EE
:10D680009C020020F902154FC2F38E4D08020020C3
:10D690000CA601080891010870B483B02C4D0468F1
:10D6A00000238DF803302B682E68C3F164031A44FD
:10D6B000284B1B6803EB8303C3EBC3031B0D02FB67
:10D6C00003F301930FE0B1F5C06F05D1237BDBB20B
:10D6D0008DF803309DF803302B689B1B934209D2D1
:10D6E000019B2BBB1A46A3680B40ECD1184603B034
:10D6F00070BC70476368426823F0E003B2F5827F34
:10D70000636019D0836AB3F5005F07D1236823F4FF
:10D7100000532360236843F4005323600122002355
:10D7200080F85D2080F85C30032003B070BC704747
:10D73000019B013B0193D6E78368B3F5004F02D00C
:10D74000B3F5806FDED1236823F040032360D9E76F
:10D75000940200200000002030B4284C284B22689E
:10D760001B682568C2F16402114482B0C3F3CB3355
:10D7700001FB03F302680193936813F0800328D040
:10D7800023685B1B994206D9019B33BB936813F056
:10D7900080031ED023685368416823F0E003B1F58D
:10D7A000827F53601DD0836AB3F5005F07D1136891
:10D7B00023F400531360136843F4005313600122F1
:10D7C000002380F85D2080F85C30032002B030BC7C
:10D7D0007047184602B030BC7047019B013B019373
:10D7E000CAE78368B3F5004F02D0B3F5806FDAD192
:10D7F000136823F040031360D5E700BF94020020B4
:10D800000000002038B590F841200123292A80F833
:10D810004030044603680D4625D02A21202284F892
:10D82000411084F84220002262645A6822F40042C7
:10D830005A604FF080706585618DE0629D699A69DC
:10D840002185194919486163D103606203D42A070D
:10D8500044BF0822DA61002084F840001A6842F0D0
:10D86000FC021A6038BD90F841101A6801F02801D6
:10D87000282914BF6FF0F2016FF042010A401A60CC
:10D880001A685004C9D51A68A06B22F480421A6045
:10D890000028C2D0064B8363F6F790FD10B1A06B51
:10D8A000836B98472368B8E7614E0008A402002004
:10D8B000054200080228F8B515D0042808D05B4AB4
:10D8C0005B4C136843F00203136004232370F8BD1C
:10D8D000574C2378013B012B32D9544A136843F04B
:10D8E00001031360F1E7524C2378002BF5D1514A24
:10D8F000514B11881B6849BA89B2002B49D04F4A55
:10D900001088002845D000EB400003EB80001A4649
:10D9100002E0824200F08280B2F800C08C4502F141
:10D920000C02F6D1464A118002E00C33834239D012
:10D930001A888A42F9D19B68002B33D00123C5E7AE
:10D940003C4B3D4F3E4D18683B68B5F800C05BB39B
:10D950003A4E318841B301EB410103EB810102E012
:10D960000C33994220D01A886245F9D19B68002B6C
:10D970004AD000BA984728BB2C492A880B6843F044
:10D9800008030B604FF6FF739A429ED001322A8043
:10D990009BE7264A2A4913684FF6FF7043F00403B9
:10D9A00013600880032391E7204A136843F00403BF
:10D9B00013604FF6FF739C4587D00CF1010CA5F85E
:10D9C00000C082E728884FF6FF73984202D00130EA
:10D9D00080B228803B68002B3FF477AF3188002964
:10D9E0003FF473AF01EB410103EB810103E00C3322
:10D9F00099423FF46AAF1A888242F8D19B68002BA3
:10DA00003FF463AF022361E7084A136843F0100351
:10DA100013604FF6FF739C45CFD156E703490A6860
:10DA200042F004020A604FF6FF717BE7800000209D
:10DA3000A1020020A4020020480400204C04002081
:10DA40000800002030B41D4D95F82030012B31D056
:10DA500029680220CA2385F8210001224B62532342
:10DA60004B6285F820208B68154823F480738B6007
:10DA70008B6823F480538B60046804E00268121BF7
:10DA8000B2F57A7F0DD8CB6813F00103F6D00020F1
:10DA9000FF2201234A6285F8200085F8213030BC3E
:10DAA00070470320FF224A6285F8203085F8210064
:10DAB00030BC7047022030BC704700BFA802002075
:10DAC000940200202DE9F04FADF21C4D0546029363
:10DAD0001B780F4690460A2B13D8DFE813F020007E
:10DAE0000B007100F300750152020703260478044D
:10DAF000BB042000FAF70CFA002840F0B885029B1E
:10DB00001B78C249C24A0D69C2490020A8470020BB
:10DB10000646029B1E700DF21C4DBDE8F08FBE48FC
:10DB2000EC22002105F07EFFBC4BDFEDBD5AD3EDAA
:10DB3000007ADFEDBC6AF8EE677AB6EE006A85EE31
:10DB4000A77AF4EEE67A37EE067AF1EE10FABCEE3A
:10DB5000C77A17EE103A9EB200F33E859FEDB27A77
:10DB6000F4EEC77AF1EE10FA00F13685A6F1100353
:10DB70009BB2EF2B40F2A6869FEDAC7ADFEDAC6A4C
:10DB8000A24B77EE877A1E6937EE877ABCEEE76A9A
:10DB9000BCEEC77A16EE107AB8EE477A77EEC77AFF
:10DBA00067EEA67AFCEEE77A17EE905AA14BA24AEE
:10DBB000A249CDE900750020B047029B1B78A0E781
:10DBC000FAF7A6F90646002899D0412300223946E3
:10DBD000284601F03BFB0022038C04938646A0F10B
:10DBE0000209934603924FF6FF7A531E03FB03F399
:10DBF000C3EBC303590001F51674C83B39F9021F82
:10DC0000002A00F0228539F902CC01F57A70A1EBE7
:10DC10000C019942FFF673AFA1423FF770AF80EA63
:10DC2000E073A3EBE0739BB2534505D24FEA820B3E
:10DC30001FFA8BFB9A4603960132102AD5D1039B1B
:10DC4000002B3FF45CAFBEF822A0BEF880308BF012
:10DC50003009A3EB0A03DFF8ECB1B3F5FA6FABF8C8
:10DC60000890FFF64CAF76491B04A1FB031300207C
:10DC7000CDE905950EF1200E039D5C0906464FF691
:10DC8000FF7C08E0494538BF0025013292B2402AA6
:10DC9000204400F03F873EF8021F049BCB1A002B64
:10DCA000B8BF5B429BB263450AEB104938BF9C4644
:10DCB00009F5487338BF16468B4201F54871E1D229
:10DCC0000025E2E7FAF724F900283FF418AF3946B7
:10DCD00000222023284601F0B9FAB0F900200746B7
:10DCE000844601211646002014463CF9022F02F515
:10DCF00048731B1B9BB2B3F5C86F3FF600AFB2422F
:10DD0000A8BF084601F10101A8BF16462029EBD1A2
:10DD1000072840F2A0861728A0F1070340F22887C1
:10DD2000D3F1200240F09A8646AB049304982EA9C2
:10DD3000F8F738FB00283FF4E2AE9DED2E6AB5EE11
:10DD4000406AF1EE10FA3FF4DAAE9DED2F7AB5EEAF
:10DD5000407AF1EE10FA3FF4D2AEDDED306AF1EE2A
:10DD6000666AC6EE877AF5EEC07AF1EE10FAFFF633
:10DD7000C6AEB1EE477AC7EE066AF5EEC06AF1EEBE
:10DD800010FA7FF5BCAEB7EE007A77EE877AFCEE3C
:10DD9000E77A17EE903A9AB23F2AC3F34E033FF662
:10DDA000AEAE284A83F0100340F215312846538165
:10DDB000F9F79EFE042600283FF4A1AE029B1E70D8
:10DDC0000DF21C4DBDE8F08FFAF7A2F800283FF4E1
:10DDD00096AE502339460022284601F037FA1A49F8
:10DDE000CDE905573023A0F1020B9C460846C246F8
:10DDF000164B002447F6FF76CDE9030B5D464FF640
:10DE0000E472A646A1461F46B0462BE00802002059
:10DE100070A6010894A60108900000209C02002032
:10DE2000F902154F8096984C8096984BBD37063571
:10DE3000002474496895010830A601085CA6010811
:10DE4000ABAAAAAA8C0000209A0000200080FFFF45
:10DE50008E4204F10104C4BFDE460E460832082C8F
:10DE600092B21AD035F9021F0FFA82FB4CB135F885
:10DE7000020C081A00B28045A8BF80468742B8BF8E
:10DE800007460029E4DA8B4204F10104BCBFD946FD
:10DE90000B460832082C92B2E4D1A7F51C57103F6C
:10DEA000BFB244F620629742DDE9030B3FF627AE8E
:10DEB000B8F1000F7FF423AE13F5004F00F0A685F4
:10DEC00047F6FF72964200F0FF85AEEB090EBEF1F9
:10DED000080F7FF414AEF61ADB0093FBF6F3A9EB00
:10DEE00003030FFA83FEBEF1000FC0F2F085BEF10E
:10DEF0001F0F3FF704AE1FFA8EFE754B20F802EF9E
:10DF000083F80DC00CF1010C5FFA8CFCBCF13A0FE8
:10DF10000BF1100B7FF46CAFDDE905578023009304
:10DF200052466C4B3946284601F0E2F96A496B4A81
:10DF30000B8A00934E896A490723284601F0FCFDAD
:10DF4000664A674900960823284601F0F5FD032339
:10DF5000624A634900932846092301F0EDFD062338
:10DF60005E4A5F49009328460A2301F0E5FD40F22E
:10DF7000D6312846F9F7BCFD052600287FF41EAFF0
:10DF8000BDE5F9F7C5FF00283FF4B9AD4FF4407384
:10DF900039462846002201F059F900F5C06306937E
:10DFA0000023039346AB0DF1340B04934D4E4E4FBB
:10DFB000CDF814B016ABCDE908B50DF1B80907934B
:10DFC0000DF58A780546079CAA46BAF902103AF977
:10DFD000040BFCF7C9F944F8040B4C45F5D10DF1DD
:10DFE000B40B5C46AA46BAF96210BAF96000FCF7B5
:10DFF000BBF944F8040F44450AF1040AF3D1DDE902
:10E0000003230DF1540E981800215BF8043F5EF8CD
:10E01000042F9B1AB34240F30F83A3F5C9237E3B21
:10E02000B342FADC002BB8BF5B429942B8BF194635
:10E03000D84540F8043BE8D1059B491043F8041F3C
:10E040000593039B60330393069BC0359D42BAD171
:10E05000DDE908B500210A460B465BF8040F904243
:10E06000C8BF194603F10103C8BF0246082BF4D10B
:10E070000EAB0DF1B70253F82160049B01EB410197
:10E0800003EB41110DF1CF0051F8043BB342ACBF9B
:10E090000023012302F8013F82421376F4D10020CD
:10E0A000012302460AE029B119F8011C002904BF26
:10E0B0001A4601200133302B00F0988319F8011F14
:10E0C000002AF0D0002900F0BA820130F2E700BF48
:10E0D0000C0000205C5C01088C0000201C5B010827
:10E0E000586401083F240300C1DBFCFF4FF6FF73B7
:10E0F000ADF83830F9F70CFF00283FF400ADC94BFC
:10E10000DFF84C8339461F68C74BB8F8E420A3FBFF
:10E110000737BF094FF4407302FB07F72846002278
:10E1200001F094F846AB06461A46049338460EAB07
:10E13000314600F00BFFBD4B37221A7700283FF421
:10E14000DEACBDF83830A8F82630B949009328462F
:10E15000B84A0C2301F0F0FC40F217412846F9F7C9
:10E16000C7FC00283FF4CBACDFEDB36A3546B7EE11
:10E17000007A06F1C00706F5D86E0DF1B80CA7F1CC
:10E18000C0030020B3F9022002FB02F1B3F9002022
:10E19000043302FB02129F421044F3D107EE900AAF
:10E1A000F8EEE77AC037C7EEA65ABE45B1EEE56A8B
:10E1B000C7EE067AECEC017AE1D106F16008DFEDFA
:10E1C0009F1ADFED9F0A9FED9F1A9F4E16AC36AF48
:10E1D000049B2EA92A46B2F90000F1EC016A07EE71
:10E1E000100AB8EEC77AB2F9020027EE267AB942D1
:10E1F00067EE077A02F1C002C3ED007A07EE900ADB
:10E20000F8EEE77A32F9600C67EEA67A03F10C03B8
:10E2100027EE277A67EEA77A03ED027A07EE100A57
:10E22000B8EEC77A43ED017A27EE267A32F95E0C12
:10E2300067EE077AC3ED157A07EE900AF8EEE77AF3
:10E2400067EEA67A27EE277A67EEA77A83ED167A2D
:10E25000C3ED177ABFD1049810222146F8F7A2F82F
:10E2600000283FF44CACD4ED006A94ED017AF1EE55
:10E27000E67AB1EE006A66EE866A94ED026A67EEAF
:10E28000075A66EE866AB6EE006A76EEE56AF6EE44
:10E29000085AB1EEE64AC6EE276A77EEE57A26EE30
:10E2A000877A67EEA17A66EE846AF7EE004A77EE27
:10E2B000867A37EE247A76EEE56AB3EE0F5A27EEC9
:10E2C000207A66EEA16AF4EEC57AF1EE10FA37EE26
:10E2D000067A76EE866A00F3BC83F5EEC07AF1EE3C
:10E2E00010FA00F10684FCEEE77A17EE903A1BB2C2
:10E2F000B4EEC17AF1EE10FA40F39D836FEA8353D6
:10E300006FEA9353F3EE0F7AF4EEE76AF1EE10FA48
:10E3100040F3838343F478730435A84526F8023F1D
:10E320007FF456AF0726FFF7F4BBF9F7F1FD00289D
:10E330003FF4E5AB10233946DFF814B1002228463C
:10E3400000F084FFBBF88E300026844603F01F09DE
:10E35000C3F344189B0A09F1300908F13008A3F10E
:10E36000200003963446B64637460CF1020A0BE00D
:10E37000A342774640F2F281A6461C46B3B203930D
:10E380000136082E00F0EC813CF926303AF92620BF
:10E3900009FB03F302FB00F1002BB8BF3F33002958
:10E3A00002FB08F2B8BF1F319B11002A03EB611377
:10E3B000B8BF3F321BB242F38F1203FB03F302FBE1
:10E3C0000233BB42DCD97345D2D81F46D8E7F9F7F0
:10E3D0009FFD00283FF493AB602300223946284676
:10E3E00000F034FF194B0021A3F130020646FCF780
:10E3F0004DF800283FF483AB134B3046A3F13002B5
:10E40000991CFCF743F800283FF479AB40F27C41BB
:10E410002846F9F76DFB092600287FF4CFACFFF7FB
:10E420006EBB00BF9C020020D34D62100C00002088
:10E43000586401081C5B0108000040420000804253
:10E440000000004200007C4218010020E60000208D
:10E450008C000020F9F75CFD00283FF450AB3946F2
:10E460004FF49C630022284600F0F0FE4FF00008B5
:10E470000DF1340A0EAFCDF804800097534646AA3A
:10E4800090218146CDF83480CDF8388016ACCDF897
:10E4900058802EAECDF8B88000F0E2FD00283FF4A1
:10E4A0002EABCDE90068234646AAF02109F590700D
:10E4B00000F0D6FD00283FF422AB0E992E9ABC4BFB
:10E4C000BC4DDFF818B3521A02FB03F305FB01F150
:10E4D0001B0CC3EB513305FB02F10D9A05FB02F255
:10E4E000520BCDE900A809F20230CBE93031CBF86C
:10E4F000C8200CAB46AA40F21F1100F0B1FD002865
:10E500003FF4FDAACDE900740BAB46AA4FF490711D
:10E5100009F5A86000F0A4FD00283FF4F0AACDE9B9
:10E520000086434646AA09F5F0604FF4907100F06A
:10E5300097FD00283FF4E3AA0D9A0E9FDDF82CE02A
:10E54000DDF830C016992E9BBE1A05FB02F79A4AD9
:10E55000ACEB0E0C02FB0CF205FB0EFE120CC2EB38
:10E560005E32CBF8CC2005FB0CF2CBF8D020934ADE
:10E5700006FB02F2120CC2EB5732CBF8D420904AC1
:10E580005B1A05FB06F605FB01F103FB05F502FB33
:10E5900003F31B0CC3EB5133CBF8E050894DCBF8A0
:10E5A000D860CBF8DC300BF103060BF1EF074FF02E
:10E5B000FF3316F8012F0821534043F300022A408D
:10E5C000013982EA5303F8D1B742F2D1DB43CBF8E9
:10E5D000F0300A26FFF79DBA9FED7B7ADFED7B6A6C
:10E5E000DFF804927A4B7B4A7B4977EE877A0020EA
:10E5F00037EE877ABCEEE76ABCEEC77A8DED006A2B
:10E60000B8EE477A103E77EEC77A16EE107A67EECC
:10E61000A67AFCEEE77ACDED017AD9F8104017EE34
:10E62000905AA047EF2E7FF66AAAD9F81060FFF73C
:10E63000BDBA03F5C9237E33BB42FADBF2E40B28F3
:10E6400000F2D48008460A4634E501F57A73002BBF
:10E65000B8BF5B429BB2534502D30122FFF7C5BA54
:10E660009A46039601224FF0000BFFF7BEBA43F221
:10E6700032034FF0000846930322012346A928469F
:10E68000ADF81C81F9F7E8F93946122342462846CD
:10E69000BDF81C6100F0DAFD01460788B0F802E021
:10E6A0004346043140464FF6FF7C46FA03F2D20758
:10E6B0000BD531F81320A2EB0E02002AB8BF52424C
:10E6C00092B2944584BF98B294460133102BECD19A
:10E6D000431E0D2B3FF613AA00F10043013B01EB53
:10E6E000430C31F81320BCF8023041F28731D21AC2
:10E6F0008A427FF704AA4FF6FF7296423FF4FFA9C1
:10E70000BCF804209B1A8B427FF7F9A940F2E5136D
:10E7100007FB03F31B0CA3F589731AB21433C0F281
:10E720002B822C2A40F326824F2ACCBF04260326B4
:10E730002A4900902A4AC8800E858F8025232949BE
:10E74000284601F0F9F940F233212846F9F7D0F9CB
:10E75000022600287FF432ABFFF7D1B99E460FE6C0
:10E76000B7EB540FBFF4CBA9039B00931C4A1D4980
:10E77000ABF8243028460B2301F0DEF90023184AB9
:10E78000184900932846092301F0D6F97E2315493C
:10E7900000932846124A0A2301F0CEF940F2534171
:10E7A0002846F9F7A5F900287FF408ABFFF7A7B9C9
:10E7B000A82A0400AA0A010054150200A64A07006C
:10E7C0004E750B002083B8EDBD3706350024744923
:10E7D0006895010830A601085CA601088C0000209D
:10E7E0001C5B01085864010808020020A0F10C031A
:10E7F000082B3FF684A902EB5002172A02D9183AD7
:10E80000172AFCD892B2910089B201F13006BA4BB6
:10E81000B6B25F2E9A8140F26681B84BA3FB062305
:10E820009B0903EB4303A6EB43134FF000080E468E
:10E83000C14699B20127B24A00912123B149284625
:10E8400001F07AF9AE4AAF4900962223284601F03A
:10E8500073F90326AA4AAB4900970123284601F021
:10E860006BF9A74AA74900960223284601F064F9EC
:10E870003346A34AA349CDF80090284601F05CF93D
:10E880009F4AA049CDF800800423284601F054F99E
:10E890009B4A9C4900970523284601F04DF9002327
:10E8A000974A984900932846062301F045F940F21B
:10E8B000ED312846F9F71CF9062600287FF47EAAD8
:10E8C000FFF71DB977EEC77ADFED8F6A9FED8F7A7C
:10E8D000DFF824B267EEA67A3F2E77EE877AFCEE59
:10E8E000E77A17EE902AABF8EC2000F2DC802F2EAE
:10E8F00088BF3346ABF8E830854BABF8E460284678
:10E900001E88FBF7E7FC00283FF4F9A84FEA580CF3
:10E910007608B44528BFB446ACF1020C2CF0010CCB
:10E920003B1D40F64C3A03931FFA8CF90026E04653
:10E930000495C6F534630C33984594BF4C46544651
:10E94000750860084FEA85010CD06E4B07EB80001C
:10E9500019443B4651F8042BDA80120C9A80043398
:10E960008342F7D1BBF8E63001931C230093039850
:10E97000634B22463146F7F77BFC00283FF4BFA8E3
:10E98000BBF8E83001931A23009303985C4B2246AE
:10E990003146F7F76DFC00283FF4B1A8BBF8EA3028
:10E9A00001931B2300930398554B22463146F7F7FA
:10E9B0005FFC00283FF4A3A8BBF8EC3001931923B7
:10E9C000009303984E4B22463146F7F751FC00283E
:10E9D0003FF495A82346049829463A464E44F9F751
:10E9E000CBFEB6B240F64B33AAEB090A9E421FFAA1
:10E9F0008AFA9ED9049D4FF4AE712846F9F778F84B
:10EA0000012600287FF4DAA9FFF779B847F6FF73EB
:10EA10009E427FF468AAFFF772B8F5EEC06AF1EE85
:10EA200010FA3FF579ACFCEEE66A16EE902A43EA5E
:10EA300042131BB270E4B5EEC07AF1EE10FA3FF566
:10EA400061ACBCEEC77A17EE102A43EA82231BB2F0
:10EA500058E41F234CE400F10802002346A9D01813
:10EA600007EB4000049107EB430707EE903A37F9B4
:10EA7000024BF8EE677AB842C1ED027A07EE904A8F
:10EA8000F8EEE77A03FB03F4C1ED007A07EE904A53
:10EA9000F8EE677A03F10103C1ED017A01F10C018F
:10EAA000E3D1FFF743B90123BF2EABF8E63096BFA1
:10EAB000A6F14003F308C3F3CF03ABF8E83006F048
:10EAC0000703ABF8EA3017E7CE46FFF70CBACEF1F2
:10EAD000000E1FFA8EFEBEF11F0F3FF610A84EF07B
:10EAE000200EFFF70ABA4FF003084FF00109002784
:10EAF000A1E60023FFF7FCBB8C000020ABAAAAAA6A
:10EB00001C5B010858640108E8385BB500007C42D2
:10EB1000080200202B46DDE90595002B3EF4EFAFFF
:10EB20000123ABF80E6000934FF47E534246394602
:10EB3000ADF81831284646AB00F0DAFB0F4A104911
:10EB400000962623284600F0F7FF0C4A0C49CDF822
:10EB500000902423284600F0EFFF40F2C62128460B
:10EB6000F8F7C6FF032600287FF428A9FEF7C7BFE1
:10EB70000F2273E70226DBE50126D9E51C5B0108BD
:10EB8000586401082DE9F04F204CDFF8849093463B
:10EB90009A46851E8A1E04F1E2074FF000084FF4E2
:10EBA0001E6635F8021F32F8023F994222D02178C2
:10EBB00009EBC1014B8833B34968002001EB8303A3
:10EBC00047F6FF7E51F804CB1FFA8CFCE64528BFC0
:10EBD000E646604538BF60468B42F3D1400080B2C4
:10EBE0004FEA4E0E80451FFA8EFE38BF80467645AE
:10EBF00028BF76460134BC42D3D1ABF80060AAF8F6
:10EC00000080BDE8F08F4FF6FE7EF0E798520108D5
:10EC10007C530108094A0A4B12680A49D360086804
:10EC200004E00B681B1AB3F57A7F04D8D3689B06FF
:10EC3000F7D5002070470320704700BFA8020020CE
:10EC40005FFF030094020020F8B514460E464FF40F
:10EC5000E2720146204605F011F8B6F8583023B1AB
:10EC600096F85E30003B18BF0123294D96F85B10E3
:10EC7000AA8884F8C431012084F8C511A4F8C821F9
:10EC800084F8C60105F12A0304F5E57205F15A017D
:10EC90001F685E689868D3F80CC0C2F80CC01033C7
:10ECA0008B4217605660906002F11002F0D1194E4D
:10ECB000B5F85A30A4F8FA3104F5FE7E06F13007B3
:10ECC000B446BCE80F00BC450EF1100E06F110066C
:10ECD0004EF8100C4EF80C1C4EF8082C4EF8043C64
:10ECE000EED10D4BB5F88C20A4F82C2204F22E2482
:10ECF00003F130021D6858689968DE68E6601033D9
:10ED0000934225606060A16004F11004F2D1F8BD67
:10ED10008C000020E80000201A0100202DE9F04FAF
:10ED2000ADF5137D05460C46924600214FF4E27284
:10ED300021A81E4604F076FE3C22002112A804F011
:10ED400071FE9C9B93F8C57167B1634B634A1B6965
:10ED50006349002098474FF0000840460DF5137DA9
:10ED6000BDE8F08F0DF118085E49CDF800800AABC0
:10ED700021AA2046F9F724FD0028ECD0414694F85A
:10ED80005B200AA812ABF9F79FFC80460028E2D06E
:10ED90009D9ABDF85A3013809E9ABDF85E3013805C
:10EDA0009C9808AB0DF1160221A9FFF7EBFEBDF808
:10EDB0002020BDF816309A4205D29C9A214621A8FF
:10EDC000FFF742FFC9E743F2370308930322012309
:10EDD00008A92846ADF82470F8F73EFEBDF82430A7
:10EDE00013F0C00310D1ADF8243043F2310308937F
:10EDF0000322012308A92846F8F72EFEBDF8242097
:10EE00004AF6C0439A4259D19C9808AB0DF11602BC
:10EE100021A9FFF7B7FEBDF81690BDF820B0D9457F
:10EE200008D9314B0893284608A900230222F8F795
:10EE300013FEC2E7284BCDF808801B8803944FEAE5
:10EE40005A0A5B08534528BF53460BF10201023BA7
:10EE5000A1EB090123F0010389B28B4228BF0B46C5
:10EE6000321DA8469FB292461D4604E0B9441FFADF
:10EE700089F9D94511D808AB4A46514621A80895C9
:10EE8000FBF798FB04460028F0D0089B32464FEA77
:10EE900059014046F9F770FCE8E7134B08934546E3
:10EEA000A246284608A900230222DDE90284F8F7D9
:10EEB000D3FDBAF1000F3FF44EAF7EE70B4B1B784A
:10EEC000002B3FF448AF044B094A1C6909492B4603
:10EED0000120A0473FE700BF0802002064A7010807
:10EEE0006C9501089000002080100100A002002015
:10EEF000A4A70108C8A7010830B4124D124C00F1B4
:10EF0000BC0C002143680B44024640F8043F1268E1
:10EF10009A1AAA4209DD50F8042CA3F5C9237E3BB6
:10EF2000A1F5C92103607E399A1AA24206DA03F5D7
:10EF3000C92301F5C9217E3303607E318445E1D1C7
:10EF400030BC70473F240300C1DBFCFF2DE9F04FCC
:10EF5000ADF2146D0446914603938D1C03AE0DF281
:10EF60000C67B5F9001035F9020CFBF7FDF946F80E
:10EF7000040FB74205F10405F3D1002148462022D1
:10EF800004F050FD0DF16C0A4FF6FF73002104EB05
:10EF900044060293304DDFF8C48001915346F600D9
:10EFA000A9F1040940F694578A469B46ABF15C00F0
:10EFB000FFF7A2FFABF160004FF0000C50F8043FE8
:10EFC000026E5845A3EB02039C44F7D1BCF1000F3D
:10EFD00031DB4FEA9C1007FB00F0400D04FB00F012
:10EFE00006EB1020C9F80400BAF1000F03D0D9F8DD
:10EFF000003083422AD959F8043F4344002BB8BF5C
:10F000005B42AB4204D21D460123CDF808A0019318
:10F010000AF101021FFA82FABAF1080F0BF1C00BD4
:10F02000C4D1019911B1DDE902231A8008460DF21D
:10F03000146DBDE8F08FCCF10000800907FB00F0F3
:10F04000400D04FB00F0A6EB1020CBE700210846A2
:10F050000DF2146DBDE8F08F40420F00E0D764FC64
:10F060002DE9F04F87B04FF0000E164600EB410936
:10F070000290821ECDE90316A9F1120935464FF020
:10F08000010BF246F4467046CDF804E005931EE00D
:10F0900040F2EE218B4240DC634500DD9C464FF0A0
:10F0A000000BBEF1000F0ABF4FF0000B70460120AD
:10F0B000CAF100084345019BB8BFA4EB060ABB4256
:10F0C00038BF3B469145019305F102052BD0568A86
:10F0D00032F8024F331B03F50048B8F5803F27464E
:10F0E000D6D240F2EE218B422B8007DD178868B91B
:10F0F000634515DD9C464FF0010ED9E7514917884D
:10F100009C45B8BF9C468B42D2DACAE7634500DD16
:10F110009C4686464FF0000BCAE74FF0000BE6E72F
:10F120004FF0010EC4E71946DDE90346059BBBF12C
:10F13000000F03D1002007B0BDE8F08FBEF1000F33
:10F14000F8D00028F6D0CDE9031C0027A4F11C0953
:10F15000B84606F112043D463E46BE46D34634F953
:10F16000021F019601EB810C01EB4C010A22A24621
:10F17000A4463CF9026D02FB06113AF9026F02FB4C
:10F180000611013AF5D1019EA942C4BFF0460D46D1
:10F190008E42C8BF77460EF1010EC8BF0E46F1453C
:10F1A000DDD14CF25034A542DDE9031CDA46C1DD65
:10F1B000254CA642BEDABCF1000FBBD0BBF1000F5C
:10F1C000B8D0029C119D2488C900E4004DB18C4246
:10F1D00005D2ACEB0402013A0A44B2FBFCF2119DE9
:10F1E0002A60109A002AA6D0002BA4D0029A08F117
:10F1F0000E0532F81520B4EBC20F4FEAC20606D254
:10F20000ACEB0404013C3444B4FBFCF42D1B029A27
:10F210000E3732F81720B1EBC20F4FEAC20405D9FE
:10F220004A1E5244121BB2FBFAF2BF1A55EA0702F9
:10F2300080D4BD423FF77EAF109A7F1B17601D60E0
:10F2400079E700BF12FDFFFFB03CFFFF2DE9F04F53
:10F25000264C87B00026CDE90466B4F800808946C4
:10F26000002B3DD04FEA5808CDE90102A8F104086F
:10F270000D461F464FF4004BB246039325E0029B18
:10F28000A5F800B033446B80631EAB80A5F806A0E0
:10F290006200002105F1080004F0C4FB2946019832
:10F2A0000123221DF8F7D8FB04AA134603CA2644FB
:10F2B0006960286009EB460559F81600696803C3C0
:10F2C000039B9E42A7EB04070AD2B845444628BFD9
:10F2D0003C46B845D3D200E0013CE307FCD4CEE77E
:10F2E00009F1080007B0BDE8F08F00BF0802002058
:10F2F0002DE9F04F9846174BDFF85CB01F8883B0BC
:10F30000043A043F52087F0897420C9E01908946B8
:10F3100028BF174601F1040A0025741BBC4228BF10
:10F320003C4645EA0B02631E08EB4501A9F80020A4
:10F33000A9F802306200504604F0A0FC2544019870
:10F340000023A21C4946F8F787FBAE42E5D803B07C
:10F35000BDE8F08F0802002000C0FFFF2DE9F04F4C
:10F36000ADF5117D0C460546002117461FA84FF448
:10F37000E2720DF118081E4604F054FB3949CDF82D
:10F38000008008AB1FAA2046F9F71AFA30B94FF0EF
:10F39000000840460DF5117DBDE8F08F94F85B2024
:10F3A000414608A810ABF9F78FF90028EFD09B9AD7
:10F3B000BDF8523013809C9ABDF85630DFF8B4A0E7
:10F3C00013802846BAF80080FAF784FF48B37B0818
:10F3D0004FEA5808434528BF4346023B23F0010348
:10F3E000321DCDE90247A8461FFA83FB4FF0000902
:10F3F0001D4617464A4605AB39461FA80595FBF73B
:10F40000D9F84FEA5901D944059B04463246404693
:10F410001FFA89F9F9F7B0F9B9F51E6F08D2002C77
:10F42000E8D1DAF81030104A104900209847AEE7CA
:10F430004546A046DDE90247B8F1000FF1D0802330
:10F440003A46314628460093094BFFF751FF1FA863
:10F450009A9A2146FFF7F8FB40460DF5117DBDE86D
:10F46000F08F00BF90000020E0A701086C95010814
:10F470005C5C0108080200202DE9F04186B030B143
:10F4800017461E460268444B9A42054609D0434B34
:10F49000434A1B69434900209847002006B0BDE855
:10F4A000F081414A414B88464FF0FF3E02F1EC01AA
:10F4B00012F8010F08248EEA000E4EF3000C0CEA3D
:10F4C000030C013C8CEA5E0EF7D19142F0D1384B2F
:10F4D000D3F8F0306FEA0E0E734506D02F4B354A45
:10F4E0001B69304920469847D7E7B8F1000F04D090
:10F4F000314BD8F800209A4206D0284B2F4A1B697E
:10F500002F4900209847C8E743F21C030493A868DA
:10F51000ADF814400123032204A9F8F79DFABDF8C1
:10F52000143003F40063002B14BF0123002308F1FF
:10F5300004082B730ED0A8682B690093AC1D04350A
:10F540003B463246414602940195FFF7E7FB06B081
:10F55000BDE8F08143F2310304A90493A868ADF833
:10F56000144001230322F8F777FA2B7BBDF814101F
:10F57000002BE0D14AF6C0429142A8682B69DCD04A
:10F58000AC1D0435009332463B464146029401953A
:10F59000FFF7E4FE82E700BF0EB037130802002039
:10F5A00070930108889301088F0000202083B8ED34
:10F5B0008C000020F4A701080FB0371370960108E3
:10F5C0008896010810B50446FFF756FF00B910BD34
:10F5D0002046BDE81040F8F70FBB00BF30B4104D17
:10F5E0002A68D06810F0400002D0002030BC70477C
:10F5F0000C494FF0FF33D3600C68D3685B06F5D439
:10F60000032803D1F2E7D3685806EED40B681B1B1E
:10F61000B3F57A7FF7D9032085F82100EDE700BF25
:10F62000A80200209402002008B5114BDA6822F0ED
:10F630008002DA609A68920603D4FFF7EBFA88B981
:10F6400008BD9A6822F020029A60FFF7E3FA18B129
:10F65000084B032083F82100054A936843F02003F8
:10F66000936008BD034B032083F8210008BD00BF51
:10F6700000280040A8020020F0B5624C94F8203029
:10F68000012B00F0BC8021680223012284F8202095
:10F6900084F821308B6813F0400C18BF90F803C039
:10F6A00003780CBF80F803C04FEA8C5C092B09D9A2
:10F6B00000220A3BDBB2092B02F10102F9D843EA2E
:10F6C0000213DBB21A044378092B09D900250A3B3F
:10F6D000DBB2092B05F10105F9D843EA0513DBB2CA
:10F6E0008678092E4FEA032309D900250A3EF6B28F
:10F6F000092E05F10105F9D846EA0515EEB290F894
:10F7000024E0BEF1090F0DD90025AEF10A0E5FFA13
:10F710008EFEBEF1090F05F10105F6D84EEA05157A
:10F720005FFA85FE4569076A3D4345EA0C052A43B1
:10F730001343334343EA0E624668C3691E43836A38
:10F74000CA20486253204862B3F5807F8B6838D066
:10F7500023F400738B60CB682B48DBB263F4207317
:10F76000CB60056804E003685B1BB3F57A7F1ED8A5
:10F77000CB689B07F7D50A628E648B6843F40073ED
:10F780008B608B6843F400538B60204B1A68002019
:10F7900042F4802284F820001A609A6842F48022A1
:10F7A0009A60FF2201234A6284F82130F0BDFF22D3
:10F7B00003234A6284F82130002384F82030032098
:10F7C000F0BD23F480738B60CB680F48DBB263F429
:10F7D000C073CB60056804E003685B1BB3F57A7FF8
:10F7E000E5D8CB68DF07F7D5CA614E648B6843F470
:10F7F00080738B608B6843F480538B60C5E7022075
:10F80000F0BD00BFA80200209402002000040140C7
:10F810002A4A03460068904270B43BD8284A2949D6
:10F82000294C0244A1FB021212099200022183F822
:10F83000251001689D681C646FF30E115A64016005
:10F8400059690668294331439E69314341F080017B
:10F85000B5F5804F016014D0596802F01C020F20EA
:10F8600090409140184A94426FEA00001BD0D2F8B1
:10F87000A8442040C2F8A804D2F8A8040143C2F862
:10F88000A81400200122D86383F8240083F82520DF
:10F8900070BC70470D4A0B490D4C0244A1FB02128B
:10F8A00012099200C2E7D4F8A8200240C4F8A820A8
:10F8B000D4F8A8201143C4F8A810E2E707040240D6
:10F8C000F8FFFDBFCDCCCCCC00000240F8FBFDBF63
:10F8D0000004024070B506680546F46931EA040484
:10F8E00005D0581C05D1F36931EA0303FBD1002090
:10F8F00070BD16480068801A834219D3C3B13068BE
:10F900004407EAD58029E8D04029E6D0F46914F00C
:10F9100008040FD1F0690005DFD54FF400633362AE
:10F920002846F6F725F82023C5F8843085F8784076
:10F93000032070BD082428463462F6F719F8002326
:10F9400085F878300120C5F8844070BD940200200D
:10F95000134BDB68C3F30223C3F1070C1A1DBCF180
:10F96000040F28BF4FF0040C062A88BFDA1E4FF0A0
:10F97000FF3303FA0CF398BF002221EA03039340FC
:10F980001B01421CDBB206D000F1604000F5614073
:10F9900080F800337047024A82F82330704700BF76
:10F9A00000ED00E00D490E4A086813691B0710D4EA
:10F9B00042F20F7C0B681B1A63450AD872B61369B2
:10F9C0001B0700D430BF62B6BFF36F8F13691B07EC
:10F9D000F0D5034B1869C0F3C000704794020020B3
:10F9E0000004004870B5504C504A94F82030002173
:10F9F000012B11707FD02368022184F82110CA21C5
:10FA000059620120532184F820005962996821F439
:10FA100080619960D968C9B261F49061D960D96890
:10FA200049066AD51F2159619968414821F00701AB
:10FA300041F003019960016841F48011016081681F
:10FA400041F480118160996841F48041996099681E
:10FA500041F480619960FF200121586284F82110EF
:10FA60001178002384F8203000295AD172B6BFF3F0
:10FA70004F8FBFF36F8F137803B930BF62B6BFF3F8
:10FA80004F8FBFF36F8F1378002BEFD094F8203097
:10FA90000021012B11702ED02168264D0220CA238F
:10FAA00084F8210001224B6253234B6284F820200A
:10FAB0008B6823F480638B608B6823F480438B60B6
:10FAC000286804E02A68121AB2F57A7F0CD8CB684D
:10FAD00013F00403F6D0FF2001230022486284F8CB
:10FAE000202084F8213070BDFF200322486284F872
:10FAF000203084F82120F4F7C3FA0E4D2E68D9681F
:10FB000011F004018ED12868801BB0F57A7FF6D9F8
:10FB1000FF200322586284F8212084F82010F4F793
:10FB2000AFFA1370B8E700BFA8020020CC02002093
:10FB300000040140940200202DE9F04F02EBC307BE
:10FB400087B07B88DDF84090EBB18246884600267E
:10FB50004D467B6853F82640C4F30170012815D048
:10FB600002282ED020BBC4F34459012303FA09F321
:10FB70009D422FD32E4A2F4916692F4A013BCDE9CA
:10FB80000053A3B2B04707B0BDE8F08FA3B2194647
:10FB900058F8232022F00F0215B1C4F30344224386
:10FBA0005046F7F78DFF7B8801369E42D1D3EAE7B6
:10FBB0001F4B224A1B691F49002007B0BDE8F04FC8
:10FBC0001847A3B2194658F8232022F00F02002D3F
:10FBD000E6D1E2E71FFA84FB4FF00103ADF80E30E7
:10FBE0004BF42043ADF81000CDF81200ADF80C3006
:10FBF00003A9504601230522F7F72EFFC9F120097A
:10FC0000BDF81220BDF814304FF0FF30C4F30444A7
:10FC100020FA09F0A04043EA024323EA000305FA70
:10FC200004F4594643EA04025046F7F749FFBAE79D
:10FC3000080200205499010808A8010840A80108FA
:10FC4000D1ED005AD1ED017A60EE255A20EE270A57
:10FC50004AB390ED004AD0ED014A90ED025A0B1DD7
:10FC600001EBC202D1ED017A13ED017A64EE276A4D
:10FC700024EE076A76EE806A36EE256A083124EEB5
:10FC8000877A66EE055A64EEA77A26EE850A9142D7
:10FC900003ED016A77EE655A37EEC00A41ED016A5D
:10FCA00003F10803DED170472DE9F04F89B00493CA
:10FCB000002900F0888002F003077D1EC2F30013C4
:10FCC0000295DFF8D0B1704C059302F44035002363
:10FCD0004FF0010803959246019708FA03FC1CEACD
:10FCE00001066CD0029F5A0003259540012F6FEA50
:10FCF00005056BD9019F032F40F0BA80D0F800C0F2
:10FD0000019F0CEA050C07FA02F242EA0C020260BB
:10FD1000039A002A53D0DBF8602042F00102CBF8AE
:10FD20006020DBF8602023F0030505F1804502F038
:10FD3000010205F58035079203F0030C079AD5F808
:10FD400008E04FEA8C0C0F2202FA0CF2B0F1904F4F
:10FD50002EEA020215D04D4FB8427BD04C4FB8422C
:10FD60007FD0DFF834E170456DD0DFF830E17045C9
:10FD70000CBF4FF0040E4FF0070E0EFA0CFE42EAD5
:10FD80000E02AA60A268F5431AF4801F0CBF2A4035
:10FD90003243A260E2681AF4001F0CBF2A403243CB
:10FDA000E26062681AF4003F0CBF2A40324362608E
:10FDB00022681AF4803F0CBF2A403243226001338C
:10FDC00031FA03F289D109B0BDE8F08FD0F808907C
:10FDD000129F09EA050907FA02FE4EEA090EC0F869
:10FDE00008E0D0F804E0059F2EEA0C0E07FA03FCA9
:10FDF0004CEA0E0CC0F804C0049FD0F80CE007FADF
:10FE000002FC019F0EEA050E4CEA0E0C022FC0F810
:10FE10000CC07FF473AF4FEAD30900EB890903F0FC
:10FE2000070CD9F820704FEA8C0C4FF00F0E0EFA29
:10FE30000CFE27EA0E0E139F07FA0CFC4CEA0E0C80
:10FE4000C9F820C05AE74FF0030E0EFA0CFE42EA42
:10FE50000E0296E74FF0010E0EFA0CFE42EA0E0279
:10FE60008FE74FF0020E0EFA0CFE42EA0E0288E710
:10FE7000D0F80CE0049F0EEA050E07FA02FC4CEAEB
:10FE80000E0CC0F80CC039E7000401400004004823
:10FE90000008004800100240000C00480010004814
:10FEA00070B5444D95F841302C689CB0002B46D07D
:10FEB000242385F8413022686B6822F0010223F088
:10FEC000706322602361A368EA6823F40043012A77
:10FED000A360AB6809D043F40443022AA36007D1AE
:10FEE000636843F40063636006E043F40043A36087
:10FEF000636823F40063636062682B6942F00072F8
:10FF000042F4004262606A69E1681343AA6921F41D
:10FF1000004143EA0223EA69E160E3602B6A13438C
:10FF20002360236843F001032360002020236864DA
:10FF300085F84130286385F842001CB070BD03F09D
:10FF4000FF015C2205A885F8401003F06BFD1A4BF9
:10FF50009C42ADD1802305A80593F5F7CFF806465E
:10FF600030BB164C1648E36C43F00203E364E36CC9
:10FF7000042203F0020304930192032204990092E5
:10FF8000012312224FF44061FFF78EFEA36D43F46C
:10FF90008003A365A36D03F48003039321203146FE
:10FFA000039BFFF7D5FC074B02225A602C687FE7C2
:10FFB000F4F766F8F00300200058004000100240FB
:10FFC0000004004800E100E02DE9F04F5D4C666A56
:10FFD00085B0002E55D16368B3F5827F00D0E6610D
:10FFE00094F85D2025680023A36202F0FF07002A31
:10FFF00051D0022384F85D302B68E26823F040037F
:020000040801F1
:10000000B2F5E06F2B6040D84FF4805101D000234F
:10001000A362636802F4706CA26803F4827302F452
:1000200004421343226902F002021343626902F0A0
:1000300001021343626B06F0100E02F00800D4E9CF
:10004000062640EA0E0006F0380E266A40EA0C004A
:1000500006F0800C02F40076334343EA0E03120CE0
:1000600043EA0C0302F004022B6040EA02030B4354
:100070006B6000200123206684F85D3005B0BDE888
:10008000F08F0023C4E90433AAE7B2F5706F4FF094
:100090000001BED0BBE72C4B84F85C709D42A8D118
:1000A00003F5604305211A6EDFF8AC8042F48052FC
:1000B0001A661A6E02F480520392039ADA6C42F0C6
:1000C0000102DA64DB6C019103F001030293029BED
:1000D0000323009302223B46E0214FF09040FFF7BC
:1000E000E3FD1A49012340464FF0800B4FF4807A1C
:1000F0004FF48069C8E90013C8E90277C8E90777B7
:10010000C8E904BAC8F81890FFF782FB0123B8B910
:100110000F4FC4F858807B600E4BF860C7E90700AA
:100120003B6038461023C7E904BAC8F82840C7F82E
:100130001890BB60FFF76CFB10B96765BC6258E7AD
:10014000F3F79EFF30020020003001401C00024007
:100150001803002030000240D002002000284BD0BD
:100160000268264913688A4223F0010310B4136021
:1001700027D9234B23491344A1FB03131B0922490D
:1001800001649B0000244364146003F01C030122FB
:100190009A401E4C4A60D4F8A8240F2101FA03F3B8
:1001A00022EA0303C4F8A8340023C363C0E90B3375
:1001B000C0E90D335DF8044B80F8253080F8243019
:1001C0007047134B0F491344A1FB03131B090F493D
:1001D00001649B0000244364146003F01C030122AB
:1001E0009A404A60D1F8A8200F2404FA03F322EAC7
:1001F0000303C1F8A830D7E7704700BF07040240E7
:10020000F8FBFDBFCDCCCCCC000402400000024086
:10021000F8FFFDBF034613F8012B002AFBD1181A83
:100220000138704753B94AB9002908BF00281CBFDC
:100230004FF0FF314FF0FF3000F036B9ADF1080C50
:100240006DE904CE04F072FCDDF804E0DDE9022380
:1002500004B0704770B54FF0FF0C4CF4E06C1CEA32
:1002600011541DBF1CEA135594EA0C0F95EA0C0FAC
:1002700000F0DEF82C4481EA030621EA4C5123EA1F
:100280004C5350EA013518BF52EA033541F480114E
:1002900043F4801338D0A0FB02CE4FF00005E1FB01
:1002A00002E506F00042E0FB03E54FF00006E1FB4B
:1002B00003569CF0000F18BF4EF0010EA4F1FF048E
:1002C000B6F5007F64F5407404D25FEA4E0E6D41CE
:1002D00046EB060642EAC62141EA55514FEAC520DF
:1002E00040EA5E504FEACE2EB4F1FD0C88BFBCF55B
:1002F000E06F1ED8BEF1004F08BF5FEA500E50F10C
:10030000000041EB045170BD06F0004646EA0101D1
:1003100040EA020081EA0301B4EB5C04C2BFD4EB03
:100320000C0541EA045170BD41F480114FF0000EFC
:10033000013C00F3AB8014F1360FDEBF002001F06A
:10034000004170BDC4F10004203C35DA0C341BDCE4
:1003500004F11404C4F1200500FA05F320FA04F0B6
:1003600001FA05F240EA020001F0004221F00041EA
:1003700010EBD37021FA04F642EB06015EEA430E5D
:1003800008BF20EAD37070BDC4F10C04C4F120058D
:1003900000FA04F320FA05F001FA04F240EA020040
:1003A00001F0004110EBD37041F100015EEA430E11
:1003B00008BF20EAD37070BDC4F1200500FA05F231
:1003C0004EEA020E20FA04F301FA05F243EA0203B0
:1003D00021FA04F001F0004121FA04F220EA0200BF
:1003E00000EBD3705EEA430E08BF20EAD37070BD05
:1003F00094F0000F0FD101F00046400041EB0101E5
:1004000011F4801F08BF013CF7D041EA060195F0C6
:10041000000F18BF704703F00046520043EB030380
:1004200013F4801F08BF013DF7D043EA060370476D
:1004300094EA0C0F0CEA135518BF95EA0C0F0CD078
:1004400050EA410618BF52EA4306D1D181EA0301BE
:1004500001F000414FF0000070BD50EA410606BFB8
:100460001046194652EA430619D094EA0C0F02D1FD
:1004700050EA013613D195EA0C0F05D152EA033642
:100480001CBF104619460AD181EA030101F0004160
:1004900041F0FE4141F470014FF0000070BD41F0A9
:1004A000FE4141F4780170BD704700BF81F000410A
:1004B00002E000BF83F0004330B54FEA41044FEA49
:1004C000430594EA050F08BF90EA020F1FBF54EAE4
:1004D000000C55EA020C7FEA645C7FEA655C00F080
:1004E000E2804FEA5454D4EB5555B8BF6D420CDD51
:1004F0002C4480EA020281EA030382EA000083EAD4
:10050000010180EA020281EA0303362D88BF30BD73
:1005100011F0004F4FEA01314FF4801C4CEA1131C9
:1005200002D0404261EB410113F0004F4FEA033328
:100530004CEA133302D0524263EB430394EA050FB3
:1005400000F0A780A4F10104D5F1200E0DDB02FA22
:100550000EFC22FA05F2801841F1000103FA0EF2B6
:10056000801843FA05F359410EE0A5F120050EF17C
:10057000200E012A03FA0EFC28BF4CF0020C43FAAD
:1005800005F3C01851EBE37101F0004507D54FF0BA
:10059000000EDCF1000C7EEB00006EEB0101B1F50A
:1005A000801F1BD3B1F5001F0CD349085FEA300050
:1005B0004FEA3C0C04F101044FEA445212F5800F5B
:1005C00080F09A80BCF1004F08BF5FEA500C50F1F8
:1005D000000041EB045141EA050130BD5FEA4C0CDB
:1005E000404141EB0101013C28BFB1F5801FE9D238
:1005F00091F0000F04BF01460020B1FA81F308BF5B
:100600002033A3F10B03B3F120020CDA0C3208DD26
:1006100002F1140CC2F10C0201FA0CF021FA02F101
:100620000CE002F11402D8BFC2F1200C01FA02F171
:1006300020FA0CFCDCBF41EA0C019040E41AA2BF96
:1006400001EB0451294330BD6FEA04041F3C1CDA5E
:100650000C340EDC04F11404C4F1200220FA04F07E
:1006600001FA02F340EA030021FA04F345EA030128
:1006700030BDC4F10C04C4F1200220FA02F001FAEA
:1006800004F340EA0300294630BD21FA04F029466C
:1006900030BD94F0000F83F4801306BF81F4801105
:1006A0000134013D4EE77FEA645C18BF7FEA655C78
:1006B00029D094EA050F08BF90EA020F05D054EA4A
:1006C000000C04BF1946104630BD91EA030F1EBF4F
:1006D0000021002030BD5FEA545C05D14000494153
:1006E00028BF41F0004130BD14F580043CBF01F546
:1006F000801130BD01F0004545F0FE4141F470012C
:100700004FF0000030BD7FEA645C1ABF1946104606
:100710007FEA655C1CBF0B46024650EA013406BF07
:1007200052EA033591EA030F41F4002130BD00BFC6
:1007300090F0000F04BF0021704730B54FF4806483
:1007400004F132044FF000054FF0000150E700BF04
:1007500090F0000F04BF0021704730B54FF4806463
:1007600004F1320410F0004548BF40424FF0000150
:100770003EE700BF42004FEAE2014FEA31014FEA93
:1007800002701FBF12F07F4393F07F4F81F06051E2
:10079000704732F07F4208BF704793F07F4F04BF2D
:1007A00041F40021704730B54FF4607401F000450A
:1007B00021F000411CE700BF50EA010208BF70476A
:1007C00030B54FF000050AE050EA010208BF70475B
:1007D00030B511F0004502D5404261EB41014FF4C4
:1007E000806404F132045FEA915C3FF4D8AE4FF0CC
:1007F00003025FEADC0C18BF03325FEADC0C18BFAF
:10080000033202EBDC02C2F1200300FA03FC20FAFF
:1008100002F001FA03FE40EA0E0021FA02F114444C
:10082000BDE600BF4A0011D212F5001211D20DD55B
:100830006FF47873B3EB62520ED44FEAC12343F0E6
:10084000004343EA505323FA02F070474FF0000090
:10085000704750EA013002D14FF0FF3070474FF03F
:10086000000070470348044B834202D0034B03B19E
:100870001847704780000020800000200000000022
:100880000548064B1B1AD90F01EBA301491002D0F2
:10089000034B03B118477047800000208000002000
:1008A0000000000010B5064C237843B9FFF7DAFFCB
:1008B000044B13B10448AFF300800123237010BD33
:1008C0001C06002000000000E84D010808B5054B9B
:1008D0001BB105490548AFF30080BDE80840FFF7AC
:1008E000CFBF00BF0000000020060020E84D010837
:1008F0001B491C4BCA682DE980484FF6FF00024097
:100900001343C7B00F20CB60F0F72CFE002800F097
:100910001082002144221EA803F084F80023CDE9B0
:100920000E33CDE91033104912930B6803F4C06302
:10093000B3F5007F29D00B680C4A23F4C06343F45D
:1009400000730B6013684A69322000FB03F3084808
:10095000B3FBF0F3500503F1010311D50BE000BF29
:1009600000ED00E00003FA050070004000000020E8
:1009700040420F0023B14A69520503F1FF33F9D415
:10098000BF4B5B695B0500F1D2810A231E932B9359
:100990004FF010084FF48073CDE921380226072369
:1009A00001271EA82C93CDE92866CDE92D66239753
:1009B0002A97F0F701FE0346002840F0B881CDE900
:1009C000103312930EA80F234FF003090421CDE931
:1009D0000E39F1F7EDF80446002840F0A881A94D42
:1009E000DFF8C0A2EB6C3343EB64EB6C334008934D
:1009F000089BEB6C43F08003EB64EB6C03F080032B
:100A00000793079BEB6C3B43EB64EB6C3B4006931B
:100A10004FF0904B069B41F20123CAF828304FF467
:100A20008812CBF828803346CDE9000008215046D3
:100A3000FFF73AF933462246CDE9004492480921AE
:100A4000FFF732F933465846CDE900444FF44412DB
:100A50004FF40061FFF728F923463A465046CDE9A6
:100A6000009441F20121FFF71FF950463346224618
:100A70003146CDE90094FFF717F9334658463A4618
:100A80004146CDE90094FFF70FF921460920FEF712
:100A90005FFFDFF814924FF40076C9F80060282059
:100AA0002146FEF755FF4FF48073C9F80430AB6C54
:100AB0003B43AB64AB6C3B40059321460C20059B4C
:100AC000FEF746FF4FF48053C9F800300D20214651
:100AD000FEF73EFF4FF40053C9F800304046214670
:100AE000FEF736FF4FF48033C9F80030112021465D
:100AF000FEF72EFF4FF40033C9F80030634DDFF8E6
:100B0000ACC1C5F8E0434FF4E133C5E9F644C5E9AB
:100B1000FB44C5E9F4C3C5F8F4434FF440730C2417
:100B200005F57470C5E9F943F4F744FC002840F07A
:100B3000FE800723564AC5F8DC310823C5E978034F
:100B40004FF48273C5E96C234FF47063C5E97000FC
:100B5000C5E97300C5E97500C5F8C861C5F8B801F5
:100B6000C5F8BC31FFF730FA002840F0E080494B6F
:100B7000494EC5F89003C5E9DC63A423C5E9DE3717
:100B8000C5E9E000C5E9E200FFF78AF9024600285E
:100B900040F0CD8095F8B133202BDEB240F0C78015
:100BA00095F8B033BB4200F0C280D5F870332420F2
:100BB00085F8B103196821F001011960196821F461
:100BC000805119601968196019683943196085F8EE
:100BD000B16395F8B11385F8B0232029CEB240F067
:100BE000A68085F8B103196821F001011960196820
:100BF00021F470611960196839431960274BC5F8F1
:100C0000583405F58B604FF46123C5F86C4485F8C2
:100C1000B16385F8B023C5F85C34C5F86024C5F825
:100C20006424C5F86824C5F87024C5F87424C5F890
:100C30007824C5F87C24F4F7BDFB0446002876D15F
:100C40002C22014613A802F0EDFE154AC5F84442D5
:100C50001F23C5F8303295F84932C5E98A2440F29D
:100C6000E732C5E98D24C5E98F44002B75D00C4BC4
:100C7000022285F84922DA68D40640F1988017E00C
:100C80000070004000100240001C0048800000205E
:100C900000300140E49CD110005800400038014071
:100CA000002800400004004800E100E0004400404B
:100CB00095F848320127BB4285F8497237D0D5F8FC
:100CC000283285F848724FF002084FF0CA095324C1
:100CD00085F84982C3F824905C62FEF77FFCD5F862
:100CE0002832F8B99A6818609A6822F480229A60CB
:100CF0009A689A60FEF798FCD5F82832FF265E6263
:100D000090B985F8497285F84982C3F824905C62ED
:100D100085F84872FEF762FC00287FD0D5F82832AB
:100D20005E6201E0FF225A62002385F84832F3F741
:100D3000A7F9BF4B1A6E42F001021A661A6E02F052
:100D400001020A920A9A9A6D42F080529A659B6D4E
:100D500003F080530993099BDBE50021542230A85E
:100D600085F848124FF4007602F05CFE4FF4003331
:100D70002FA82F934596F4F7C1F904460028D6D141
:100D8000AB4AD2F8903043F400430146C2F89030A9
:100D90000320FEF7DDFD0823C9F800302920214695
:100DA000FEF7D6FDC9F80460D5F8283260E7CA21FD
:100DB000532259625A62FEF711FCC8B9D5E98A324A
:100DC0009968D5F8380221F4E00121F040019960DA
:100DD0000243D5F84002996802430A43D5F8341219
:100DE0009A6019611A69D5F8301242EA01421A6113
:100DF000FEF71AFCD5F82832002840F02184D96C7F
:100E0000D5F84422D5F83C0221F00301D964D96C0D
:100E100002430A43FF21DA64596249E7D5F82832D0
:100E200042F201125A60FEF7FFFBD5F82822034672
:100E3000566200287FF478AFCDE91633CDE91A3336
:100E400085F84832ADF84C308DF84E301493189335
:100E500013A84FF4807385F849728DF870701D9354
:100E6000FEF70AFC814600287FF461AF7148724C9E
:100E7000724E02F035FF7249724802F043FF724B26
:100E8000C5F81C320FCC0FC694E8030086E80300B7
:100E9000384685F82082F0F7BBFF6C494FF4A87202
:100EA0002C20F7F757F88446002800F0E380064628
:100EB000674B46F8043B08340FCC0FC60FCC0FC667
:100EC00094E8030086E80300FA20C5F800C1EFF7B4
:100ED00037FB40F6B830EFF78BFB4846EFF7D4FB13
:100EE0003846EFF70FFC43F69820EFF757FC052044
:100EF000EFF7A4FC0320EFF7E9FC4046EFF732FDE3
:100F00006420EFF777FD5348EFF7BCFD4FF4FA701C
:100F1000EFF768FE3846EFF7B9FE4846EFF70AFEEE
:100F200072B6BFF34F8FBFF36F8F85F8A09162B693
:100F3000BFF34F8FBFF36F8F4046F0F769FF464B0B
:100F40004FF480529A61FEF74DFD44493722142038
:100F5000F7F700F80446002859D0C0F80090C0F810
:100F60000490C0F80890C0F80C90C0F810903C496C
:100F7000782240F25E20F6F7EDFF0646002800F0EA
:100F8000638340F25E22494602F04CFD354B86F801
:100F9000C47186F8C67123604FF44053C4E90197C9
:100FA000266184F80D9003222F932FA93B463846E3
:100FB000ADF8C090F6F750FDBDF8C03041F21022F8
:100FC00023F00F01914200F00784274A2749D5F802
:100FD00098610020B0472046F6F71CFD012343F23C
:100FE0001C0218462F9200242FA90322ADF8C040FE
:100FF000F6F732FDBDF8C030180508D50020D5F849
:1010000098311B4A154998472046F6F703FD0024FE
:10101000114B4FF480529A62EC60FEF7E3FCEB68F0
:10102000002B00F0B7830420F0F7F2FE2AE000BFA7
:1010300000100240FC940108304F01080802002013
:10104000D84E01081495010800366E01948F0108EE
:1010500050D1C0ACA086010000040048889301086C
:101060006C9501080EB0371380950108A095010812
:10107000B8950108CE48C5F800C1F0F7C9FECD48C3
:1010800002F02EFED5F8D033CB49002224208B422B
:10109000C5F84C041A605A609A6000F0DA82C74AB8
:1010A000934200F0E58200220123CDE90022C448EA
:1010B000C5F8542485F84824C5F84C241946C5F8C9
:1010C0005024C5F83024C5F83424FEF7EDFDD5F8DA
:1010D0001422D5F814329B1A012BFAD9B8480022F1
:1010E00004690223CDE900220121FEF7DDFDD5F8D8
:1010F000142204F00104D5F814329B1A012BFAD9FA
:10110000AF48036913F0010340F076820121CDE975
:1011100000330322FEF7C8FD04F151014B00A9483A
:10112000C5F8783302F0EEFDFEF7BAFE00287FF432
:10113000FEAD95F8B133202B7FF4F9ADD5F87023CF
:1011400085F82102282385F8B13313689E499F480A
:10115000C5F8A40343F0B80313604FF400738B6128
:10116000DFF888A29A4ADFF888B29A4EC5F8C823F9
:101170002923A5F8CC334FF6FF73AAF8083072B6CE
:10118000BFF34F8FBFF36F8F0023D5F8A401C5F8CD
:10119000A43162B6BFF34F8FBFF36F8F002840F0CA
:1011A00003824FF090431C6914F4006440F02282E3
:1011B0004FF400728848C3F82824F0F701FE0A2192
:1011C00072B6BFF34F8FBFF36F8F9AF80A30DBB25E
:1011D00062B6BFF34F8FBFF36F8F43B9D5F81422B8
:1011E000D5F814329B1A0A2BFAD90139E8D13368A1
:1011F0003F22C5F8E024590356BF33684FF4A023BB
:1012000003F48033C5F8E434336803F00103C5F810
:10121000F8347368C3F30723C5F8FC34336803F06C
:10122000F003C5F80035336803F48073C5F8EC3477
:101230007368C3F30463C5F8F034D6F890305A07E6
:1012400058BFD6F89030654A54BF03F00103052318
:10125000C5F8E834D6F8943003F00103C5F8F43447
:10126000D6F8983003F00103C5F80435336813F05D
:10127000807FF36803F00303C5F80C35F368C3F30C
:10128000021303F10103C5F81035F368C3F3062315
:10129000C5F81435F368C3F3415303F101034FEA72
:1012A0004303C5F81C35F368C3F3416303F101033D
:1012B0004FEA4303C5F82035F3684FEAD363C5F816
:1012C0001835B36803F00303C5F82835B36803F095
:1012D000F003C5F82C35B36803F4E063C5F8303586
:1012E000B36812684FEAD30302F0070203F4E06325
:1012F000C5F838254FF0240285F8B123C5F83435F8
:1013000008BF0122D5F8703318BF0222C5F808259E
:101310000F22C5F824251A6822F001021A60304A0B
:10132000934200F021820023C5F8B43385F8B0332E
:1013300085F8B1330222C5F8A03385F8B233D5F869
:10134000B03185F80D221A6822F040021A60254A51
:10135000934200F0DC81D5F8D023174900232420E4
:101360008A42C5F8103285F80C3285F80D32C5F87E
:101370004C0413605360936000F0BD810F4B9A42A0
:1013800000F00F82DFF86C80174F0023C5F854344B
:1013900085F84834C5F84C3408F10C09C5F85034C8
:1013A0004146C5F83034C5F834343B4624E000BF2C
:1013B000000002103495010800380140004400404C
:1013C000001C0048F895010800040048614E000820
:1013D000704F0108001002401096010800200240E2
:1013E0000058004000300140BC05002000000020F3
:1013F000215453525C51010851F8042B20331068DA
:1014000043F8200C506843F81C0C906843F8180C03
:10141000D06843F8140C8945106A526A43F8100CDE
:1014200043F80C2CE8D1329B0293339B03930120A9
:101430004FF21F714FF090424FF0030E00FA04F389
:101440000B4207D0D2F800C063000EFA03F343EA60
:101450000C0313600134102CF0D1039C029B009309
:10146000B5480194002303224EF6FC51FEF71CFC04
:10147000029B0093B1480194002303224FF6FF71B1
:10148000FEF712FCF36C23F00103F364F36C23F01A
:101490000203F364F36C4FF0E02223F08003F36463
:1014A000136923F00203136172B6BFF34F8FBFF3CA
:1014B0006F8F4FF090431B691B0504D495F8C5331B
:1014C000002B00F0058162B6BFF34F8FBFF36F8F23
:1014D0004FF0E0229A48136943F002031361F0F7DA
:1014E0006BF89848D5F83815F0F762FBF36C43F0C9
:1014F0000103F364F36C03F001030D930D9BF36C94
:1015000043F00203F364F36C03F002030C930C9BAF
:10151000F36C43F08003F364F36C03F080030B93EC
:101520000B9B58F8043B3A681A607A685A60BA68AC
:101530009A60FA68DA603A691A62C8457A695A624A
:1015400007F12007EDD1FEF7ABFCFEF73DFD7E482D
:10155000F3F730FF95F8B133202B7FF4E8AB7B4BEA
:10156000D5F87023C5F8A433282385F8B133136860
:10157000774843F0B8031360F0F722FC72B6BFF36C
:101580004F8FBFF36F8FAB6803F4607362B6BFF326
:101590004F8FBFF36F8FB3F5607F00F08580664B90
:1015A0004FF400729A61EAE558452FD072B6BFF346
:1015B0004F8FBFF36F8FAB6803F0805362B6BFF3FA
:1015C0004F8FBFF36F8F002B7FF4D9ADF0F736FC50
:1015D00072B6BFF34F8FBFF36F8FA96821F0004140
:1015E000A96062B6BFF34F8FBFF36F8F5948F0F712
:1015F000E7FBD4E730BFD2E700230121CDE9003378
:101600000322FEF751FB04F1520187E50A2172B66D
:10161000BFF34F8FBFF36F8F9AF80A30DBB262B619
:10162000BFF34F8FBFF36F8F43B9D5F81422D5F8AE
:1016300014329B1A0A2BFAD90139E8D1F2F720FDAE
:10164000FF225A62F2F71CFD20612046F6F790F95E
:10165000DDE402F1804202F504324FF4C061136E02
:1016600023F480434FF090401366EFF731FD1AE505
:1016700002F5E6320F21936D23F4003393654FF0AA
:101680009040EFF725FDD5F84404FEF767FDD5F847
:101690004004FEF763FD304B4022C3F88420BFF3C3
:1016A0004F8FBFF36F8FFEE472B6BFF34F8FBFF360
:1016B0006F8F95F8A03162B6BFF34F8FBFF36F8F76
:1016C000002B3FF46CAF2548F0F77AFB02206DE762
:1016D00023490B6823F0070302F5506243F001032E
:1016E0000B60136943F00403136130BF136923F0E7
:1016F00004031361E7E61B4A136E23F480434FF49F
:10170000C06113664FF09040EFF7E2FC3AE602F555
:101710006042E021136E23F4805313664FF0904033
:10172000EFF7D6FCD5F80802FEF718FDD5F804024D
:10173000FEF714FD0FE600BF00040048001C00483F
:1017400060050020A4050020D8040020614E000898
:1017500028960108D48F010800E100E040960108B6
:101760000070004000100240B36D3C4823F4800339
:10177000B3654FF48061EFF7ABFC4FF40061EFF716
:10178000A7FC374B0222C3F88420BFF34F8FBFF36F
:101790006F8FC8E53348F0F73BFB334802F0A0FAFF
:1017A00070E4324A936D23F4003393650F214FF0B8
:1017B0009040EFF78DFCD5F84404FEF7CFFCD5F848
:1017C0004004FEF7CBFC264B4022C3F88420BFF335
:1017D0004F8FBFF36F8FD5E543F21C0201232F9289
:1017E0000022ADF8C0202FA903221846F6F734F9DD
:1017F000BDF8C07017F400677FF400ACA068F8F77C
:101800004FFDA668032200923946304640F2491344
:10181000F8F716FD304640F24913009704220221E2
:10182000F8F70EFD304640F24913009710220421CC
:10183000F8F706FD304640F24913009720220521B3
:10184000F8F7FEFC40F24913009730464FF47F5200
:101850000621F8F7F5FCFFF7DBBB00BF00040048EA
:1018600000E100E000000410D495010800100240DF
:1018700010B54FF6FF731446024892B2F4F708F819
:10188000204610BDD8040020DFF834D0F2F78CFDDC
:101890000C480D490D4A002302E0D458C4500433CB
:1018A000C4188C42F9D30A4A0A4C002301E01360A1
:1018B0000432A242FBD302F091F8FFF719F8FEE7D9
:1018C00000000120000000208000002088AC0108FA
:1018D0008000002084070020FEE700000C490D4A2C
:1018E0000B6810B50C4C121B2BB11844904207D852
:1018F0000860184610BD094B0B6018449042F7D998
:1019000002F066F80C2303604FF0FF33184610BD59
:101910003806002000000120001400008807002085
:1019200008B52DED028BB0EE408A01F03BF8B4EE25
:10193000488AF1EE10FA0FD6B5EEC08AF1EE10FA31
:101940000AD8B5EE408AF1EE10FA08D102F040F85C
:1019500022239FED090A0360BDEC028B08BD02F053
:1019600037F8BDEC028B034621221A600348BDE81C
:10197000084000F037B900BF000080FF68950108FB
:1019800008B52DED048BB0EE608AB0EE409A01F000
:101990006BF8B4EE488AF1EE10FAF0EE408A0BD6FE
:1019A000B5EE409AF1EE10FA17D1B5EE408AF1EE9D
:1019B00010FA06D1F7EE008AB0EE680ABDEC048B8F
:1019C00008BDB0EE480A00F06DFC0028F4D0B5EE7A
:1019D000C08AF1EE10FAEFD525E000F063FC88B183
:1019E000F5EE408AF1EE10FAE6D1B0EE490A00F0C9
:1019F00059FC0028E0D0B0EE480A00F053FC002863
:101A0000DAD010E0B0EE490A00F04CFC0028E7D034
:101A1000B0EE480A00F046FC0028E1D0F4EE688AF7
:101A2000F1EE10FA04D601F0D3FF22230360C3E7DE
:101A300001F0CEFF21230360BEE700BF10EE103A95
:101A4000194923F000428A421BD9B2F1FF4F02D359
:101A500030EE400A704700B583B0684600F072FA75
:101A600000F003000128DDED010A9DED000A13D00E
:101A700002280BD098B9012000F03CF903B05DF8C2
:101A800004FBDFED0A0A002000F034B9012000F069
:101A900031F9B1EE400AF1E700F0AAF8EEE700F004
:101AA000A7F8B1EE400AE9E7D80F493F000000006F
:101AB00010EE103A114A23F00043934218D9B3F1C3
:101AC000FF4F02D330EE400A704700B583B068463E
:101AD00000F038FA400000F00200DDED010A9DED53
:101AE000000AC0F1010000F04DF903B05DF804FBFD
:101AF000DFED030A012000F045B900BFDA0F493FCE
:101B00000000000010EE102AC2F3C7537F3B162BD3
:101B100022F0004129DC002B104618DB1A4919413C
:101B20000A4221D0DFED197A70EE277AF5EEC07AFD
:101B3000F1EE10FA18DD002A04DA4FF4000242FA3E
:101B400003F3184420EA010300EE103A7047DFED7A
:101B50000F7A70EE277AF5EEC07AF1EE10FA03DD17
:101B6000002A08DB9FED0A0A7047B1F1FF4FFBD353
:101B700030EE000A7047DFED077A0029BFEE000A59
:101B800008BFB0EE670A7047FFFF7F00CAF24971D5
:101B9000000000000000008010EE103AC3F3C752AE
:101BA0007F3A162A194615DC002A0CDB0C48104136
:101BB000184205D04FF4800313410B4423EA00037D
:101BC00000EE103A7047013203F00043F8D143F0C1
:101BD0007E53F5E7802AF3D130EE000A704700BF4C
:101BE000FFFF7F009FED010A704700BF0000C07F2C
:101BF00010EE103A23F00043B3F1485F2CD2FDEE13
:101C0000C07A17EE903A002B60D060EE007A9FED1C
:101C1000317A9FED315ADFED315A9FED316ADFEDB8
:101C2000316AA7EE875A9FED307AE7EE855AA7EE24
:101C3000A56AA7EE867AE7EE876A67EEA66A60EE87
:101C4000C00AB6EE007AE7EEA60AB7EE000AD7EEB3
:101C5000870A30EE600A704760EE007A9FED1D7AC9
:101C60009FED1D5ADFED1D5A9FED1D6ADFED1D6AC8
:101C70001E4AA7EE875A93429FED1B7AE5EE275A3C
:101C8000A5EEA76AA6EE277AE7EE276A66EEA76AB0
:101C9000D5D9174A934214D803F17F4307EE103A7F
:101CA000B7EE006A36EE476A60EEC00AF6EE005AFA
:101CB00097EEA57AE7EEA60A37EE607A36EE470A87
:101CC0007047B6EE076AB5EE027AEDE7B7EE000AA6
:101CD000704700BF4ED747ADF6740F317CF293B416
:101CE000010DD037ABAA2A3D610BB6BA9999993E3E
:101CF0000000483F10EE103A23F00043B3F1485F74
:101D000004D2FDEEC07A17EE903A5BB360EE007A33
:101D10009FED157ADFED155A9FED156ADFED156A17
:101D2000E7EE875A9FED147AA5EEA76A20EE275AB0
:101D3000E6EE276AA6EEA77A30B9DFED106AE7EE85
:101D4000876AA6EE850A704727EE457AF6EE006AA6
:101D5000A0EEA67ADFED0A6AD7EE270AE5EE260A9C
:101D600030EE600A704700BFD3C92E2F342FD7B290
:101D70001BEF3836010D50B98988083CABAA2ABE42
:101D8000ABAA2A3E08B510EE103A23F00042B2F199
:101D9000465FF0EE407A0FD2BDEEC07A17EE101A11
:101DA000F9B9431C134300F09F80012803D0BFEE14
:101DB000007A87EE270A08BD50498A4211D39FED69
:101DC000507ADFED506A002BBCBFF1EE600AF1EEF5
:101DD000407A77EE677A36EEE07ADFED4B0A77EEFF
:101DE000277A67EEA76ADFED494ADFED495A9FED92
:101DF000495A9FED496A414926EEA67A8A42E7EEA2
:101E0000245AA7EE056ADFED454A9FED455AE5EEF7
:101E1000874AA6EE075ADFED435A9FED436AE4EE88
:101E2000875AA5EE076ADFED414A9FED415AE5EE7C
:101E3000874AA6EE075A9FED3F6ADFED3F5AA4EEB0
:101E4000876AE5EE075AB0EE467AA5EEA67A27EE47
:101E5000A65AB0EE606AA7EE056ADFED384AE6EEF4
:101E6000260AE5EE240A37EEA00A1FD20128A2D0E6
:101E7000BFEE007AC7EE006A314B10EE102A1A400E
:101E800006EE102A16EE902A76EE677A134000EEE0
:101E9000103AB7EE007A70EEE70AF0EE477AE6EE17
:101EA000007AE0EE807AA7EEA60A08BD07EE100AD7
:101EB000B8EEC77A60EE006A30EE070A9B1786EE2E
:101EC000806A03F00203C3F10103F0EE005A36EE1C
:101ED000606A06EE903A77EEC67AF8EEE66AA7EE0A
:101EE000E57A26EE870A08BD00F0D0F9B7EE007A51
:101EF000F0EE407A87EE270A08BD00BF40A12C3FD4
:101F0000DA0F493F68212233000000005FAE9BB723
:101F100045F4A3388453D9377AC09538C8261A3A7D
:101F2000B937813916696B3B48DEBE3AA427B33C0A
:101F30001F37113C8988083ED10D5D3DABAAAA3EF2
:101F400000F0FFFF70B510EE103A884A23F000440D
:101F5000944286B0054671D9854A94421E4624D8DB
:101F600023F00042002BDFED837A834922F00F0239
:101F7000B0EE407A40F3E0808A4270EE677A09BFA3
:101F80009FED7E7ADFED7E6ADFED7E6A77EEC77ABF
:101F900037EEE67A77EEC77A80ED007A77EEE67A6A
:101FA000C0ED017A012006B070BD774A944252D943
:101FB000B4F1FF4F48D2E215863AA4EBC25307EEC4
:101FC000903ABDEEE77ADFED716AB8EEC77A77EE48
:101FD000C77A8DED037A67EEA67ABDEEE77AB8EEA2
:101FE000C77A77EEC77A8DED047A67EEA67AF5EEBA
:101FF000407AF1EE10FACDED057A40F09880B5EE1A
:10200000407AF1EE10FA0CBF0123022360490191DE
:102010000221009103A8294600F0A6F9002EC2DA99
:1020200095ED007AD5ED017AB1EE477AF1EE677A57
:1020300085ED007AC5ED017A4042B4E7002285EDD6
:10204000000A42600020AEE770EE407AC0ED017AEF
:10205000C0ED007AF6E700F019F99FED4E7A9FED9A
:10206000456AF6EE007AE0EE077A9FED457AFDEEDE
:10207000E77A17EE900AF8EEE76A1F28A6EEC60A7E
:1020800066EE877AB1EE666A20DC434A411E26F08E
:10209000004352F8212023F0FF03934216D030EE84
:1020A000677A30EE470A002E30EE670A85ED007A37
:1020B00085ED010ABFF677AFB1EE477AB1EE400A7F
:1020C00085ED007A85ED010A40426CE730EE677AD3
:1020D000E21517EE103AC3F3C753C3EBD453082BE2
:1020E000DFDD9FED267A9FED275AF0EE405AE6EEAF
:1020F000075A70EE657AE6EE077AD6EE857A35EE07
:10210000E77A17EE103AC3F3C753D21A192A10DD33
:102110009FED227A9FED225AB0EE650AA6EE070ADD
:1021200075EEC07AE6EE077AD6EE857AB7E7032336
:102130006CE7B0EE650AB4E78A4270EE277A09BF11
:102140009FED0E7ADFED0E6ADFED0E6A77EE877A8D
:1021500037EEA67A77EEC77A80ED007A77EEA67A28
:10216000C0ED017A4FF0FF301DE700BFD80F493FA7
:10217000E3CB1640800FC93FD00FC93F004435372D
:102180004344353708A3852E800F49430000804320
:10219000E8A8010884F9223F68A8010800A3852E59
:1021A00032318D2408B52DED028BB0EE408A00F05F
:1021B0009DFFF0EE408AB0EE480A00F073F868B177
:1021C000DFED127AB4EEE78AF1EE10FA0BDCDFED08
:1021D000107AB4EEE78AF1EE10FA0FD4B0EE680A86
:1021E000BDEC028B08BDDFED0B8A01F0F1FBB0EE18
:1021F000680ABDEC028B2223036008BD01F0E8FBF6
:102200002223DFED058A0360E8E700BF1772B142C1
:10221000B5F1CFC20000807F0000000010EE103A40
:10222000184923F000428A421AD9B2F1FF4F02D373
:1022300030EE400A704700B583B06846FFF782FE73
:1022400000F003000128DDED010A9DED000A10D029
:10225000022809D090B9FFF7CBFC03B05DF804FB6E
:10226000DFED090AFFF7C4BCFFF7C2FCB1EE400A7C
:10227000F3E7FFF73FFDB1EE400AEEE70120FFF77D
:1022800039FDEAE7D80F493F0000000010EE103A90
:1022900023F0004300EE103A704700BFB1EEC00AD1
:1022A000704700BF10EE103A23F00040B0F1FF4F2E
:1022B000ACBF00200120704708B52DED028BF0EE79
:1022C000408AB0EE608A00F033F820B9B0EE480AD8
:1022D000BDEC028B08BDB0EE480A00F029F820B131
:1022E000F4EEC88AF1EE10FAF0DDB0EE680ABDEC4B
:1022F000028B08BD08B52DED028BF0EE408AB0EEE2
:10230000608A00F015F820B9B0EE480ABDEC028BE7
:1023100008BDB0EE480A00F00BF820B1F4EEC88A10
:10232000F1EE10FAF0D5B0EE680ABDEC028B08BDF4
:1023300010EE103A33F000400ED0A0F50003B3F1D8
:10234000FE4F0DD3074B421E9A4207D9A0F1FF4022
:10235000B0FA80F0400970470220704703207047B0
:1023600004207047FEFF7F002DE9F04F2DED048B18
:10237000DBB01C46944603930A46CD4B68991CF18A
:10238000040F53F82160824604F1FF38C0F24982FD
:10239000BCF1030348BF0CF10403DB1002930133CB
:1023A0004FEAC30EACEB0E030593029B16EB08003D
:1023B000A3EB080316D401309FEDBE7A699C184444
:1023C0001EA9002BA4BF54F8235007EE905A03F126
:1023D0000103ACBFF8EEE77AF0EE477A8342E1EC16
:1023E000017AEED1002EC0F2B182039B1EA901EB4F
:1023F000830446AD4FEA83094046F7180AEB830190
:10240000B8F1000FDFEDAB7A09DBA3465346F3ECDE
:10241000016A3BED017A8B42E6EE877AF7D1013013
:10242000B842E5EC017A04F10404E9D10DF1280B7E
:102430000BEB8603CDE9062E043B9FEDA09ADFED62
:102440009E8A059804930AEB090446AF0BEB8609B4
:102450000096CDF820C05AAB03EB8603002E13ED97
:10246000140A4FEA860515DD7B195A4660EE097A93
:10247000B0EE407AFDEEE77A73ED016AF8EEE77AA6
:10248000BB42A7EEE87A37EEA60ABDEEC77AA2EC09
:10249000017AEBD1019000F01DFFF4EE007AB0EE6E
:1024A000408A20EE270AFFF72DFBF2EE007AA0EE1D
:1024B000678A01980028FDEEC89AF8EEE97A38EEAE
:1024C000678A6CDD06F1FF3EC0F108035BF82E2041
:1024D00042FA03FC0CFA03F3D21AC0F1070119EE19
:1024E000903A4BF82E200A416344002A09EE903AB4
:1024F00000F3F080B5EE408AF1EE10FA40F09D80D6
:10250000009B9E420ADD5D44002355F8041D4D45A5
:1025100043EA0103F9D1002B40F0F280009B013B1C
:102520005BF82330002B40F0E780049B012153F837
:10253000042D0131002AFAD0731C31449C46029DBF
:10254000039A05EB030E0EF1804E699D32440EF1A5
:10255000FF3E07EB83061EAB05EB8E0E03EB8205F9
:10256000DEED017AF8EEE77AB8F1000F0EF1040E15
:10257000E5EC017ADFED4F7A09DB2A465346F3ECAE
:10258000016A32ED017AA342E6EE877AF7D10CF1C7
:10259000010C6145E6EC017AE2DA0E465BE740F0B9
:1025A0008F80731E5BF82320D211002AA2DD19EE62
:1025B000903A002E03F1010309EE903A40F3D481E2
:1025C00059464FF0000E51F8043B002B6AD0C3F57A
:1025D000807341F8043C04E00B68C3F1FF0341F849
:1025E000043B0EF1010E7645F6DC01239E460028E1
:1025F0000ADD012878D0022806D1711E5BF821304F
:1026000003F03F0C4BF821C0022A7FF473AFB7EE02
:10261000000A734630EE488A002B3FF46BAF0992F4
:10262000019000F057FE38EE408A0198099AB5EE05
:10263000408AF1EE10FA3FF463AF9246DDE9062ED0
:10264000DDF820C00196AEEB0C00B0EE480A009E0B
:10265000009200F03FFEDFED186AB4EEE60AF1EEFC
:1026600010FADDE90023F0EE407AC0F250819FEDD0
:10267000137A059920EE077A0831BDEEC77A0591E5
:10268000B8EEC77A5C1CE7EE667ABDEEC77AFDEE5F
:10269000E77A17EE901A4BF8231017EE103A4BF822
:1026A000243046E00EF1010EB6458CDB9E469EE7D7
:1026B0002CAC010800000000000080430000803BBB
:1026C000F6EE007AB4EEE78AF1EE10FA80F2988026
:1026D00000220FE70133002E09EE903A3FF770AF6A
:1026E000002301289E4686D1711E5BF8213003F03D
:1026F0007F0C4BF821C087E7731C9C4619461EE7E8
:1027000033469246DDE905125C1EA1F108005BF834
:102710002410009E059061B903F18043013B0BEB4F
:102720008303014653F8040D013C08390028F9D011
:10273000059105980092B7EE000A00F0CBFD002C41
:10274000009AB0EE407AC0F20581601C46AD5FEDA4
:10275000256A81000BEB800305EB800073ED017AA5
:10276000F8EEE77A5B4567EE877A27EE267A60ED2A
:10277000017AF3D10DF1C8080B1F46A8C718C64649
:10278000A44600259146002E73DB844ADFED847A4F
:102790003846002301E0AB4208DCF2EC016AB0EC01
:1027A000017A01339E42E6EE877AF4DA0CF1FF3CBF
:1027B000BCF1FF3FEEEC017A05F10105A7F104073A
:1027C000E1D1689B022B4A4656DC002B2EDC0ED151
:1027D000DFED737A414431ED017A414577EE877A36
:1027E000F9D15346002B40F0AE80C2ED007A19EECD
:1027F000903A03F007005BB0BDEC048BBDE8F08FAE
:1028000019EE903A002E03F1010309EE903AC8BF89
:1028100002223FF7D5AEF7EE007A37EEC88A0222E1
:1028200068E600234FF0080E0293BBE59FED5C7A4B
:10283000414471ED017A414537EE277AF9D1DDED5A
:10284000327A534677EEC77A002B75D182ED007A43
:1028500064B133A90123B1EC017A01339C4277EED4
:10286000877AF8DA53460BB1F1EE677AC2ED017A56
:10287000BDE7DFED4B7A99E7689B032BB7D1002CBE
:102880007ED008EB840595ED007AA0002B46294602
:1028900071ED017AF0EE476A37EE277A414577EE1F
:1028A000C77A81ED007A77EEA67AC1ED017AEFD191
:1028B000012C65D095ED007A08F1040173ED017AE1
:1028C000F0EE476A37EE277A994277EEC77A83EDC2
:1028D000007A77EEA67AC3ED017AEFD1031DDFED22
:1028E000307A434408F1080833ED017A984577EED1
:1028F000877AF9D15346DDED326A9DED337A73B9AB
:10290000C2ED006A82ED017AC2ED027A6FE7FDEE58
:10291000C07A1C4617EE901A4BF8231009E7F1EE27
:10292000666AB1EE477AF1EE677AC2ED006A82ED2F
:10293000017AC2ED027A5AE7B1EE477A82ED007A67
:10294000002C86D190E7F1EE677A4EE7039B4FEAC1
:1029500083096BE5689B022B0EDC002B13DC7FF4F4
:1029600046AFDFED0F7A3CE7022A7FF4C3ADF7EE06
:10297000007A37EEC88ABDE5689B032B7FF437AF3A
:10298000DFED077AB6E75346DDED327A13B900235F
:1029900013606BE74FF00043136065E700AC01087C
:1029A0000000000008B510EE103A33F000422DEDA3
:1029B000028B2CD0002B1A4632DBB3F1FF4F41DAE9
:1029C000B3F5000F35DB0021D3157F3B0B44D90F46
:1029D000C1F17F0103EBD373C2F3160207EE903A05
:1029E00042EAC15200EE102AB8EEE78A00F00EFD6E
:1029F000DFED177A9FED177A20EE270ADFED167AC2
:102A0000A8EE070AA8EE270ABDEC028B08BDBDECB4
:102A1000028B9FED127ADFED127A87EE270A08BD4E
:102A2000BDEC028B70EE407A9FED0D7A87EE870A3F
:102A300008BDDFED0C7A60EE277A6FF0180117EE13
:102A4000902AC1E7BDEC028B30EE000A08BD00BF42
:102A5000D95BDE3EDB27543580209A3E000000CC57
:102A6000000000000000004C2DE9F0432DED028B2A
:102A700083B0CDED010A8DED000ADDE9004535F0AA
:102A8000004610D184F48004640014F5000F1BD9B3
:102A9000DDED007A9DED017A37EE870A03B0BDECDB
:102AA000028BBDE8F08324F00047B7F1FF4F02D856
:102AB000B6F1FF4F0FD9B4F17E5FE9D185F48005FF
:102AC0006D0015F5000FE3D8B7EE000A03B0BDECBA
:102AD000028BBDE8F083002CB84616DBB6F1FF4F41
:102AE00000F0F780B6F17E5F00F02681B5F1804FEF
:102AF00000F04681B5F17C5F40F0388103B0BDEC59
:102B0000028BBDE8F043FFF7C9BBB6F1974F80F0E9
:102B1000F080B6F17E5F80F01981B5F1804F00F052
:102B20002F81B5F17C5F40F02181FFF7AFFBB7F15A
:102B3000FF4FB3D04FF00009002F00F0F280B7F143
:102B40007E5F00F0E580E20F013A59EA020300F0EF
:102B50002181B6F19A4F40F24581924B9F4240F25B
:102B60003E82914B9F4200F24782F7EE007A30EEB0
:102B7000670A9FED8E6ADFED8E5AF5EE007AA0EEC1
:102B8000676AF6EE006AE6EE406A20EE007ADFED54
:102B9000897A9FED896A27EE267A67EEC77AE0EE9A
:102BA000257AF0EE676AE0EE066A16EE903A6FF369
:102BB0000B0306EE903AB0EE667AA0EE467A77EE18
:102BC000C77A6FF30B0507EE105A9DED016ADDED34
:102BD000015A36EE476A67EEA57A26EE877AE6EE68
:102BE000267A09F1FF3959EA0209BFEE008A77EE29
:102BF000876AB7EE006A16EE903A18BFB0EE468AC2
:102C0000002B23F0004240F3B981B2F1864F00F26D
:102C1000388200F01C82B2F17C5F00F20082002258
:102C200010466FF30B0305EE903A75EEC76A9FED01
:102C3000637A9FED633A9FED632ADFED633A9FED80
:102C4000634ADFED634A9FED635A77EEE67A25EE3D
:102C5000877ADFED616AA7EEA67AF0EE002AF0EE41
:102C6000476AE5EE836AB7EE000A26EEA66AF0EE42
:102C7000667AE6EE023AE5EEC37AF0EE445AE3EE07
:102C8000865A77EE677AB0EE647AA5EE867AF0EE31
:102C9000455AE7EE065AB0EE667AA5EEC67AE6EE3B
:102CA000A77A66EE875A37EE626A85EE867A77EE05
:102CB000677A77EEE67A30EE670A10EE103A134440
:102CC000B3F5000FC0F2958100EE103A20EE080A2D
:102CD000E4E6B7F17E5F3FF4F7AE32D99FED3F0AED
:102CE000DDED017A002DB8BFF0EE407AB0EE670A54
:102CF000D4E6B6F1FF4FECD04FF002099DED000A8B
:102D0000FFF7C4FAB7F1FF4F02D0002F7FF417AFDF
:102D1000002DBCBFF7EE007A87EE800A002CBFF6CC
:102D2000BDAEA7F17E5757EA090740F0208170EE4B
:102D3000407A87EEA70AB1E6002D1ADB9DED000A66
:102D4000ACE6002D21DB9FED250AA7E6F315C3F1C4
:102D5000960346FA03F202FA03F3B34200F0FA8054
:102D6000B6F17E5FE8D0B5F1804F09D04FF0000991
:102D7000C4E79DED007AF7EE007A87EE870A8DE6CC
:102D8000DDED007A27EEA70A88E6DDED017AB1EEE7
:102D9000670A83E6DDED007A77EEE77A87EEA70A29
:102DA0007CE600BFF3FF7F3F0700803FABAAAA3E4F
:102DB00070A5EC363BAAB83F00AAB83F8CBEBF3521
:102DC0000072313F4CBB31330EEADDB555B38A3862
:102DD000610B36BBABAA2A3E1872313F00000000DF
:102DE0000000804B14F0FF4F40F0F7805FED047A55
:102DF00060EE277A6FF0170317EE908AA9484FEA22
:102E0000E851C8F316087F398045194448F07E53CD
:102E100040F3DB80A448804540F3F8809FEDA35A3F
:102E20000131F0EE453AA3F50003F7EE005A002019
:102E300006EE103A76EE257AB7EE007A87EE270A8C
:102E40005B1043F0005303F58023034476EE656A7C
:102E500007EE901A26EE803AB8EEE77A13EE101AD3
:102E600007EE903A924BDFED930A9FED938A9FED28
:102E7000931ADFED932ADFED931A9FED932A77EEF5
:102E8000E55A194004EE901A36EE656A63EE035A6D
:102E9000E4EEE76AF0EE607AE5EE887AE4EEC66A80
:102EA000A7EEA51A66EE806AE1EE252A73EE247A73
:102EB000E2EEA51A25EEA58AA1EEA52A67EEA67A6E
:102EC000B0EE084AB0EE446AE8EE027AA4EEA46AD4
:102ED000DFED7E0A9FED7E1ADFED7E2A36EE276A51
:102EE00016EE101A194006EE101A76EE445AE4EE69
:102EF000E45A77EEE57A67EE837AE6EE867AF0EECC
:102F0000675AE4EE865A15EE901A194005EE901AAB
:102F1000F0EE656AE4EEC66A77EEE67A67EEA07ACE
:102F2000E5EE817A77EEA37AF0EE676AE5EEA26AC3
:102F300076EE856A76EE876A16EE901A194006EEEE
:102F4000901A36EEC77A37EE457AA5EEE27A77EE3A
:102F5000C77A36E6B6F17E5F3FF4EEAEB5F1804F4C
:102F60003FF40EAF02F00102C2F10209C6E6B9F168
:102F7000010F7FF493ADB1EE400A8FE556498A42C6
:102F800000F287807FF447AE76EEC76AF4EEE76A18
:102F9000F1EE10FA7DDA03F50043504AC3F3C7514E
:102FA0007F39C3F316000A4140F40000C1F1170154
:102FB0001A400841404206EE902A37EE667AC20572
:102FC00077EE876A16EE903A2BE69FED385AF7EEC9
:102FD000005AF0EE453A00202AE700230EE7002DC4
:102FE0000CDB002003B0BDEC028BBDE8F04300F029
:102FF00001BA00F06FF969E6002DF2DD002003B0A0
:10300000BDEC028BBDE8F04300F0FAB99FED345AF5
:10301000DFED343AF7EE085A4FF4001008E7D21506
:103020007E3A4FF40001114119442C4AC1F3C754B0
:103030007F3CC1F31600224140F40000C4F11704A4
:10304000002B40FA04F002EA0102B4DAB2E79FED85
:10305000266A76EEC76A37EE866AB4EEE66AF1EE65
:1030600010FA0EDC03F500431C4AD9157F39C3F36F
:1030700016000A4140F40000C1F117011A4008414E
:1030800099E7B5EEC08AF1EE10FA4CBF012000209E
:10309000B5E7B5EEC08AF1EE10FA4CBF0120002072
:1030A000A0E700BF71C41C00D6B35D0000000000A3
:1030B00000F0FFFF55326C3E42F1533E05A38B3EBC
:1030C000ABAAAA3EB76DDB3E9A99193F4F38763FBF
:1030D000A0C39D360038763F00001643000080FFF5
:1030E00000C0153FDCCFD1353CAA383310EE103A82
:1030F00023F00042B2F1FF4F56D84FEAD37100F0EF
:1031000095806248834200F38780002BC0F287805D
:103110005F4B9A424BD95F4B9A4200F29A805E4BCA
:103120005E4A03EB8103D3ED004A02EB810281F09A
:10313000010370EE644AD2ED007A5B1A34EEE70ABE
:10314000DFED576A9FED575ADFED575A9FED576AEB
:1031500020EE007AA7EE265ADFED556AE5EE075A13
:10316000E5EE876AA6EE876AF0EE406AE6EE476A09
:1031700020EE266A002B42D0B0EE007A37EE667A57
:10318000B7EE000AC6EE076A13F17D0F77EEE67A16
:1031900077EEE47A30EE670A4FDB10EE102A02EB8E
:1031A000C35300EE103A704730EE000A7047B2F198
:1031B000505F0AD2DFED3F7A70EE277AB7EE007AE1
:1031C000F4EEC77AF1EE10FA5DDC60EE007A9FED66
:1031D000347ADFED345A9FED346ADFED356AE7EE7D
:1031E000875A9FED327AA7EEA56AE7EE866AA7EEC8
:1031F000A67AF0EE406AE7EEC76A20EE266AF0EEA5
:10320000007A76EEE76AB7EE007AC6EE267A77EEB7
:10321000C07A37EE670A7047002000F0F1B8264BFD
:103220009A427FF675AF002000F0E4B8DFED237A14
:10323000002918BFB0EE670A704710EE102A6433F9
:1032400002EBC353DFED1E7A00EE103A20EE270AA0
:1032500070471C4B9FED1C7ADFED1C6A03EB81036A
:10326000D3ED007AE0EE077A9FED197AFDEEE77A6A
:10327000F0EE404A17EE903AF8EEE77AE7EEE64ACB
:1032800067EE877A5AE730EE070A70471772B14245
:103290001872B13E9115853F40AC010838AC010869
:1032A0004CBB31330EEADDB555B38A38ABAA2A3EA2
:1032B000610B36BBCAF24971B5F1CF420000000084
:1032C0000000800D48AC01083BAAB83F8071313F37
:1032D000D1F7173710EE103A33F000411A4627D0D5
:1032E000B1F1FF4F21D213F0FF4F22D1DFED2B7A46
:1032F0002B4A60EE277A904217EE903A33DB4CF27D
:10330000503CC3F3C75160451A46A1F1190116DDBF
:10331000DFED247ADFED246A002BB0EE677AB8BFC8
:10332000F0EE667A27EE870A704730EE000A7047A3
:1033300070474CF2503C60454FEAD151E8DC014403
:10334000FE29E5DC002915DC11F1160F19DB193116
:1033500022F0FF4242EAC15207EE902A9FED130A83
:1033600027EE800A7047DFED127A07EE103A27EE5B
:10337000270A704722F0FF4242EAC15300EE103A9A
:103380007047DFED0B7ADFED0B6A002BB0EE677A4A
:10339000B8BFF0EE667A27EE870A70470000004C4F
:1033A000B03CFFFFCAF24971CAF249F10000003394
:1033B0006042A20D6042A28D10B52DED028BB0EEE1
:1033C000408A044600F004FBB0EE480ABDEC028BD4
:1033D000046010BD30B1F1EE407A27EE800A222061
:1033E000FFF7EABFF0EE407A27EE800A2220FFF7CF
:1033F000E3BF00BF9FED010AFFF7ECBF0000001024
:103400009FED010AFFF7E6BF0000007010EE102AE2
:1034100032F000432FD0002A134633DBB2F1FF4FC6
:1034200040DAB2F5000F34DB4FF0000C6448C3F310
:103430001601084400F4000282F07E520A43DB15B4
:1034400000EE102A7F3B5F4A634401F10F0CF7EE58
:10345000007A0CEA020230EE670A03EBD05322BB7B
:10346000B5EE400AF1EE10FA62D1002B40F09080E8
:103470009FED550A70479FED557ADFED537A87EE41
:10348000270A704770EE407A9FED4F7A87EE870AE1
:103490007047DFED4F7A60EE277A6FF0180C17EE69
:1034A000903AC3E730EE000A7047F0EE007A70EE13
:1034B000277A07EE103A80EE274A4648C1F55712A0
:1034C000084402F522720243002A9FED433ADFEDE1
:1034D000434ADFED435ADFED433A9FED435ADFEDB8
:1034E000437ADFED436A24EE046AF8EEC72A26EE3B
:1034F000067AE7EE034AA7EE235AE4EE875AE5EE92
:10350000076AE5EE877A67EE867AE6EE877A2ADD45
:10351000B6EE007A20EE077A27EE007A77EE877A09
:1035200067EE847A3BBB37EE677A30EE470A704726
:103530009FED307AF6EE007AE0EE477A20EE007AE0
:1035400027EE277A002BF0D007EE903A9FED2A6AFB
:10355000DFED2A6AF8EEE77AA7EEC67A37EE400A80
:1035600097EEA60A704770EE677A67EE847AE3B941
:1035700030EE670A70479FED206ADFED206AE2EEC9
:10358000867A37EE677A37EE400A92EEA60A7047DF
:1035900007EE903A9FED180A9FED187AF8EEE77A59
:1035A00027EE800AA7EE870A7047DFED136A9FEDCA
:1035B000137AE2EEE67A37EEC00A92EE870A704797
:1035C00020FB4A00F0FF7F0000000000000000CC5C
:1035D0000000004C305CCFFF9788173E25333A3E01
:1035E0002549923E4FD01C3E298E633EABAA2A3F0E
:1035F000CDCCCC3EABAAAA3ED1F717378071313F74
:1036000008B52DED048BF0EE408AB0EE609A00F024
:1036100007F9F0EE490AB0EE408AB0EE680A00F011
:103620000BF8F0EE400AB0EE480ABDEC048BBDE8A2
:10363000084000F005B800BFB0EE600A704700BF58
:1036400008B52DED048BF0EE408AB0EE609A00F0E4
:1036500055F8B0EE408AFEF725FE20B1B0EE480ADC
:10366000BDEC048B08BDB0EE680AFEF71BFE002817
:10367000F4D0B0EE490AFEF715FE0028EED000F0B7
:10368000A7F922239FED018A0360E7E70000807F0E
:1036900008B52DED048BF0EE408AB0EE609A00F094
:1036A000BFF8F0EE490AB0EE408AB0EE680AFFF7C4
:1036B000C3FFB0EE409AB0EE480AFEF773FDF0EE9D
:1036C000408AB0EE490AFEF7B9F9B0EE408AB0EE92
:1036D000490AFEF7A3FD28EE288ADFED077A68EE97
:1036E000277AB0EE407AE7EE287AF0EE480ABDEC91
:1036F000048BB0EE670A08BD0000000010EE103A1F
:1037000023F0004210EE903A23F000439A4202DB8D
:10371000194613460A46991AB1F1706F00EE103A35
:1037200006EE902A3FDCB3F1B14F10B52EDC002439
:10373000B2F11A5F0ADA42B3B2F5000F60DADFEDD8
:10374000357A66EEA76A20EE270A7E3C30EE666A7E
:10375000F4EEC66AF1EE10FA28D56FF30B0307EE0C
:10376000903A30EE277A30EE670A27EE000AA6EE8E
:10377000A60AA7EEA70AFEF791FD34B1E40504F10D
:103780007E5407EE904A20EE270A10BDB3F1FF4F9A
:1037900029DA03F15E4302F15E4200EE103A06EED2
:1037A000902A4424C4E730EE260A70471A4903F5EC
:1037B00000030B4007EE903AB0EE007AB0EE675A85
:1037C00090EE075A02EA010307EE103A26EE850A48
:1037D00076EEC75AA5EEA70AA6EE060AA7EE270AB6
:1037E000FEF75CFDC9E714BF30EE260A9FED0B0A19
:1037F000DFED0A7AB2F1FF4F08BFB0EE670A10BDE5
:1038000003F1085302F1085200EE103A06EE902A36
:10381000443C9BE70000807E00F0FFFF0000807FBB
:10382000704700BF38B510EE105A25F00044B4F1CF
:10383000A14FF0EE407A0DD3B4F1FF4F5BD8DFED2E
:10384000517A9FED517A002DCCBFB0EE470AB0EE11
:10385000670A38BD4D4B9C425CD8B4F1445F4DD3F0
:103860004FF0FF3327EEA76A9FED495A9FED497A43
:10387000DFED495ADFED494A66EE066A5A1CA6EEAC
:10388000857AE6EEA54A9FED465ADFED465AA7EE49
:10389000265AE4EEA65A9FED447ADFED444AA5EE9F
:1038A000267AE5EEA64A9FED425ADFED425AA7EE90
:1038B000265A9FED417AA4EEA67AE5EE265A27EE27
:1038C000267AA5EE867A27EE877A38D03B493C4A9D
:1038D00001EB8301D1ED006A37EE667A02EB8303D8
:1038E000D3ED006A37EE677A002D36EEC70AB0DAFC
:1038F000B1EE400A38BD30EE000A38BD9FED317A96
:1039000030EE077AF7EE006AB4EEE67AF1EE10FADE
:10391000A6DD38BDFEF7BAFC2B4B9C4212D8A3F5AE
:10392000D0039C4223D8F0EE007ABFEE007AA0EEDE
:10393000277A002330EE270AC7EE007A92E737EEA7
:10394000C70A38BD214B9C420BD8F7EE087AB7EE78
:10395000007AA0EE277A022330EE670AC0EE077ADB
:1039600080E7BFEE007AC7EE007A03237AE7F7EE2E
:10397000007A30EE677A30EE270A0123C7EE007A2C
:1039800070E700BFDB0FC9BFDB0FC93FFFFFDF3EA2
:10399000D769853C59DA4B3D21A215BD6BF16EBD4F
:1039A000356B883D95879DBD6E2EBA3D388EE3BD43
:1039B0002549123EABAAAA3ECDCC4CBE50AC010864
:1039C00060AC0108CAF24971FFFF973FFFFF1B403F
:1039D000014B1868704700BF2C00002070B50D4DDA
:1039E0000D4C641BA4100026A64209D10B4D0C4CB3
:1039F00001F0FAF9641BA4100026A64205D170BD9F
:103A000055F8043B98470136EEE755F8043B9847D4
:103A10000136F2E778AC010878AC010878AC01080F
:103A20007CAC010802440346934200D1704703F87E
:103A3000011BF9E77047704770B50F4E0C463168AF
:103A4000054611B900F0A6F830602146284600F07E
:103A5000A1F8431C03D14FF0FF34204670BDC41CB5
:103A600024F00304A042F8D0211A284600F092F86E
:103A70000130F2D1EFE700BF780700202DE9F843CD
:103A8000CD1C25F0030508350C2D38BF0C25002D65
:103A9000064601DBA94204D90C2333600020BDE8AF
:103AA000F883DFF8D48000F069F8D8F800301C46BD
:103AB00044BB29463046FFF7BFFF431C044658D19C
:103AC000D8F800402746002F43D1002C4BD0236864
:103AD0003946304604EB030900F05CF8814542D1D9
:103AE00021686D1A29463046FFF7A6FF01303AD00B
:103AF00023682B442360D8F800305A6862BBC8F8AA
:103B000000700FE02268521B20D40B2A17D96119CC
:103B1000A342256018BF5960636808BFC8F8001049
:103B200062514B60304600F02FF804F10B00231D6A
:103B300020F00700C21A1CBF1B1AA350AFE762682F
:103B4000A3420CBFC8F800205A60EBE72346646824
:103B5000AEE73C467F68B6E71A465B68A342FBD1F6
:103B600000235360DEE70C233360304600F00CF88E
:103B700094E70560D6E700BF7C0700200148FFF707
:103B800059BF00BF740700200148FFF754BF00BFB2
:103B90007407002038B5064D0023044608462B6004
:103BA000FDF79CFE431C02D12B6803B1236038BD96
:103BB0008007002038B50546002941D051F8043C63
:103BC0000C1F002BB8BFE418FFF7D8FF1D4A13687D
:103BD00033B9636014602846BDE83840FFF7D4BFAE
:103BE000A34208D9206821188B4201BF19685B687D
:103BF00009182160EDE71A465B680BB1A342FAD9B8
:103C000011685018A0420BD120680144501883421B
:103C10001160E0D118685B68536008441060DAE70F
:103C200002D90C232B60D6E7206821188B4204BFF1
:103C300019685B68636004BF091821605460CAE7B3
:103C400038BD00BF7C070020884210B501EB02049C
:103C500002D98442234607D8431EA14208D011F856
:103C6000012B03F8012FF8E7024401468A4200D1F4
:103C700010BD13F8014D02F8014DF7E70A449142D7
:103C800000F1FF3300D1704710B511F8014B03F874
:103C9000014F9142F9D110BD024B01461868FFF760
:103CA000EDBE00BF2C000020024B01461868FFF754
:103CB00081BF00BF2C000020B1F8C8305A1C92B25E
:103CC000C82AA1F8C820C85400D0704710B50020F9
:103CD0000C46FDF7CDFD0023A4F8C83010BD00BF91
:103CE00010B50446FCF796FA214602460020FDF77F
:103CF000BFFD034901220020FDF7BAFD002010BDE1
:103D00003C9601080FB430B5B5B038AC0E4954F844
:103D1000045BCA2201A8FFF7B1FF23462A460B48DD
:103D2000009401A900F06AFDBDF8CC2004462AB930
:103D3000204635B0BDE8304004B0704701A90020EE
:103D4000FDF796FDF4E700BFB08E0108B93C01080D
:103D500000F044BD9A4238BF88547047704700BF96
:103D60002DE9F04F83B00F4612990D9C9DF8385005
:103D7000984611F0020306469446DDE9100A0093C6
:103D80002ED1BAF1000F40F0A280844228D2202C1C
:103D900001F0010E00F088810C9B621E1A444FF066
:103DA000300B734602E0202C00F0E7800134A04283
:103DB00002F801BFF7D89E4693B1544510D2202C8B
:103DC00000F0CF810C9B621E1A444FF0300E02E0CF
:103DD000202C00F024810134544502F801EFF7D182
:103DE000CB061FD54A0500F1A580002C40F09E802F
:103DF0000F9B102B00F045810F9B022B00F04E8192
:103E00000C9B30221A70012401F00302002D00F0F7
:103E1000CA800C9B2D21195501340AB954450ED383
:103E2000654626E001F00302202CEFD1002A40F085
:103E30008F80BAF1200F88BF202440F28980654628
:103E4000A4EB0C0BE1462A464346013539462020B7
:103E5000B04705EB0B035345F5D30AF1FF35621C60
:103E60002D1B924538BF002509F10102CC461544AF
:103E7000C4B10C9BCDF844A005EB040903EB090B7E
:103E80001C44CDF804C09A46ABEB040214F8010DB3
:103E900043463946B047A2454D46F5D1DDF804C04A
:103EA000DDF844A0009B73B1A5EB0C09D1450AD203
:103EB0002A4643463946202009F10109B047D14539
:103EC00005F10105F4D3284603B0BDE8F08F11F0E9
:103ED000010E73D0002D40F08B8011F00C0F40F0DC
:103EE00087808442BFF469AF202C7FF455AFBAF1CC
:103EF000200F40F23281CB0640F1BE804A0500F12E
:103F00001981202816D11F200F9B102B00F0F28062
:103F10000F9B022B1FD0441C01F0030227E0CB06AD
:103F20007FF57EAF4A054FF0200403D4A04262D053
:103F3000544560D00F9B01F00302102B104673D044
:103F40000F9B022B0ED1202C08D100283FF471AF1B
:103F5000654620248DE7044601F003020C9B622095
:103F600018550134202C3FF461AF204601340C9BDE
:103F70004FF0300E03F800E056E79E46002B00F0AD
:103F8000CB80BAF1200FCAD9CB0675D54A0500F10E
:103F9000D180202800F0DA80BAF1200F40F08D8027
:103FA00054461F20B0E74B0747D50C9B2B211955D2
:103FB0000134002A3FF432AF65465AE78442BFF429
:103FC0000FAF202C7FF4E8AECC067FF532AF4C0566
:103FD0003FF52FAF202800F0B980BAF1200FDFD0D5
:103FE0000F9B102B3FF425AF0F9B022B19D120E71D
:103FF0000AF1FF3A75E7601E86D10F9B102B6BD03C
:104000000F9B022B7FF4FCAE0C9B0F9C62221A705C
:1040100030225A7001F00302002DC4D0F9E6CC061C
:1040200080D401F0030201E78B0611D4202C8CD040
:104030000C9B78201855013494E70D0713D48ABBE4
:104040005445FFF4FCAE002C7FF4EAAE65463AE737
:10405000202C3FF47AAF0C9B18194FF0580E013406
:1040600080F800E07EE70C9B202119550134002ADE
:104070003FF4D4AE6546FCE68D073FF4E0AE6546FE
:10408000F7E688060CD558220C9B1A7030225A701D
:10409000022401F00302002D85D0BAE66222F3E784
:1040A0007822F1E76546E3E6BEF1000F50D0CB067B
:1040B0007FF5B6AE4B057FF524AF0F9B01F00300F3
:1040C000102B02463FF441AF0F9B022B7FF4AEAEA4
:1040D00000287FF43DAFACE68A0625D50C9B58221C
:1040E0001A7030225A70022401F00302002D3FF4AE
:1040F0005AAF8EE68B06A4F1020206D40C9B782000
:104100009854013C01F003022FE70C9B582098546F
:10411000013C01F0030228E7CA0682D54A05CCD447
:10412000202813D0202403E70C9B78221A70302219
:104130005A70D8E70F9B102B01F003003FF405AF36
:104140000F9B022B3FF401AF02466FE60446DAE60E
:10415000CB063FF53CAF65468BE6CA06DED4654626
:1041600087E6CC063FF512AF5BE700BF2DE9F04FC5
:1041700093B01C9C9DF874B01E9DDDF884E02CB9B2
:104180002EF010061EF4806FB64635D11EF0200FBB
:1041900014BF4FF041094FF061090AAFA9F10A09B4
:1041A000B8460026099002E0202E15D05446B4FBF4
:1041B000F5FA05FB1A4C5FFA8CF0BCF1090F00F11F
:1041C000300C8ABF48445FFA8CF0C0B2AC4208F8A9
:1041D000010B06F10106E7D20998209C05941F9C6B
:1041E000CDF818E0CDE90354CDE9016B0097FFF756
:1041F000B7FD13B0BDE8F08F26460AAFEDE700BF6C
:104200002DE9F04F97B0DDE92478209E219C099399
:1042100056EA04039DF888C0DDF8A0B08E4605D1AB
:104220002BF010031BF4806F9B4645D11BF0200F31
:104230000EAB14BF4FF0410A4FF0610ACDF8A0B0A9
:10424000CDE90A0ECDE90C2CAAF10A0A99460025FF
:104250009B4603E0202D17D006460C4621463A46E1
:1042600043463046FBF7DEFFD2B2092A02F13003A3
:104270008ABF5244DAB2D2B2BE4274EB080409F8E3
:10428000012B05F10105E5D2DDE90A0EDDE90C2C73
:104290005B46DDF8A0B02799059126990093CDE9FA
:1042A0000371CDE9015C099BCDF818B07146FFF7A9
:1042B00057FD17B0BDE8F08F00250EABEBE700BF50
:1042C00010B1D1E900311847704700BF2DE9F04F18
:1042D0001C46B1F1000A8D4B8FB018BF8146207883
:1042E000DDF860B0904608BF9946002800F0D38101
:1042F000002507E02A46434651460135C847207845
:1043000000285ED0252804F10104F3D100232246C1
:1043100012F8010BA0F1200110290AD8DFE801F002
:1043200034090930090909090909092C0928090969
:104330002400A0F13001092951D92A2800F09480E5
:1043400000262E285CD00021A0F16807122F23D868
:10435000DFE807F0A2229D22952222222222222299
:104360001E22222222221E0043F001031446CEE721
:1043700043F002031446CAE743F004031446C6E7B9
:1043800043F010031446C2E743F008031446BEE7A7
:10439000607843F4807301327828144609D8632882
:1043A0003DD8622800F0B88163287DD0252840F0F0
:1043B0003D812A4643465146C847207801350028AA
:1043C000A0D12C46A84501D808F1FF3543462A461E
:1043D00051460020C84720460FB0BDE8F08F0026A8
:1043E00006EB860600EB46061078A0F1300109299D
:1043F0001446A6F1300602F10102F1D92E28A2D10D
:104400006078A0F13001092943F48063174640F237
:10441000EF802A2800F002811446013293E7A0F1D0
:10442000640E01225FFA8EFE02FA0EFE384A1EEA80
:10443000020E40F0AD80732854D07028B9D143F0FB
:10444000210305930823049310230391CDF804E07E
:1044500002935BF8043B00932A4643465146484684
:10446000FFF784FE05464AE75BF8046B6078002E90
:104470001446BCBF43F002037642013261E7607824
:104480006C2886D1A07843F44073E21C84E76078FE
:1044900043F4007301327FE76078682800F0F6800B
:1044A00043F08003013277E70BF1040298070A9288
:1044B00005F1010740F111812A469BF800004346AF
:1044C0005146C847012E88BFAD1940F249813A468E
:1044D0004346013751462020C847BD42F7D1DDF899
:1044E00028B00CE75A4652F804CB0A929CF800B068
:1044F0005846002940F08C80BBF1000F13D06FF0BC
:10450000010E0EF1010EE644624606E05D3D010833
:1045100021081200964500F0B38012F8017F002FA9
:10452000F8D1A2EB0C0E13F4806702D08E4528BFA1
:104530008E4613F002030B9300F0B080BBF1000F26
:1045400017D0CDE90CE6E3462A460E4643465146CF
:104550001FB106F1FF3C3EB16646C8471BF8010F8C
:1045600001352A460028F1D10B9BDDE90CE6002B32
:10457000B5D076452F46B2D93544A5EB0E053A465F
:104580004346013751462020C847BD42F7D1A6E730
:104590006F2800F0BF806DD8692823F0100240F02A
:1045A00017815F0548BF23F01102900500F1DD80FF
:1045B000D3050BF1040700F1D580500640F1F680D9
:1045C0009BF900300391002B4FF00A0102914FEA52
:1045D000D371B8BF5B42CDE9046201912A460093D2
:1045E000434651464846FFF7C1FDBB46054686E6B1
:1045F000002101EB810100EB4100A0F1300117F82F
:10460000010FA0F13002092AF3D93C467A1C9BE63F
:10461000BBF1000F87D001F1FF3E72E75BF8041B8E
:10462000A078023421EAE171621C8DE658287FF4FB
:10463000C0AE43F020031022580524D423F00C030D
:1046400013F400706AD113F4807F0BF1040740F07B
:10465000B28058067BD418064CBFBBF80000DBF8CC
:1046600000000090CDE904630023CDE9022101930D
:104670002A46B5E7782868D023F010030A22DBE742
:10468000AEEB0C0E4FE723F00D03D9E7A07843F013
:10469000C003E21C80E60446054693E6764540F2F8
:1046A000948006EB050BCDE90C7CABEB0E0B0F46B3
:1046B0002A464346013551462020C8475D45F7D17B
:1046C000DDF834C039469CF800B00C9F06F1010EAD
:1046D000584600287FF435AF01E7012E3AD96B1E0A
:1046E0003344CDF82CB02F469B463A46434601371B
:1046F00051462020C847BB45F7D15B46DDF82CB0BA
:104700001A469BF8000043465146C8473544DDF839
:1047100028B0F4E508228FE702228DE7CDE9076390
:104720000BF1070B002306910492059302932BF0E3
:10473000070BFBE802672A46CDE90067434651466E
:104740004846FFF75DFD0546D9E5102274E79BF862
:10475000000086E79BF800002A4643465146C847BA
:104760003D46BCE6DBF800302CE70BF1070B2BF0E5
:10477000070BDBF804305BF8080B0691D90FCDE985
:1047800007620291024600210A20002BCDE90401B4
:1047900002DA524263EB4303CDE9002351462A4635
:1047A00043464846FFF72CFD0546A8E51306D9D534
:1047B000BBF9003006E7CDE90221CDE904630190A1
:1047C000DBF8003000932A460AE70EF1010E7FE77E
:1047D00064283FF4E6AE13460A222DE700B583B005
:1047E00084460093044813460A466146FFF76EFD6F
:1047F00003B05DF804FB00BF553D010810B584B05F
:104800000446CDE90241009302A9134603484FF044
:10481000FF32FFF75BFD04B010BD00BFC1420108CD
:1048200060EE016A20EEA16A20EE215A76EEC67A89
:1048300061EE205AF4EE677AF1EE10FA35EE257A41
:1048400004D6B0EE670AF0EE470A7047B4EE477A36
:10485000F1EE10FAF5D79FEDA14AF0EEC04AF4EE62
:10486000444AF1EE10FAF0EEE03A00F3A080F4EEE4
:10487000443AF1EE10FA00F39A800023DFED974AF4
:10488000B0EEC14AB4EE644AF1EE10FAF0EEE13A4D
:1048900048DCF4EE643AF1EE10FA43DC9BBBF0EE38
:1048A000E66AF4EE646AF1EE10FA14DCB0EEC66A61
:1048B000B4EE646AF1EE10FA0DDCB0EEC55AB4EE57
:1048C000645AF1EE10FA06DCF0EEE55AF4EE645AA2
:1048D000F1EE10FAB5DDB4EE400AF1EE10FA80F117
:1048E000F080F4EE600AF1EE10FA80F1DD80B4EEB3
:1048F000411AF1EE10FA80F1CA80F4EE611AF1EE7D
:1049000010FA80F1B78061EEE07A60EE810AE0EEA5
:10491000017AE0EE210A9FED727A67EE877A20EE47
:10492000877A8EE7DFED6D7A9FED6C7AB4EE674A99
:10493000F1EE10FACCBF0123002307EE903A11EEFE
:10494000103AF8EEE77A002BF0EEE77AF4EE473A09
:10495000B8BFF1EE677AF1EE10FACCBF0123002365
:10496000B0EE671A07EE903A11EE903AF8EEE77A59
:10497000002BF0EEE77AB4EE400AB8BFF1EE677AAA
:10498000F1EE10FAF0EE671A5AD6F4EE600AF1EE84
:1049900010FAB8D710EE903A9FED527ADFED527AC6
:1049A000002BB4BFF0EE670AF0EE470AABE79FEDCD
:1049B0004B4AF4EE444AF1EE10FACCBF0123002337
:1049C00004EE903A9FED454A10EE103AF8EEE44AB4
:1049D000002BF0EEE44AF4EE443AB8BFF1EE644A3C
:1049E000F1EE10FACCBF01230023B0EE640A04EE0E
:1049F000903A10EE903AF8EEE44A002BF0EEE44ADA
:104A0000B4EE411AB8BFF1EE644AF1EE10FAF0EEDE
:104A1000640A22D6F4EE611AF1EE10FA78BF01238F
:104A2000FFF52CAF11EE903A9FED2E4ADFED2E4AA6
:104A3000002BB4BFF0EE641AF0EE441A01231DE718
:104A400010EE103A9FED277ADFED277A002BB4BFE6
:104A5000B0EE670AB0EE470A97E711EE103A9FED05
:104A6000214ADFED214A002BB4BFB0EE641AB0EE4C
:104A7000441ACFE711EE903A9FED1A7ADFED1A7AD9
:104A8000002BB4BFF0EE671AF0EE471A3BE711EEC9
:104A9000103A9FED147ADFED147A002BB4BFB0EE1C
:104AA000671AB0EE471A28E710EE903A9FED0D7A9C
:104AB000DFED0D7A002BB4BFF0EE670AF0EE470A87
:104AC00015E710EE103A9FED077ADFED077A002B1D
:104AD000B4BFB0EE670AB0EE470A02E7FFFF7F7F80
:104AE0000000807F0000000000000080D0B5FBF7D0
:104AF00041FE0C4B002206460F46FBF7ABFBFBF7D3
:104B000091FE0446FBF714FE074B0022FBF7A2FBC5
:104B100002460B4630463946FBF7CCFCFBF782FEDB
:104B20002146D0BD0000F03D0000F0412DE9F047E6
:104B3000089D0E4604460F46002B4AD194468C45EC
:104B4000B2FA82F260D942B1C2F12003974020FA52
:104B500003F30CFA02FC1F4394404FEA1C4E1FFA69
:104B60008CF6B7FBFEF1230C0EFB117743EA0743EB
:104B700001FB06F098420AD91CEB030301F1FF3751
:104B800080F01581984240F21281023963441B1A69
:104B9000A4B2B3FBFEF00EFB103344EA034400FB67
:104BA00006F6A6420AD91CEB040400F1FF3380F09C
:104BB0000081A64240F2FD806444023840EA014090
:104BC000A41B00211DB1D4400023C5E90043BDE86A
:104BD000F0878B4205D90DB1C5E9000100210846D7
:104BE000F5E7B3FA83F1002946D1B34202D38242FA
:104BF00000F2F580841A66EB030201201746002DAF
:104C0000E5D0C5E90047E2E7002A40F09380A1EB38
:104C10000C034FEA1C471FFA8CFE0121B3FBF7F689
:104C200007FB1630230C43EA00430EFB06F09842C4
:104C300008D91CEB030306F1FF3802D2984200F2B8
:104C4000D08046461B1AA4B2B3FBF7F007FB103323
:104C500044EA03440EFB00FEA64508D91CEB0404FD
:104C600000F1FF3302D2A64500F2B6801846A4EB4D
:104C70000E0440EA0640A5E7C1F120078B4022FA66
:104C800007FC4CEA030C06FA01FE20FA07F426FAA8
:104C900007F344EA0E0400FA01F84FEA1C404FEA19
:104CA0001449B3FBF0FE1FFA8CF600FB1E3349EAF1
:104CB00003430EFB06F9994502FA01F20BD91CEBEE
:104CC00003030EF1FF3A80F08580994540F282801F
:104CD000AEF1020E6344A3EB0909A4B2B9FBF0F3F1
:104CE00000FB139944EA094403FB06F6A64208D9DF
:104CF0001CEB040403F1FF3068D2A64266D9023BE4
:104D0000644443EA0E40A41BA0FB02E6B44273468F
:104D1000B14652D34FD05DB1B8EB030264EB090446
:104D200004FA07F722FA01F31F43CC40C5E90074E7
:104D300000214CE7C2F1200120FA01F30CFA02FC39
:104D400026FA01F1964033434FEA1C471FFA8CFEC6
:104D5000B1FBF7F007FB1016190C41EA064100FB06
:104D60000EF68E4204FA02F408D91CEB010100F1A0
:104D7000FF382DD28E422BD902386144891B9BB259
:104D8000B1FBF7F607FB161143EA014306FB0EF1F0
:104D9000994208D91CEB030306F1FF3814D299425B
:104DA00012D9023E63445B1A46EA004136E73946AF
:104DB000EDE6184602E7F045ADD2BEEB020366EB26
:104DC0000C060138B146A6E74646ECE7034698E7ED
:104DD0004046D3E7D6467EE76444023847E70846B4
:104DE0000DE7023E63442DE7F8B500BFF8BC08BCF0
:104DF0009E467047F8B500BFF8BC08BC9E46704799
:104E00000100000004000000020000000300000098
:104E100000020301A0860100400D0300801A060075
:104E200000350C0040420F0080841E0000093D0048
:104E300000127A000024F40000366E010048E801F8
:104E4000006CDC020000000000000000010203040E
:104E5000060708090000000001020304CDCC34411C
:104E600033335B41000098410000A441CDCCAC41FC
:104E7000000086420000AA420000AC420000C64288
:104E80000000D0421266513F16881A3F6B7E443FA5
:104E90000EC1693F9CC47F3CB357863CF558443CE7
:104EA0006852953CA8366B3F5336183F45B3593F7F
:104EB0000F72803F90FE913CE3179E3C362B723C74
:104EC0008FF5BC3C0AD7233D295C8F3D295C0F3E02
:104ED0005C8F423E0AD7A33E613132312D76312EAE
:104EE00031332E3000000000000000000000000000
:104EF00000000000000000000000000000000000B2
:104F000000000000000000000000000000000000A1
:104F10000000000000000000000000000000000091
:104F20000000000000000000000000000000000081
:104F3000FFFF0000993C0108A93C010800000000A7
:104F40000D1D0008910E00080000803E000040404A
:104F50000000050000007041030100006400000033
:104F60000000C842000000000000003F00000000F8
:104F7000000000009901000800000000010000008E
:104F8000A50100080000000002000000ED0100087B
:104F900000000000030000000D02000800000000F7
:104FA000100000002D0200080000000011000000A9
:104FB0006D02000800000000120000008D020008D1
:104FC0000000000013000000AD0200080000000017
:104FD00014000000CD0200080000000015000000D1
:104FE000ED02000800000000160000000D0300089C
:104FF00000000000170000002D0300080000000062
:10500000180000004D030008000000001900000017
:105010006D030008000000001A0000008D03000866
:10502000000000001B000000AD03000800000000AD
:105030001C000000CD030008000000001D0000005F
:10504000ED030008000000001E0000000D04000831
:10505000000000001F0000002D04000800000000F8
:10506000200000004D0400080000000021000000A6
:105070006D04000800000000220000008D040008FC
:105080000000000023000000AD0400080000000044
:1050900024000000CD0400080000000040000000D3
:1050A000ED04000841050008410000009D050008CE
:1050B000F1050008420000004D06000889060008BE
:1050C00043000000C5060008050700084400000072
:1050D000490700089D07000845000000F90700087F
:1050E0003D0800084600000081080008CD080008BF
:1050F0004700000019090008650900084800000081
:10510000B9090008F509000849000000310A000843
:10511000850A00084A000000910B0008E50B000812
:105120004B000000410C00088D0C00084C000000F2
:10513000E10A0008350B000880000000E10C0008BF
:10514000050D000800010000000000002D0D000802
:10515000FFFF00009101000800000000000000486F
:1051600000040048001C004800000000DCA6010804
:10517000E8A60108F0A60108F8A6010804A701089E
:1051800010A701081CA7010828A7010834A70108D7
:105190003CA7010844A701084CA7010854A701082F
:1051A0005CA701088FC2F53D295C8F3E295C0F3F4B
:1051B0005C8F423F0AD7A33F50000000A0000100CF
:1051C0000800100100000001030000005000000072
:1051D000A000010008001001000000010300000011
:1051E00050000000A00001000800100100000001B4
:1051F0000300000050000000A000010008001001A2
:10520000000000010300000000000000000000009A
:10521000010000000100010002000100A0000000E8
:10522000060401001F1915120F0D0C0B0040264437
:105230009A994742000000000000804085EB5140F1
:10524000000000000000000000000000293C0000F9
:10525000163B0000D7630000325F00007388000037
:105260005D7D00004AAC0000A6970000A4D00000BD
:105270000FAF00004CF70000A3C4000070FB00005B
:10528000F3E80000F6D20000C0BB0000DCA4000080
:10529000E58E0000338200007D7B7C7AE7E61BE828
:1052A00095B9AAAB01020304050600494830323122
:1052B000332F4B4A9EA09F898A8B8CEDE907ACB1B6
:1052C00091C696CA9ABEC2BACED2D6E2DADE76408D
:1052D000447F64B5600D218D3C37A66C2768582B40
:1052E000705C144C5054EEEA08ADB292C797CB9B59
:1052F000BFC3BBCFD3D7E3DBDF7741458065B66162
:105300000E228E3D38A76D2869592C715D154D51BF
:1053100055EFEB09AEB393C898CC9CC0C4BCD0D4B5
:10532000D8E4DCE07842468166B7620F238F3E39CD
:10533000A86E296A5A2D725E164E5256F0EC0AAFCC
:10534000B494C999CD9DC1C5BDD1D5D9E5DDE1796B
:1053500043478267B8631024903F3AA96F2A6B5B7A
:105360002E735F174F5357888586261F83843BA172
:10537000A213181A190C0B34871100000000030047
:105380004C640108000001004864010803000100AA
:1053900044640108010001004064010803000100A9
:1053A0003C640108000001003864010800000100AD
:1053B00034640108000001003064010800000100AD
:1053C0002C640108000001002864010800000100AD
:1053D00024640108010C010020640108FF0301009E
:1053E0001C640108BD00010018640108BD00010033
:1053F00014640108BD00010010640108BD00010033
:105400000C640108000001000864010801000100AB
:105410000464010801002000846301080000010009
:1054200080630108000001007C63010800000100A6
:105430007863010800000100746301085000020055
:105440006C630108C05D0100686301084001010050
:105450006463010815000100606301080000010099
:105460005C630108000001005863010800000100AE
:1054700054630108010002004C63010801000300AD
:10548000406301085D0001003C6301085D0001000C
:10549000386301085D000100346301085D0001000C
:1054A00030630108010001002C63010800000100C5
:1054B00028630108000001002463010800000100C6
:1054C00020630108000001001C63010800000100C6
:1054D00018630108000001001463010800000100C6
:1054E00010630108000001000C63010800000100C6
:1054F0000863010800000300FC62010800000400CA
:10550000EC62010800000100E862010800000100EF
:10551000E462010800000300D862010800000100F5
:10552000D462010802000200CC62010800000200FF
:10553000C462010800000100C0620108000001000F
:10554000BC62010800000100B8620108000001000F
:10555000B462010800000500A0620108000001001B
:105560009C6201080000010098620108000001002F
:10557000946201080000010090620108010005002A
:105580007C62010801000500686201080100050055
:10559000546201080100050040620108000001009A
:1055A0003C620108000001003862010800000100AF
:1055B00034620108000001003062010800000900A7
:1055C0000C62010800000A00E46101080000050007
:1055D000D061010800000500BC6101080000010065
:1055E000B861010800000100B46101080000010079
:1055F000B061010800000100AC6101080000010079
:10560000A861010800000100A46101080000010078
:10561000A0610108000001009C6101080000010078
:105620009861010800000100946101080000010078
:1056300090610108000001008C6101080000010078
:105640008861010800000100846101080000010078
:1056500080610108000001007C6101080000010078
:105660007861010800000100746101080000010078
:1056700070610108000001006C6101080100050073
:10568000586101080100050044610108010005009E
:1056900030610108010005001C61010801000100E2
:1056A00018610108010001001461010801000100F6
:1056B00010610108010001000C61010817000100E0
:1056C00008610108170001000461010817000100CA
:1056D0000061010817000100FC60010807000100DB
:1056E000F860010807000100F460010807000100EC
:1056F000F060010807000100EC60010801000100F2
:10570000E860010801000100E460010801000100F7
:10571000E060010801000100DC60010800000100F8
:10572000D860010801000100D460010800000100F8
:10573000D060010800000100CC60010800000100F9
:10574000C860010800000100C46001083F000100BA
:10575000C060010804000100BC60010800000100F5
:10576000B860010801000100B460010800000100F8
:10577000B060010803000100AC60010803000100F3
:10578000A860010803000100A460010803000100F3
:10579000A06001089D0001009C6001084D0001000F
:1057A0009860010801000500846001081F000100E5
:1057B00080600108000001007C6001080100020017
:1057C000746001080000050060600108000003002B
:1057D0005460010800000300486001080000030055
:1057E0003C60010800000100386001080000010071
:1057F0003460010800000100306001080000010071
:105800002C60010800000100286001080000010070
:105810002460010800000100206001080000010070
:105820001C60010800000200146001080000010073
:1058300010600108000001000C6001080000010078
:105840000860010800000100046001080000010078
:105850000060010800000100FC5F01080000010079
:10586000F85F010800000100F45F01080000050076
:10587000E05F010800000100DC5F0108000001009A
:10588000D85F010800000100D45F0108000001009A
:10589000D05F010800000100CC5F0108000001009A
:1058A000C85F010800000100C45F0108000001009A
:1058B000C05F010800000100BC5F0108000001009A
:1058C000B85F010800000100B45F01080500010095
:1058D000B05F010845000100AC5F01080000020054
:1058E000A45F0108000002009C5F010800000200A4
:1058F000945F0108000002008C5F01080A000100AB
:10590000885F010800000100845F010800000100B9
:10591000805F0108000001007C5F010800000100B9
:10592000785F010801000500645F010801000500BF
:10593000505F0108010005003C5F010801000500FF
:10594000285F010800000200205F0108000001003C
:105950001C5F010800000100185F01080000010041
:10596000145F010800000100105F01080000010041
:105970000C5F010800000100085F01080000010041
:10598000045F010800000100005F01080000010041
:10599000FC5E010800000100F85E01080000010043
:1059A000F45E010800000100F05E01080000010043
:1059B000EC5E010800000100E85E01080000010043
:1059C000E45E010800000100E05E01080000010043
:1059D000DC5E010800000100D85E01080000010043
:1059E000D45E010800000100D05E01080000010043
:1059F000CC5E010800000100C85E01080000010043
:105A0000C45E010800000100C05E01080000010042
:105A1000BC5E010800000100B85E01080000010042
:105A2000B45E010800000100B05E01080000010042
:105A3000AC5E010800000100A85E01080000010042
:105A4000A45E010800000100A05E01080000010042
:105A50009C5E010800000100985E01080000010042
:105A6000945E010800000100905E01080000010042
:105A70008C5E010800000100885E01080000010042
:105A8000845E010800000100805E01080000010042
:105A90007C5E010800000100785E01080000010042
:105AA000745E010800000100705E01080000010042
:105AB0006C5E010808000100685E0108200001001A
:105AC000645E010800000100605E01080000010042
:105AD0005C5E010800000100585E01080000010042
:105AE000545E010800000100505E01080000010042
:105AF0004C5E010800000100485E01080000010042
:105B0000445E010800000100405E0108A8A60108EB
:105B1000B8A60108C8A60108D4A601080000020022
:105B2000385E010800000100345E01080300010036
:105B3000305E0108010001002C5E01080300010035
:105B4000285E010800000100245E01080000010039
:105B5000205E0108000001001C5E01080000010039
:105B6000185E010800000400085E01080000010042
:105B7000045E010804000100005E01080400010049
:105B8000FC5D01080C030200F45D0108C05D01002A
:105B9000F05D010840010800D05D0108150001001A
:105BA000CC5D010800000100C85D01080000010093
:105BB000C45D010800000100C05D01080100030090
:105BC000B45D010802000200AC5D010800000200A3
:105BD000A45D010800000100A05D010801000100B2
:105BE0009C5D01083F000100985D01080400010070
:105BF000945D010800000100905D010801000100B2
:105C00008C5D010800000100885D010800000100B2
:105C1000845D010800000100805D010800000100B2
:105C20007C5D010805000100785D01084500010068
:105C3000745D01080A000100705D010800000100A8
:105C40006C5D010808000100685D01082000020089
:105C5000605D0108000001005C5D010800BE87BDB9
:105C60008EBD14BD19BDA0BC27BCAEBBADAD33AC61
:105C7000B8AABEA8CBADD2AB58A95FA7DC9FE19B69
:105C800067986C947390F58AF8857A80F9C379C720
:105C900079CBF8CE75D1F4D472D871DBF8E0F7E4A3
:105CA000F5E8F2EC56E952EC4EEFC9F139F0B3F2F7
:105CB0002DF527F71DF515F68CF784F8837A897A88
:105CC0000F7A147A9A7720772776AD752E6EB46C9A
:105CD000B96B3F6A4F71D56E5C6CE269DC5F615CE9
:105CE000E558EA54DE4DDF4961466242F701770527
:105CF000F608F60BF50E7412F215711951164F19BC
:105D0000CC1BCA1E5C28D72B532F4E32392C342F74
:105D10002E32A93423399A3A923B093D093D093D77
:105D2000093D093D093D093D093D093D093D093D43
:105D3000093D093D093D093D093D093D093D093D33
:105D4000093D093D093D093D093D093D093D093D23
:105D5000093D093D093D093D093D093D5C01300012
:105D60003700D000C802D000B4009000B700D100C6
:105D7000FA000402E200F700E200F000B300300095
:105D8000B3007700B300D100D6005100B20030005C
:105D9000B2007700B200D100B500D0005C01310044
:105DA0005C013200290030002D0030002900540031
:105DB0002D005400060024000D00240014002400CF
:105DC000D3005700D3005500D3005300D500B000D6
:105DD000AC0004021B030402F5040402FA040402EA
:105DE0000105040206050402210504025805040207
:105DF000180504026C010402220304023204B000FC
:105E00007204B000CF040402C9043701CC04370186
:105E1000D0043701D30437016105B0006305D00019
:105E2000E3005A00E3003900E3005600E3003500C8
:105E3000E3005200E30031005900320060003200FC
:105E400032033000F702B000C202B0008D02B00091
:105E50005802B000F8029000C30290008E02900039
:105E600059029000E400D000F4009000F700D10047
:105E70000703B000D202B0009D02B0006802B0007B
:105E800005033100D00231009B023100660231006F
:105E900005033000D00230009B0230006602300063
:105EA0000603B000D102B0009C02B0006702B0004F
:105EB00001033100CC02310097023100620231004F
:105EC0000403B200CF02B2009A02B2006502B2002F
:105ED00013031002DE021002A90210027402100263
:105EE0000B031002D6021002A10210026C02100273
:105EF0000303B000CE02B0009902B0006402B0000B
:105F00000203B000CD02B0009802B0006302B000FE
:105F100002033500CD0235009802350063023500DA
:105F20003A01B0004601B0001902250038022500F0
:105F30003C0225004302250047022500D701250029
:105F4000F6012500FA0125000102250005022500C1
:105F500095012500B4012500B8012500BF012500E9
:105F6000C30125005301250072012500760125009B
:105F70007D01250081012500FB029000C6029000F2
:105F8000910290005C02900047030402FE02081098
:105F900028030810C9020810F30208109402081020
:105FA000BE0208105F02081089020810DE00F70028
:105FB000DE00F0002402F000E201F000A001F00099
:105FC0005E01F000F3003000F3007700F300D10031
:105FD0007100072072000402A1001002A20010024A
:105FE0002000081027000810310008106F0008106A
:105FF000750007201B031002E6021002B102100216
:106000007C02100217031002E2021002AD0210021D
:1060100078021002C100B0003901B000FA0290000D
:10602000C5029000900290005B029000FC02B0015B
:10603000C702B0019202B0015D02B00191000810E8
:1060400092000810930008108E0008108F000810AE
:10605000900008108B0008108C0008108D000810AC
:106060003500081088000810890008108A00081000
:1060700096000810840008109400081038000810DA
:106080004001B000490125004901260049012700CF
:106090004901280049012900B803B001B903B00142
:1060A0004202040200020402BE0104027C01040256
:1060B00036015100F2003000F2007700F200D1000A
:1060C000F500D0000F031002DA021002A502100240
:1060D0007002100232033100320332002502072021
:1060E000E3010720A10107205F0107202602040227
:1060F000E4010402A2010402600104022802040275
:10610000E6010402A4010402620104024102072024
:10611000FF010720BD0107207B01072019022B008A
:1061200038022B003C022B0043022B0047022B00BD
:10613000D7012B00F6012B00FA012B0001022B00E6
:1061400005022B0095012B00B4012B00B8012B0098
:10615000BF012B00C3012B0053012B0072012B0048
:1061600076012B007D012B0081012B002F020720DF
:10617000ED010720AB01072069010720310204026D
:10618000EF010402AD0104026B0104025302A400FA
:106190001102A400CF01A4008D01A4005202A400AA
:1061A0001002A400CE01A4008C01A4005102A4009E
:1061B0000F02A400CD01A4008B01A400250007203C
:1061C0002F000710730008107C0008107E000810D4
:1061D0001F00072026000710300007107400081069
:1061E0007B00081028000720320007103900081033
:1061F00041000710460005104B0008204C00082005
:106200004F000810540008205500082021000720E6
:1062100029000710330007103A000810400007104B
:10622000470005104A0008205000081053000810CD
:10623000F6029000C10290008C029000570290007C
:1062400019023701380237013C0237014302370196
:1062500047023701D7013701F6013701FA0137014B
:10626000010237010502370195013701B4013701F9
:10627000B8013701BF013701C301370153013701AD
:1062800072013701760137017D0137018101370144
:106290001502B001D301B0019101B0014F01B0016D
:1062A0002E0007106B0007107F00082080000810E8
:1062B000820007201402F000D201F0009001F000EB
:1062C0004E01F0002B0330002F0330002B0354004D
:1062D0002F035400360007103F00081086000820E6
:1062E000AF000810590010025A00100222000810D6
:1062F0002A000810340008103E0008101B0005108A
:1063000067000810680008201F020720DD01072031
:106310009B0107205901072020020402DE0104022C
:106320009C0104025A0104024801040211010720E1
:106330002003B001EB02B001B602B0018102B0014E
:10634000060024000D002400140024006A00082028
:106350004A01260033015700330155003301530031
:106360003501B00016010402FB0004020001040222
:106370000B0104022B020402E9010402A70104023A
:1063800065010402750106207801310078013200B0
:106390007901062080010620830132008401062055
:1063A0008A010620B7010620BA013100BA01320085
:1063B000BB010620C2010620C5013200C60106202D
:1063C000CC010620F9010620FC013100FC0132005D
:1063D000FD01062004020620070232000802062002
:1063E0000E0206203B0206203E0231003E02320031
:1063F0003F02062046020620490232004A020620D9
:106400005002062028010810C500D0002103B00169
:10641000EC02B001B702B0018202B0019C00900111
:106420009D009001F902D000C402D0008F02D0007C
:106430005A02D000DF005A00DF003900DF005600AA
:10644000DF003500DF005200DF003100B60032000F
:10645000BD003200BF003200300EB36335030100CF
:10646000E5010800350308008503010085030000ED
:1064700014000000A801000035030100E501100030
:10648000350310008503010085030000140000009F
:10649000A801000035030100E501200035032000BC
:1064A00085030100850300001400000015000400AE
:1064B000E50108003500000015000000090000009B
:1064C00025070000B5050100620000004300000040
:1064D000B5050000E50400000900000025060000E5
:1064E000D50700000900000045060000E507000090
:1064F000090000006503C000B5070200B5082A00C6
:10650000C802000009000000E5013100C5082000B4
:1065100009000000520000004300000009000000D4
:1065200065007F0009000000A5010000D500000003
:10653000E5000000F5002000050100001501000045
:106540002501000035010000850100004501000023
:106550005501000065010000750100009501000073
:10656000950001007500FF3709000000D50000000C
:10657000E50102009500020009000000A5010000ED
:10658000E5000000F50020000501000015010000F5
:1065900025010000350100004501030055010300FD
:1065A00085010300650103007501030095010300E7
:1065B000E501F77F9500F57F09000000B50C0000AC
:1065C0000900000045000000E50186003500840058
:1065D0004201000043000000B50C0B0082CE010018
:1065E0004300000088080000580700004500010033
:1065F00009000000E5010300B50C030009000000DC
:10660000020F00004300000009000000880800009D
:10661000E5010200350002006201000043000000B5
:10662000E50184003500000009000000E501860056
:10663000350084004201000043000000E501030032
:10664000B50C01006200000043000000D507010006
:106650002506E40065070600E50708004506180062
:10666000F80200000A0000001802000048020000C2
:106670006507270009000000D50701002506E40092
:1066800065070600E507080045061400F80200004B
:106690000A000000180200004802000065072700F9
:1066A00009000000550D0100000000007507000002
:1066B000C50D900975072700851301001514010009
:1066C000E501040085130400E5010400151404002D
:1066D000E501080085130800E501F8011514F8012B
:1066E000090000001502000005020000250201005B
:1066F0000620220015090200F5080400E50100202B
:10670000F50800200900000002140000430000000A
:1067100001000100010080020600400009000000A5
:10672000350A0900550A0000C50A0800650A3F0835
:10673000250A6000950A0100250A7F000900000073
:10674000250A0000950A0000250A0000650A0000DD
:1067500009000000450A0100450A00006507030022
:10676000D50708002506140058010000A801000004
:1067700025073900F50400000505803EE504010009
:10678000F80200000A000000A80100001802000042
:106790006507000009000000450A0100450A0000E5
:1067A00009000000050D0100250D0100150D150063
:1067B000A50A0100450D870009000000450DFF00F6
:1067C0000900000015095D00F508BD00E501002085
:1067D000F508002009000000D5080A00E5081A00A5
:1067E000450285225502FD01090000001502360010
:1067F00005020E002502930009000000E5010020BB
:10680000F508000000000000000000002500010065
:10681000E50102001500020025000000E50102006C
:106820001500000009000000350C0200350C0300C3
:10683000E5010100050B0100E5010200D50A000099
:10684000A20000004300000009000000E50100056F
:1068500035000000E501001835000018E5010005CD
:106860003500000509000000E501000535000000C5
:10687000E501001835000000E501000535000005C0
:1068800009000000B208000043000000E501F91F04
:10689000B502000009000000E501FF016502E0010A
:1068A000E5011100B5021100B8100000E501FF017B
:1068B0006502FF01E5012100B5022100B8100000CA
:1068C000E501FF016502F801E5018100B5028100E3
:1068D000B810000009000000E501FF016502C001D9
:1068E000E5010102B5020102B8100000E501FF0157
:1068F0006502FF01E5010104B5020104B8100000C2
:10690000E501FF016502F801E5010108B502010892
:10691000B8100000E501FF016502FF01E50101106B
:10692000B5020110B810000009000000D50B0500E9
:10693000B50B030009000000D80F0000B5020400E9
:10694000750200006502C03FE5010101B5020101C9
:10695000B8100000650200FE081200004810000098
:10696000580E000006202200B80D0000F5090100B5
:10697000E50100039509000101F40000D50B0500B5
:10698000024B000043000000D50B0900F509000090
:10699000E501000395090000980E000009000000C1
:1069A000050B0000050B0C00050B0000150B1F006C
:1069B000250B0000350B0100450B0000550B0000B6
:1069C000650B000009000000550802005801000096
:1069D000A80100001802000048020000F5050100AF
:1069E000350C04007802000028510000380900002E
:1069F000380A000001000000950C1300750C3800E7
:106A0000850C0200A2000000C2300000430000001C
:106A10004300000001000105060040000100800263
:106A2000750C0001850C1800C80A0000850C3800A0
:106A30002503000065070300D5070800250614009C
:106A400058010000F50400000505800285142200AD
:106A5000C50A0000080D0000A80100002507210656
:106A6000E5040100F80200000A000000A80100008F
:106A7000E501010025030100C80A0000C50A010064
:106A8000080D0000A801000025074D06E5040100DF
:106A9000F80200000A000000A8010000E501020061
:106AA00025030200C80A0000C50A0200080D000004
:106AB000A801000025077906E5040100F80200009E
:106AC0000A000000A8010000E501040025030400FD
:106AD000C80A0000C50A0300080D0000A801000054
:106AE0002507A506E5040100F80200000A000000E1
:106AF000A8010000E501080025030800C80A0000FD
:106B0000C50A0400080D0000A80100002507D106F1
:106B1000E5040100F80200000A000000A8010000DE
:106B2000E501100025031000C80A0000C50A050091
:106B3000080D0000A80100002507FD06E50401007E
:106B4000F80200000A000000A8010000E501200092
:106B500025032000C80A0000C50A0600080D000031
:106B6000A801000025072907E5040100F80200003C
:106B70000A000000A8010000E501400025034000D4
:106B8000C80A0000C50A0700080D0000A80100009F
:106B900025075507E5040100F80200000A0000007F
:106BA000A8010000E501800025038000C80A00005C
:106BB000C50A0800080D0000A8010000250781078C
:106BC000E5040100F80200000A000000A80100002E
:106BD000E501000125030001C80A0000C50A0900FB
:106BE000080D0000A80100002507AD07E50401001D
:106BF000F80200000A000000A8010000E501000200
:106C000025030002C80A0000C50A0A00080D00009A
:106C1000A80100002507D907E5040100F8020000DB
:106C20000A000000A8010000E5010004250300049B
:106C3000C80A0000C50A0B00080D0000A8010000EA
:106C400025070508E5040100F80200000A0000001D
:106C5000A8010000E501000825030008C80A00009B
:106C6000C50A0C00080D0000A80100002507310826
:106C7000E5040100F80200000A000000A80100007D
:106C8000E501001025030010C80A0000C50A0D0028
:106C9000080D0000A801000025075D08E5040100BB
:106CA000F80200000A000000A8010000E501002031
:106CB00025030020C80A0000C50A0E00080D0000C8
:106CC000A801000025078908E5040100F80200007A
:106CD0000A000000A8010000E50100402503004073
:106CE000C80A0000C50A0F00080D0000A801000036
:106CF0002507B508E5040100F80200000A000000BD
:106D0000A8010000E501008025030080C80A0000FA
:106D100085140000A80B000018020000C8500000F5
:106D20001400000078590000750C8000850C80006C
:106D3000B50A0300E5010400B50C040006000008D4
:106D4000950A6100484F0000950A6900484F00000D
:106D5000950A7100484F0000950A7900484F0000DD
:106D6000950A4100484F0000950A4900484F00002D
:106D7000950A5100484F0000950A5900484F0000FD
:106D8000950A2100484F0000950A2900484F00004D
:106D9000950A3100484F0000950A3900484F00001D
:106DA000950A0100484F0000950A0900484F00006D
:106DB000950A1100484F0000950A1900484F00003D
:106DC000B50A000001008002750C0200850C02006B
:106DD000E5010400B50C0000C80A0000750C18009D
:106DE000850C0600F5001000C80A0000F50011002F
:106DF000C80A0000F5001200C80A0000F5001300E0
:106E0000C80A0000F5001400C80A0000F5001500CB
:106E1000C80A0000F5001600C80A0000F5001700B7
:106E2000C80A0000F5001800C80A0000F5001900A3
:106E3000C80A0000F5001A00C80A0000F5001B008F
:106E4000C80A0000F5001C00C80A0000F5001D007B
:106E5000C80A0000F5001E00C80A0000F5001F0067
:106E6000C80A0000F5002000C80A0000F500210053
:106E7000C80A0000F5002200C80A0000F50023003F
:106E8000C80A0000F5002400C80A0000F50025002B
:106E9000C80A0000F5002600C80A0000F500270017
:106EA000C80A0000F5002800C80A0000F500290003
:106EB000C80A0000F5002A00C80A0000F5002B00EF
:106EC000C80A0000F5002C00C80A0000F5002D00DB
:106ED000C80A0000F5002E00C80A0000F5002F00C7
:106EE000C80A0000F5003000C80A0000F5003100B3
:106EF000C80A0000F5003200C80A0000F50033009F
:106F0000C80A0000F5003400C80A0000F50035008A
:106F1000C80A0000F5003600C80A0000F500370076
:106F2000C80A0000F5003800C80A0000F500390062
:106F3000C80A0000F5003A00C80A0000F5003B004E
:106F4000C80A0000F5003C00C80A0000F5003D003A
:106F5000C80A0000F5003E00C80A0000F5003F0026
:106F6000C80A0000A80B0000C85000001400000070
:106F70007859000045030100F5002000750C03005E
:106F8000850C0300E5010400B50C040006000008B0
:106F9000150D100008500000150D110008500000DC
:106FA000150D120008500000150D130008500000C8
:106FB000150D140008500000150D150008500000B4
:106FC000150D160008500000150D170008500000A0
:106FD000150D180008500000150D1900085000008C
:106FE000150D1A0008500000150D1B000850000078
:106FF000150D1C0008500000150D1D000850000064
:10700000150D1E0008500000150D1F00085000004F
:10701000150D000008500000150D0100085000007B
:10702000150D020008500000150D03000850000067
:10703000150D040008500000150D05000850000053
:10704000150D060008500000150D0700085000003F
:10705000150D080008500000150D0900085000002B
:10706000150D0A0008500000150D0B000850000017
:10707000150D0C0008500000150D0D000850000003
:10708000150D0E0008500000150D0F0008500000EF
:10709000350D000001008002980E0000A80B0000D2
:1070A00045030000C850000014000000B50B0300A9
:1070B000F5090100250001009509000125000000E7
:1070C000D50B0E000214000043000000D50B0A008F
:1070D000F509000095090000950C00006209000008
:1070E000C23000004300000043000000380A0000E6
:1070F000E5010400B50C0400050C000006000008C2
:10710000150C0000E50B3C00C80A0000E50B34003C
:10711000C80A0000E50B2C00C80A0000E50B24009B
:10712000C80A0000E50B0400C80A0000E50B0C00CB
:10713000C80A0000E50B1400C80A0000E50B1C009B
:10714000C80A0000150C0100E50B3C00C80A00004D
:10715000E50B3400C80A0000E50B2C00C80A00004B
:10716000E50B2400C80A0000E50B0400C80A000073
:10717000E50B0C00C80A0000E50B1400C80A00006B
:10718000E50B1C00C80A0000150C0200E50B3C00D2
:10719000C80A0000E50B3400C80A0000E50B2C000B
:1071A000C80A0000E50B2400C80A0000E50B040033
:1071B000C80A0000E50B0C00C80A0000E50B14002B
:1071C000C80A0000E50B1C00C80A0000150C0300EB
:1071D000E50B3C00C80A0000E50B3400C80A0000BB
:1071E000E50B2C00C80A0000E50B2400C80A0000CB
:1071F000E50B0400C80A0000E50B0C00C80A0000FB
:10720000E50B1400C80A0000E50B1C00C80A0000CA
:10721000150C0400E50B3C00C80A0000E50B340027
:10722000C80A0000E50B2C00C80A0000E50B24008A
:10723000C80A0000E50B0400C80A0000E50B0C00BA
:10724000C80A0000E50B1400C80A0000E50B1C008A
:10725000C80A0000150C0500E50B3C00C80A000038
:10726000E50B3400C80A0000E50B2C00C80A00003A
:10727000E50B2400C80A0000E50B0400C80A000062
:10728000E50B0C00C80A0000E50B1400C80A00005A
:10729000E50B1C00C80A0000150C0600E50B3C00BD
:1072A000C80A0000E50B3400C80A0000E50B2C00FA
:1072B000C80A0000E50B2400C80A0000E50B040022
:1072C000C80A0000E50B0C00C80A0000E50B14001A
:1072D000C80A0000E50B1C00C80A0000150C0700D6
:1072E000E50B3C00C80A0000E50B3400C80A0000AA
:1072F000E50B2C00C80A0000E50B2400C80A0000BA
:10730000E50B0400C80A0000E50B0C00C80A0000E9
:10731000E50B1400C80A0000E50B1C00C80A0000B9
:10732000150C0800E50B3C00C80A0000E50B340012
:10733000C80A0000E50B2C00C80A0000E50B240079
:10734000C80A0000E50B0400C80A0000E50B0C00A9
:10735000C80A0000E50B1400C80A0000E50B1C0079
:10736000C80A0000150C0900E50B3C00C80A000023
:10737000E50B3400C80A0000E50B2C00C80A000029
:10738000E50B2400C80A0000E50B0400C80A000051
:10739000E50B0C00C80A0000E50B1400C80A000049
:1073A000E50B1C00C80A0000C850000014000000D3
:1073B000A8590000E8550000F50A0000285900000F
:1073C000F50A010028590000F50A020028590000BA
:1073D000F50A030028590000F50A040028590000A6
:1073E000F50A050028590000F50A06002859000092
:1073F000F50A07002859000001008002980E0000DD
:10740000085A0000C850000014000000A8590000ED
:10741000080E0000D80F0000B5020400750200003D
:107420006502C03FE5010900B5020900B81000007F
:1074300065020000E5014100B5024100B8100000FE
:10744000650200FE08110000985800004810000076
:1074500006200208B80D0000A50B040068550000C6
:10746000F50A0000D84D0000F50A0100D84D0000D3
:10747000F50A0200D84D0000F50A0300D84D0000BF
:10748000F50A0400D84D0000F50A0500D84D0000AB
:10749000F50A0600D84D0000F50A0700D84D000097
:1074A00001008002980E0000085A0000C850000039
:1074B00014000000A8590000E50A0800950B080018
:1074C000F50B0F00D80F0000B50204007502000094
:1074D0006502C03FE5010900B5020900B8100000CF
:1074E00065020000E5014100B5024100B81000004E
:1074F000650200FE08110000B502040075020000DC
:107500006502C03FE5010101B5020101B8100000AC
:10751000650200FE0812000048100000B80D0000CF
:10752000F50A04001502A0000600200801F4000579
:1075300006020000A50B0000884C000006020000B7
:10754000A50B0100884C000006020000A50B0200FC
:10755000884C000006020000A50B0300884C0000C8
:1075600006020000A50B0400884C00000602000083
:10757000A50B0500884C000006020000A50B0600C4
:10758000884C000006020000A50B0700884C000094
:1075900001000005980E0000085A0000C8500000C5
:1075A00014000000A8590000E50A0800950B080027
:1075B000F50B0900D80F0000B502040075020000A9
:1075C0006502C007E5010900B5020900B810000016
:1075D00065020000E5014100B5024100B81000005D
:1075E0006502001E08110000B502040075020000CB
:1075F0006502C007E5010101B5020101B8100000F4
:107600006502001E0812000048100000350200004C
:107610001502A00025022E0006202008B80D00004B
:10762000A50B0400050C0300150C000068550000B4
:10763000D84D000001008002980E0000085A00009A
:10764000C850000014000000A8590000E501040023
:10765000B50C0000350C0100750C8001850C020092
:10766000950C1300450C0900650C1B002815000043
:10767000450B0200E50A0800950B0800D80F000032
:10768000B50204007502000065024000E501090032
:10769000B5020900B810000065020000E5014100D4
:1076A000B5024100B81000006502007E081100001C
:1076B0009858000048100000B80D000001000000BC
:1076C0001502A10025026E00650B040006202008AB
:1076D0004853000006002008220000004853000024
:1076E0004300000001008002650B0C000600200032
:1076F0004200000048530000430000000100000564
:10770000650C0000450C0F00550C0300750CC00102
:10771000150B0900550B0700350B2900250B0B0035
:1077200006002000520000005854000043000000F2
:1077300001008002550B0F00350B090006002000E8
:107740005200000058540000430000000100800275
:10775000250B1300060020005200000058540000C2
:107760004300000001000005980E0000085A0000C8
:10777000C85000001400000012000000E175000075
:1077800001F4010026000000E175000001F407008B
:10779000E601000002000000E175000001F40300B2
:1077A00026000000E175000001F40700E60100007A
:1077B00043000000060040001600000043000000E7
:1077C000260000000174800009000000060020006F
:1077D000120000000602000072010000884C000048
:1077E0004300000006001C004300000001F480027A
:1077F00009000000060020000602000072010000DF
:10780000884C00004300000001F4800209000000E1
:10781000851300001514000075070000C50D000059
:10782000550D010009000000B50A03000214000014
:10783000430000000100010001008002B50A0200BF
:107840000214000043000000010007000100800254
:107850000600400009000000350D01000214000080
:10786000430000000100010001008002350D03000B
:107870000214000043000000010007000100800224
:10788000060040000900000035030200E501000089
:107890003503000085030100850300000900000096
:1078A000C500000095140000980400005804000072
:1078B000980500002803000002DC050043000000DA
:1078C00048030000A2010000430000008500FF37CC
:1078D000D50A4F007500FF3F8500FF3F02140000EE
:1078E00043000000E50C0100280B0000380D0000EB
:1078F00025000000E501000535000005E501020056
:1079000015000000B8050000020F00004300000051
:10791000980D00002509010078060000A806000067
:10792000D80600000900000006020000F202000074
:1079300001080000E1070000010000000100010053
:107940006200000001080000E107000001000000E3
:107950000100030043000000060040002600000074
:107960004300000006001C000900000006020000A1
:10797000F20200000128000001100000E1070000F1
:107980000100010062000000012800000110000059
:10799000E107000001000300430000000600400072
:1079A000260000004300000006001C000900000043
:1079B000F5090100950900010214000043000000D0
:1079C000F50900009509000001F40001090000001C
:1079D000050A6B01050A0801050AB502150D00002C
:1079E000D50B0900E50B0000980E000045030100CF
:1079F00045030200E84E0000581300008813000001
:107A0000D80F0000B5020400750200006502C03FF7
:107A1000E5010900B5020900B81000006502000088
:107A2000E5014100B5024100B8100000650200FE0A
:107A3000081100009858000048100000E50A0800EE
:107A4000950B0700480F000015029D00350200004D
:107A50000502760025022E0006200208B80D00005F
:107A6000A50B0400050C1100150C0000F50B02001D
:107A700068550000080E000009000000B50204006F
:107A80007502000065024000E5010101B502010137
:107A9000B810000065020000081200000900000094
:107AA0005502DD0D784E00005502FF0F784E0000A4
:107AB00009000000280B0000F80B0000090000007E
:107AC00078590000E5010100350001006201000065
:107AD0004300000009000000E5010100350000003E
:107AE0006201000043000000A80B00000900000034
:107AF00030BFC36335030100E5010800350308000A
:107B0000850301008503000014000000A847000061
:107B100035030100E5011000350310008503010065
:107B20008503000014000000A84700003503010091
:107B3000E5012000350320008503010085030000D6
:107B400014000000D832000000000000B84B000014
:107B50002508000035080100450801004008000024
:107B600088090000A506A00B000000001702000015
:107B7000F00900003702000070050000A80F0000A7
:107B8000000000008702000080020000F0090000F1
:107B9000B7020000B002000070050000981000005D
:107BA0000846000000000000200300002003000041
:107BB00020030000F0090000500300005003000003
:107BC00070050000A0060000E0030000C84C0000A3
:107BD000100C0000404A0000204C00004804000047
:107BE0005835000078360000500A0000500A0000A6
:107BF000E001000040020000D70200001400000075
:107C0000050800008506C0098006400A8006200994
:107C10000900000018370000A80F000098100000AD
:107C2000084600000900000018370000404A000024
:107C3000204C00000900000018370000204C000014
:107C4000981000000846000009000000F8490000F4
:107C50008848000055050000650500004505010045
:107C600009000000E5010800A506000085150400D4
:107C700035030300E501080035030800C506A46EBE
:107C8000B83700008503010085030000A03800001C
:107C90002838000009000000D0130000E0060000B2
:107CA000880800001707000068250000F0090000A0
:107CB000680900002708000002000000404A000098
:107CC000204C0000B707000035070300D84E000025
:107CD0000A00000035070200F8090000A00F0000AC
:107CE000901000000000000000460000880800001E
:107CF00060090000430000005708000078280000D9
:107D0000D81300000000000018480000090000001F
:107D100060250000E014000070280000B02800007A
:107D200000190000C02B0000002C0000201D0000E6
:107D3000102F0000502F0000402100006032000092
:107D4000D813000009000000E01400000900000042
:107D5000F5010100060000088515020085150100E7
:107D60009515FF03A515010C09000000A8490000A6
:107D70001848000025050000350500001505010024
:107D800009000000D50701002506646B3507890D41
:107D90004507890D85061400D84E00002A00000012
:107DA0002506000085060000450700001048000079
:107DB0000900000045000000E50186003500840050
:107DC0004201000043000000B50C0B0082CE010010
:107DD000430000006833000028390000450001001E
:107DE00009000000B50C000009000000B50C0000FF
:107DF00009000000A50B0000F50B0000050C1200A7
:107E0000150C0000E50B0000950B0500483B000039
:107E10000620220038420000B5020400750200006E
:107E200065024000E5010101B5020101A841000021
:107E300065020000783F0000A8420000D83B000027
:107E4000017C0007F2030000017C010006004000F5
:107E50004300000001000005283C0000090000006C
:107E6000D5080A00E5081A00450285225502FD01E1
:107E700009000000A5010000D5000000E500000099
:107E8000F50020000501000015010000250100009B
:107E9000350100008501000045010000550100008A
:107EA00065010000750100009501000095000100CA
:107EB0007500FF3709000000350A0900550A000067
:107EC000C50A0800650A3F08250A6000950A0100F6
:107ED000250A7F0009000000D83C000002DC0500F4
:107EE00043000000D5000000E5000000750003001D
:107EF000020500004300000085000300250000008B
:107F0000180B000025000100E501020075000000CB
:107F100009000000583A0000180E00000205000099
:107F2000430000008500FF37D50A4F007500FF3F72
:107F30008500FF3F50110000050A6B01050A08018A
:107F4000050AB502E50C0100021400004300000020
:107F5000280F00004503010045030200381300000C
:107F6000483B0000184500005845000078440000D8
:107F7000A845000025000000E501000535000005CA
:107F8000E501020015000000020F000043000000A0
:107F900018430000883A0000E501010035000100A7
:107FA0006201000043000000C80D0000784E000090
:107FB000250901009500FF4009000000050D0100A2
:107FC000250D0100150D1500A50A0100450D8700BE
:107FD00009000000A50B0000F50A000025022E0094
:107FE00009000000083B000078440000E5011F0084
:107FF000150B1F0038420000C8400000A8420000D6
:1080000006202200E50A0800F50A0000883B00006F
:1080100002000000E10300034300000001008002B1
:10802000283C000009000000350200001502000095
:10803000060220002200000032000000E17F8000E4
:1080400001F400001600000043000000C60100001B
:1080500043000000E715000002000000F8160000D1
:108060004300000006001C003502000090160000CE
:10807000720000000602000072010000F816000005
:10808000430000000200000006001C004300000046
:1080900043000000E7160000060200000200000096
:1080A000F816000043000000090000001200000064
:1080B00001F4000012000000E17F800026000000B3
:1080C00001F4010000008000E17F8000E601000073
:1080D00001F4070000008007430000006018000062
:1080E00032000000E17F80002600000001F4030060
:1080F00000008000E17F8000E601000001F407003D
:108100000000800743000000060040001600000049
:108110004300000026000000000080000600000070
:108120000600000006000000017480000900000045
:1081300035020000150200000602200022000000A7
:1081400032000000E17F800001F400001600000012
:1081500043000000C601000043000000071A0000B1
:1081600002000000181B00004300000006001C0075
:1081700035020000B01A0000720000000602000084
:1081800072010000181B0000430000000200000004
:1081900006001C004300000043000000071B000015
:1081A0000602000002000000181B0000430000004F
:1081B000090000001200000001F40000120000009D
:1081C000E17F80002600000001F401000000800033
:1081D000E17F8000E601000001F407000000800755
:1081E00043000000801C000032000000E17F80009E
:1081F0002600000001F4030000008000E17F800001
:10820000E601000001F407000000800743000000C1
:108210000600400016000000430000002600000099
:1082200000008000060000000600000006000000BC
:1082300001748000090000003502000015020000F2
:10824000060220002200000032000000E17F8000D2
:1082500001F400001600000043000000C601000009
:1082600043000000271E000002000000381F00002D
:108270004300000006001C0035020000D01E000074
:10828000720000000602000072010000381F0000AA
:10829000430000000200000006001C004300000034
:1082A00043000000271F000006020000020000003B
:1082B000381F000043000000090000001200000009
:1082C00001F4000012000000E17F800026000000A1
:1082D00001F4010000008000E17F8000E601000061
:1082E00001F407000000800743000000A020000008
:1082F00032000000E17F80002600000001F403004E
:1083000000008000E17F8000E601000001F407002A
:108310000000800743000000060040001600000037
:10832000430000002600000000008000060000005E
:108330000600000006000000017480000900000033
:108340003502000015020000060220002200000095
:1083500032000000E17F800001F400001600000000
:1083600043000000C6010000430000004722000057
:1083700002000000582300004300000006001C001B
:1083800035020000F022000072000000060200002A
:1083900072010000582300004300000002000000AA
:1083A00006001C00430000004300000047230000BB
:1083B00006020000020000005823000043000000F5
:1083C000090000001200000001F40000120000008B
:1083D000E17F80002600000001F401000000800021
:1083E000E17F8000E601000001F407000000800743
:1083F00043000000C024000032000000E17F800044
:108400002600000001F4030000008000E17F8000EE
:10841000E601000001F407000000800743000000AF
:108420000600400016000000430000002600000087
:1084300000008000060000000600000006000000AA
:10844000017480000900000098130000F50B000083
:10845000050C0000150C0000E50B0000950B00005A
:10846000E50A0000050200000620020010340000AA
:10847000050B0000050B0C00050B0000150B0000A0
:10848000250B0000350B0100450B0000550B0000CB
:10849000650B000038420000B502040075020000C0
:1084A00065020000E5010900B5020900A8410000CD
:1084B00065020000E5014100B5024100A84100004D
:1084C00065020000783E0000B5020400750200005D
:1084D00065020000E5010101B5020101A8410000AB
:1084E00065020000783F0000A84200001828000044
:1084F0000900000015095D00F508BD00E501002038
:10850000F50800200100000009000000010000053E
:10851000283C0000004E00000900000098130000F5
:10852000F50B0000050C0000150C0000E50B000029
:10853000950B0000E50A000005020000062002007D
:1085400010340000050B0000050B0C00050B0000AB
:10855000150B0000250B0000350B0100450B00003A
:10856000550B0000650B000038420000B502040006
:108570007502000065020000E5010900B50209006E
:10858000A841000065020000E5014100B50241007C
:10859000A841000065020000783E0000B50204001A
:1085A0007502000065020000E5010101B50201014C
:1085B000A841000065020000783F0000A8420000CA
:1085C000682B00000900000015095D00F508BD00DA
:1085D000E5010020F508002001000000090000006E
:1085E00001000005283C0000004E000009000000CA
:1085F00098130000F50B0000050C0000150C00009E
:10860000E50B0000950B0000E50A000005020000E4
:108610000620020010340000050B0000050B0C00C2
:10862000050B0000150B0000250B0000350B0100A9
:10863000450B0000550B0000650B000038420000A0
:10864000B50204007502000065020000E5010900A2
:10865000B5020900A841000065020000E5014100E3
:10866000B5024100A841000065020000783E00000C
:10867000B50204007502000065020000E501010179
:10868000B5020101A841000065020000783F00002A
:10869000A8420000B82E00000900000015095D0086
:1086A000F508BD00E5010020F508002001000000EC
:1086B0000900000001000005283C0000004E0000F9
:1086C0000900000098130000F50B0000050C0000E5
:1086D000150C0000E50B0000950B0000E50A0000FA
:1086E000050200000620020010340000050B000007
:1086F000050B0C00050B0000150B0000250B0000FE
:10870000350B0100450B0000550B0000650B000008
:1087100038420000B5020400750200006502000046
:10872000E5010900B5020900A8410000650200004A
:10873000E5014100B5024100A841000065020000CA
:10874000783E0000B50204007502000065020000DA
:10875000E5010101B5020101A84100006502000028
:10876000783F0000A8420000083200000900000025
:1087700015095D00F508BD00E5010020F5080020A1
:10878000010000000900000001000005283C000075
:10879000004E000009000000E5013100C50820007E
:1087A000090000006503C000B5070200B5082A00F3
:1087B000A83200000900000055080200F50501007C
:1087C000350C040009000000D50701002506E4006F
:1087D00065070600E507080045061400D84E0000AE
:1087E0000A000000F848000028490000650727003B
:1087F00009000000350C0200350C0300E501010002
:10880000050B0100E5010200D50A0000A2000000EE
:108810004300000009000000E5010800A506000073
:1088200025030300E501080025030800C506046FC1
:10883000B8370000950301009503000028380000B8
:108840000900000015080000E5010800A506080061
:10885000D84E00002A000000090000002508000092
:10886000250600003507030045070300D84E000029
:108870000A000000090000002508010009000000AE
:10888000F50101100600000809000000E5010400E0
:1088900085060400D50701002506C46DD84E0000EA
:1088A0002A000000090000002506000085060000DF
:1088B00009000000E8360000184800008848000061
:1088C00009000000E5011000350310000900000058
:1088D000E50110002503100009000000D507010084
:1088E00025061400D84E00002A00000025060000CE
:1088F000C506000009000000E5061800D84E00007B
:108900000A000000E50600003508010088090000A3
:10891000A506A00B0900000005071800D84E0000AE
:108920000A00000005070000450801004836000065
:10893000A506406909000000E501860035008400B5
:108940004201000043000000E5010300B50C0100F6
:108950006200000043000000D50701002506E40086
:1089600065070600E507080045061800D84E000018
:108970000A000000F84800002849000065072700A9
:1089800009000000E5010300B50C03000900000028
:1089900068330000E50102003500020062010000BA
:1089A00043000000E50184003500000009000000DC
:1089B0001502360005020E0025022E0009000000F7
:1089C0001502360005020E00250293000900000082
:1089D00015094D00F5089D00E5010020F50800206F
:1089E0000900000015095D00F508BD00E501002043
:1089F000F508002009000000E5010020F50800004E
:108A0000000000000000000025000100E501020058
:108A10001500020025000000E5010200150000001D
:108A20000900000065007F000900000065000000EB
:108A3000090000007500010009000000D5000000D9
:108A4000E50102009500020009000000A5010000F8
:108A5000E5000000F5002000050100001501000000
:108A60002501000035010000450103005501030008
:108A700085010300650103007501030095010300F2
:108A8000E501F77F9500F57F09000000E501FF0192
:108A90006502E001E5011100B5021100A8410000E6
:108AA000E501FF016502FF01E5012100B50221009A
:108AB000A8410000E501FF016502F801E501810020
:108AC000B5028100A841000009000000E501FF0196
:108AD0006502C001E5010102B5020102A8410000E2
:108AE000E501FF016502FF01E5010104B502010492
:108AF000A8410000E501FF016502F801E501010858
:108B0000B5020108A8410000E501FF016502FF016F
:108B1000E5010110B5020110A841000009000000A4
:108B2000B50204006502003FB5020D00F8410000E7
:108B30006502C0FFB5021500F84100006502F0FFB4
:108B4000B5028500F84100006502FFFFB50225006F
:108B5000F841000009000000B208000043000000D6
:108B6000E501F91FB502000009000000B20800008D
:108B700043000000B502040009000000E501000503
:108B800035000000E501001835000018E50100057A
:108B90003500000509000000E50100053500000072
:108BA000E501001835000000E5010005350000056D
:108BB00009000000450A0100450A0000650703009E
:108BC000D50708002506140058490000A8470000F2
:108BD00025073900F50400000505803EE504010085
:108BE000D84E00000A000000A8470000F848000026
:108BF0006507000009000000250A0000950A000032
:108C0000250A0000650A000009000000050B0000AD
:108C1000050B0C00050B0000150B1F00250B0000B9
:108C2000350B0100450B0000550B0000650B0000E3
:108C300009000000F50B0000050C0E00150C0000EB
:108C400009000000950B0700A50B0400E50A0700CA
:108C5000F50A040009000000D50B0500B50B030060
:108C600009000000D50B0500B50B0000090000004D
:108C700038420000B5020400750200006502C03FE2
:108C8000E5010101B5020101A8410000650200FEF5
:108C9000783F0000A8420000483B00000620220068
:108CA000D83B0000F5090100E5010003950900012A
:108CB00001F40000D50B0500024B0000430000004A
:108CC000D50B0900F5090000E50100039509000036
:108CD000283C00000900000025070000B505010040
:108CE0006200000043000000B5050000E50400003C
:108CF0000900000035070000C50501006200000002
:108D000043000000C5050000150500000900000033
:108D100045070000D5050100620000004300000087
:108D2000D5050000450500000900000025060000EB
:108D3000D50700000900000045060000E507000017
:108D40000900000015000400E501080035000000DE
:108D5000150000000900000015000800E5011000E2
:108D6000350000001500000009000000150010008B
:108D7000E50120003500000015000000090000009A
:108D800095000100E50C00002509000028390000CD
:108D900025000100E501020015000200E5010600C2
:108DA00085000000E501060075000000D8450000C0
:108DB000984E0000E501010035000000620100004E
:108DC0004300000028440000D50A0000850001008F
:108DD000183D0000783D0000090000002833000025
:108DE000C500000095140000783D0000383D0000EB
:108DF000F80B000009000000D80B0000E50101009D
:108E000085000000E501010075000000383D00000C
:108E1000E501020015000000F83C00000900000018
:108E2000950C1300750C3800850C020015023600F5
:108E300005020E0025022E00062022001509ED0075
:108E4000F508DD01E5010020F5080020010000051E
:108E5000010001050100000506004000283C00005B
:108E6000750C0000850C0000950C00000900000046
:108E7000350C0000350C0400E5010100050B000075
:108E8000E5010200D50A020009000000450DFF00BF
:108E900009000000450D0000A50A0000050D0000B6
:108EA000090000005200000043000000090000001B
:108EB00000000000000000000000000000000000B2
:108EC00000000000000000000000000000000000A2
:108ED0000000000000000000000000000000000092
:108EE0000000000000000000000000000000000082
:108EF0000000000000000000000000000000000072
:108F00000000000000000000000000000000000061
:108F10000000000000000000000000000000000051
:108F20000000000000000000000000000000000041
:108F30000000000000000000000000000000000031
:108F40000000000000000000000000000000000021
:108F50000000000000000000000000000000000011
:108F60000000000000000000000000000000000001
:108F7000000000000000000000000000496E766163
:108F80006C6964206465746563746F7220636F6ECE
:108F9000666967006465746563746F725F646973A2
:108FA00074616E6365000000253032753A253032F9
:108FB000753A253032752E253033752028256329E2
:108FC00020282573292025730A000000455749569B
:108FD000440000004465746563746F7220537461CB
:108FE000747573203D203078256C780A00000000ED
:108FF000496E76616C6964206465746563746F7230
:109000002068616E646C65004552524F523A20618F
:1090100063635F6465746563746F725F64697374BE
:10902000616E63655F707265706172652829206684
:1090300061696C65640000004552524F523A2061EC
:1090400063635F73656E736F725F6D656173757275
:10905000652829206661696C656400004552524F9D
:10906000523A2053656E736F7220696E7465727226
:109070007570742074696D656F7574004552524F38
:10908000523A206163635F73656E736F725F7265DE
:1090900061642829206661696C65640050726F768E
:1090A00069646564207374617469632063616C2012
:1090B000726573756C7420697320696E76616C6972
:1090C0006400000050726F76696465642064796E94
:1090D000616D69632063616C20726573756C7420C7
:1090E000697320696E76616C69640000496E76610F
:1090F0006C69642070726F636573736F722068614E
:109100006E646C65000000006465746563746F7262
:109110005F64697374616E63655F70726F636573BA
:10912000736F7200556E6B6E6F776E207265666C32
:109130006563746F7220736861706500646574653F
:1091400063746F725F64697374616E63655F757475
:10915000696C7300496E76616C696420746872652D
:1091600073686F6C64206D6574686F640000000044
:109170004661696C656420746F206465746563740E
:10918000207065616B730000436F756C64206E6FB7
:1091900074206361636865207065616B7300000013
:1091A0006465746563746F725F64697374616E6320
:1091B000655F61676772656761746F7200000000C8
:1091C00025642064657465637465642064697374E0
:1091D000616E636573000000416767726567617463
:1091E0006F722070726F63657373206661696C655E
:1091F000642E00004552524F523A206163635F640F
:1092000065746563746F725F64697374616E6365BE
:109210005F70726F636573732829206661696C657E
:10922000640000003A200000256C756D6D2C200054
:109230004552524F523A20436F756C64206E6F74E2
:1092400020676574206E65787420726573756C7420
:109250000000000055415254206C6F677320656E0A
:1092600061626C65640A000055415254206C6F675E
:10927000732064697361626C65640A004552524FE1
:10928000523A20556E6B6E6F776E20636F6D6D6115
:109290006E643A20256C75004552524F523A206157
:1092A00063635F6465746563746F725F646973742C
:1092B000616E63655F6765745F73697A657328299A
:1092C000206661696C6564004552524F523A2061D4
:1092D00063635F6465746563746F725F64697374FC
:1092E000616E63655F6372656174652829206661DC
:1092F000696C6564000000004552524F523A207379
:10930000656E736F722062756666657220616C6C43
:109310006F636174696F6E206661696C65640000DB
:109320004552524F523A2063616C696272617469AE
:109330006F6E2062756666657220616C6C6F63612A
:1093400074696F6E206661696C6564004552524FA6
:10935000523A206170706C79206465746563746F33
:109360007220636F6E666967206661696C65640070
:10937000496E76616C69642073656E736F722068E4
:10938000616E646C6500000073656E736F7200003F
:109390004552524F523A206163635F73656E736F3B
:1093A000725F63616C69627261746528292066610D
:1093B000696C65640000000053656E736F72206213
:1093C000756666657220746F6F20736D616C6C00DA
:1093D000496E697469616C2063616C696272617461
:1093E000696F6E206E6F7420636F6D706C6574654D
:1093F00064000000556E726561636861626C65208F
:10940000636F64652077617320726561636865646A
:109410000000000043616C6962726174696F6E20C4
:10942000726573756C742073697A6520746F6F2030
:10943000736D616C6C0000004E6F2063616C69623B
:10944000726174696F6E206E65656465640000000A
:109450006163635F6465746563746F725F6469738D
:1094600074616E63655F63616C69627261746520CB
:109470007761732063616C6C6564206166746572EA
:109480002069742077617320646F6E6500000000AE
:109490004552524F523A206163635F64657465635D
:1094A000746F725F64697374616E63655F75706415
:1094B0006174655F63616C6962726174696F6E2863
:1094C00029206661696C6564000000004552524FB6
:1094D000523A206163635F6465746563746F725FA1
:1094E00064697374616E63655F63616C6962726104
:1094F00074652829206661696C65640049324320DF
:1095000044697374616E6365204465746563746F48
:10951000720000004163636F6E65657220736F6651
:1095200074776172652076657273696F6E2025733A
:109530000A0000004552524F523A206163635F6453
:1095400065746563746F725F64697374616E63657B
:109550005F636F6E6669675F637265617465282912
:10956000206661696C65640A0000000072616461D4
:10957000725F656E67696E655F6131323100000050
:10958000556E657870656374656420617369635FA7
:10959000696420666F756E64203D20307825780000
:1095A00073656E736F725F70726F746F636F6C5FF1
:1095B000613132310000000053656E736F722069B3
:1095C0007320696E2077726F6E67207374617465A3
:1095D000000000004552524F523A206163635F73AE
:1095E000656E736F725F63726561746528292066AA
:1095F00061696C6564000000493243204164647213
:10960000657373203D203078256C780A00000000D7
:10961000456E746572206C6F7720706F776572206D
:1096200073746174650A000045786974206C6F7703
:1096300020706F7765722073746174650A00000092
:109640004D656173757265206F6E2077616B65750E
:10965000700A00002D0000007472756500000000A3
:1096600066616C7365000000756E6B6E6F776E00DF
:10967000496E76616C696420636F6E666967206805
:10968000616E646C65000000636F6E666967000060
:1096900073776565705F726174653A202573256C18
:1096A000752E2530366C75006672616D655F72616E
:1096B00074653A202573256C752E2530366C75003F
:1096C0007377656570735F7065725F6672616D65F3
:1096D0003A20256875000000636F6E74696E756FBF
:1096E00075735F73776565705F6D6F64653A20258C
:1096F00073000000646F75626C655F627566666515
:1097000072696E673A20257300000000696E746507
:10971000725F6672616D655F69646C655F737461C9
:1097200074653A2025730000696E7465725F737703
:109730006565705F69646C655F73746174653A2018
:10974000257300006E756D5F737562737765657064
:10975000733A202568750000202073756273776561
:1097600065703A20256C750020202020737461728A
:10977000745F706F696E74202020202020202020CC
:1097800020202020203A20256C6900002020202065
:109790006E756D5F706F696E7473202020202020BD
:1097A0002020202020202020203A2025687500003D
:1097B00020202020737465705F6C656E677468206C
:1097C000202020202020202020202020203A20257A
:1097D00068750000202020206877616173202020B8
:1097E0002020202020202020202020202020202079
:1097F000203A2025687500002020202072656365CE
:10980000697665725F6761696E20202020202020C4
:1098100020202020203A20256875000020202020CC
:10982000656E61626C655F747820202020202020A6
:109830002020202020202020203A20257300000016
:109840002020202070686173655F656E68616E63BB
:10985000656D656E7420202020202020203A202570
:10986000730000002020202069715F696D62616CC7
:10987000616E63655F636F6D70656E736174696F50
:109880006E3A20257300000020202020656E616262
:109890006C655F6C6F6F706261636B2020202020AD
:1098A00020202020203A20257300000020202020A6
:1098B00070726F66696C6520202020202020202097
:1098C0002020202020202020203A20257300000086
:1098D00020202020707266202020202020202020A0
:1098E000202020202020202020202020203A202559
:1098F00073000000496E76616C69642070726F635A
:10990000657373696E672068616E646C6500000042
:1099100070726F63657373696E6700004F6666737C
:1099200065743A20256875204D6F646966792076E4
:10993000616C7565203D20256C7520746F6F206CFF
:109940006172676520286D6178696D756D20256C81
:1099500075290000636F6E6670726F6772616D00CB
:10996000496E76616C69642064617461206F627411
:1099700061696E656420666F7220706174636869E6
:109980006E6700005374617465206E6F7420757388
:1099900065640000656C656D656E745F6672616D0F
:1099A00065000000536372617463682069732075F9
:1099B00073656420627574206E6F74207365740023
:1099C0005363726174636820616E642073746174A0
:1099D00065206E6F7420757365640000656C656D3D
:1099E000656E745F73696E6B5F613132315F6361A5
:1099F0006C6C6261636B00004F75747075742063EA
:109A0000616E206E6F742062652073657420666FCE
:109A1000722073696E6B20656C656D656E740000F5
:109A2000496E76616C6964207375627377656570E1
:109A300020696E64657800005374617274206D75DE
:109A40007374206265203E3D2030206D6574657220
:109A5000730000006163635F6465746563746F72B3
:109A60005F64697374616E63655F7472616E736C59
:109A70006174696F6E000000456E64206D757374CB
:109A8000206265203E3D2030206D65746572730054
:109A9000456E64206D757374206265206265796F10
:109AA0006E6420737461727400000000456E64205F
:109AB0006973206265796F6E64206D6178206469D6
:109AC0007374616E6365206F66203233206D657438
:109AD000657273005369676E616C207175616C69A2
:109AE0007479206F75747369646520696E7465722A
:109AF00076616C205B2D31302C2033355D00000009
:109B00005468726573686F6C642073656E736974F2
:109B10006976697479206F75747369646520696EFC
:109B2000746572616C205B302C20315D0000000098
:109B3000496E76616C69642062756666657220693B
:109B40006E7075740000000053656E736F7220258F
:109B50006C75206E6F7420726561647920666F7217
:109B60002072756E6E696E672061206E6577207059
:109B7000726F6772616D0000496E76616C69642076
:109B80006275666665722073656E736F7220256CF0
:109B90007500000047656E657269633120496E7417
:109BA00065727275707420616C726561647920638E
:109BB0006C6561726564206F6E2073656E736F7281
:109BC00020256C75000000004E6F206576656E7470
:109BD00020636F6465205B307825785D2072656353
:109BE00065697665642066726F6D2073656E736F4C
:109BF0007220256C750000004572726F72206576C8
:109C0000656E7420636F6465205B307825785D2015
:109C100072656365697665642066726F6D20736531
:109C20006E736F7220256C7500000000496E7661BE
:109C30006C6964206576656E7420636F6465205B73
:109C4000307825785D207265636569766564206685
:109C5000726F6D2073656E736F7220256C750000D6
:109C60004275666665722073697A6520746F6F202D
:109C7000736D616C6C00000053656E736F7220250C
:109C80006C75204E6F2070656E64696E6720696E1A
:109C9000746572727570740053656E736F722025EF
:109CA0006C75206576656E74206973206E6F742004
:109CB00048414E445348414B45205B307825785D00
:109CC00000000000496E76616C696420627566660A
:109CD0006572206C656E67746800000073656E7352
:109CE0006F725F636F6D6D5F613132310000000034
:109CF0005472616E7366657220646174612066726D
:109D00006F6D2073656E736F7220746F20686F7350
:109D100074206661696C65640000000053707572A0
:109D2000696F7573206576656E7420726563656909
:109D3000766564207768656E20444F4E45206578CF
:109D40007065637465642120526563656976656436
:109D5000206576656E7420636F6465203D20256400
:109D60000000000063616C6962726174696F6E5F0C
:109D7000613132315F63616C5F73657373696F6EFC
:109D8000000000004F7574206F66206D656D6F7266
:109D9000790000007273735F696E74656772617435
:109DA000696F6E00436F756C64206E6F7420616C18
:109DB0006C6F636174652061676772656761746F5A
:109DC000720000004661696C656420746F20616CEC
:109DD0006C6F6361746520612070726F636573736B
:109DE0006F7220696E7374616E636500496E76618F
:109DF0006C6964206E756D626572206F6620737584
:109E000062737765657073004661696C6564207480
:109E10006F207365742066696C746572206D617261
:109E200067696E2E204E756D626572206F662070B8
:109E30006F696E747320746F6F20736D616C6C004A
:109E40004661696C656420746F20636F6E66696734
:109E500075726520627265616B706F696E747320D4
:109E600066696C746572206D617267696E000000CE
:109E70004661696C656420746F2063616C63756C06
:109E80006174652066696C74657220636F656666CF
:109E9000696369656E7473004661696C65642074FA
:109EA0006F20636F6E6669677572652074686520E0
:109EB00070726F636573736F72000000546F6F2070
:109EC0006C617267652073656E736F722062756670
:109ED0006665722075736167650000004C6F616490
:109EE0003A205472616E736665722073697A6520D8
:109EF000697320746F206C61726765007472616EA3
:109F0000736C6174696F6E5F613132310000000003
:109F1000496E76616C69642073776565705F726104
:109F200074650000656E61626C655F636361206EDD
:109F30006F742076616C6964207769746820646F3F
:109F400075626C655F627566666572696E67000052
:109F50005375627377656570202568752068617335
:109F600020696E76616C69642050524600000000E2
:109F7000496E76616C6964206672616D655F7261BD
:109F800074650000496E76616C6964207365747451
:109F9000696E677320666F7220636F6E74696E7589
:109FA0006F75735F73776565705F6D6F64650000D3
:109FB000696E7465725F6672616D655F69646C6518
:109FC0005F7374617465206D7573742062652074AD
:109FD00068652073616D65206F72206465657065CA
:109FE00072207468616E20696E7465725F73776544
:109FF00065705F69646C655F73746174650000000F
:10A00000496E76616C696420696E7465725F667210
:10A01000616D655F69646C655F7374617465000090
:10A02000496E76616C696420696E7465725F7377DE
:10A030006565705F69646C655F7374617465000069
:10A04000496E76616C696420687761617300000015
:10A05000496E76616C696420636F6D62696E6174CC
:10A06000696F6E206F66206C6F6F706261636B202A
:10A07000616E642070726F66696C6500496E76610E
:10A080006C696420636F6D62696E6174696F6E20C4
:10A090006F662070726F66696C6520616E642070F7
:10A0A00072660000496E76616C69642070726F663A
:10A0B000696C6500496E76616C69642073746570C3
:10A0C0005F6C656E67746800496E76616C696420C8
:10A0D0006E756D5F706F696E747300007068617388
:10A0E000655F656E68616E63656D656E74206E6F29
:10A0F000742076616C696420776974686F75742068
:10A1000073756274726163745F696E5F62756666AF
:10A1100065720000496E76616C69642073746172C7
:10A120007420706F696E7400496E76616C6964208A
:10A130006E756D626572206F6620706F696E7473E4
:10A14000206F722073746570206C656E6774680090
:10A15000496E76616C696420707266005374617236
:10A160007420706F696E74206F722072616E676503
:10A1700020746F6F2066617200000000537461727A
:10A180007420706F696E7420746F6F20636C6F73CE
:10A1900065000000496E76616C69642072656365D4
:10A1A000697665725F6761696E000000496E76616D
:10A1B0006C696420545820706F77657220617474E4
:10A1C000656E756174696F6E000000004661696CB0
:10A1D000656420746F2063616C63756C61746520C5
:10A1E00070756C73657368617065722073657474E3
:10A1F000696E677321000000546865206D6178699D
:10A200006D756D2073776565702072617465206966
:10A210007320256400000000706970656C696E65CC
:10A220005F613132310000004661696C6564207401
:10A230006F2067657420726164617220656E676962
:10A240006E65206D6574616461746100706970652C
:10A250006C696E655F737562737765657000000089
:10A26000506970656C696E65206E6F742070726FD6
:10A270007065726C7920617373656D626C656400E2
:10A28000417373656D626C65207375627377656584
:10A290007020706970656C696E65206661696C65B7
:10A2A00064000000556E61636B6E6F776C65646768
:10A2B0006564206576656E74206465746563746595
:10A2C00064206F6E2073656E736F7220256C75004D
:10A2D00053656E736F7220256C75206E6F742072DB
:10A2E0006561647920666F72206C6F6164696E6766
:10A2F0002061206E65772070726F6772616D00005B
:10A30000434C4F53455354005354524F4E474553BB
:10A3100054000000496E76616C696420646973744E
:10A32000616E636520636F6E66696700446574657E
:10A3300063746F722044697374616E636520436F48
:10A340006E6669670000000073746172745F6D3A35
:10A35000202573256C752E2530366C7500000000A5
:10A36000656E645F6D3A202573256C752E25303639
:10A370006C7500006D61785F737465705F6C656EFD
:10A380006774683A20256875000000006D61785F89
:10A3900070726F66696C653A20257300636C6F7329
:10A3A000655F72616E67655F6C65616B6167655F54
:10A3B00063616E63656C6C6174696F6E3A202573BE
:10A3C000000000007369676E616C5F7175616C6994
:10A3D00074793A202573256C752E2530366C7500FE
:10A3E0007468726573686F6C645F6D6574686F64C0
:10A3F0003A202573000000007065616B5F736F7217
:10A4000074696E675F6D6574686F643A20257300C8
:10A410006E756D5F6672616D65735F696E5F7265A3
:10A42000636F726465645F7468726573686F6C648F
:10A430003A2025687500000066697865645F616D83
:10A44000706C69747564655F7468726573686F6C4D
:10A45000645F76616C75653A202573256C752E25D1
:10A4600030366C750000000066697865645F73744F
:10A4700072656E6774685F7468726573686F6C6428
:10A480005F76616C75653A202573256C752E2530D5
:10A49000366C75007468726573686F6C645F7365A1
:10A4A0006E73697469766974793A202573256C75C1
:10A4B0002E2530366C750000496E76616C6964201B
:10A4C00064697374616E63652068616E646C6500B5
:10A4D0004F66667365742043616C6962726174696A
:10A4E0006F6E20436F6E666967000000436C6F7388
:10A4F00065204E6F6973652043616C696272617497
:10A50000696F6E00466172204E6F6973652043610A
:10A510006C6962726174696F6E000000436C6F73E6
:10A52000652053656E736F720000000046617220F3
:10A5300053656E736F720000496E76616C696420BA
:10A5400061676772656761746F722068616E646CC1
:10A5500065000000436F756C64206E6F7420637239
:10A5600065617465206465746563746F72206861E9
:10A570006E646C6500000000436C6F73652072614F
:10A580006E67652073686F756C64206861766520FE
:10A59000666978656420505246000000496E766115
:10A5A0006C696420617267756D656E747320696E85
:10A5B00020666C6F61745F6C696E737061636500B7
:10A5C00066696C7466696C7420696E707574206954
:10A5D000732025687520627574206E65656473202C
:10A5E000746F206265206174206C6561737420252E
:10A5F000687500006465746563746F725F64697385
:10A6000074616E63655F616C6700000064697374F8
:10A61000616E6365206973206F757473696465206A
:10A620006D6561737572696E672072616E67650032
:10A63000496E76616C6964207265666572656E63E9
:10A6400065206672657175656E6379202573256C6A
:10A65000752E2530366C7520487A00006370645F73
:10A66000706C6C5F64697669736F727300000000D0
:10A6700053656E736F722063616C69627261746995
:10A680006F6E2073746570202564206661696C6547
:10A690006400000063616C6962726174696F6E5F6F
:10A6A000613132310000000046495845445F414D58
:10A6B000504C49545544450046495845445F53540D
:10A6C00052454E47544800005245434F524445447A
:10A6D0000000000043464152000000004445455040
:10A6E0005F534C4545500000534C45455000000019
:10A6F000524541445900000050524F46494C455F75
:10A700003100000050524F46494C455F3200000076
:10A7100050524F46494C455F3300000050524F465F
:10A72000494C455F3400000050524F46494C455F4C
:10A730003500000031392E354D487A0031352E363E
:10A740004D487A0031332E304D487A00382E374D3F
:10A75000487A0000362E354D487A0000352E324DAD
:10A76000487A00004E6F7420706F737369626C6575
:10A7700020746F207265636F6E66696775726520FD
:10A780007768656E20646F75626C652062756666B9
:10A790006572696E6720697320636F6E666967759D
:10A7A0007265640053656E736F7220256C75206E40
:10A7B0006F7420726561647920746F206265207502
:10A7C00070646174656400006370645F613132318C
:10A7D0005F6D6561735F73657373696F6E00000011
:10A7E0004C6F61642070726F6772616D2066616981
:10A7F0006C656400496E76616C69642063616C69A4
:10A8000062726174696F6E00416464726573733A59
:10A8100020256875204D6F646966792076616C75B6
:10A8200065203D20256C7520746F6F206C61726708
:10A830006520286D6178696D756D20256C7529001E
:10A84000496E76616C69642064617461206F627422
:10A8500061696E656420666F72206C697665207030
:10A8600061746368696E6700000FC93F000F49405B
:10A8700000CB9640000FC9400053FB4000CB16416F
:10A8800000ED2F41000F49410031624100537B41EF
:10A89000003A8A4100CB9641005CA34100EDAF41F4
:10A8A000007EBC41000FC94100A0D5410031E2410A
:10A8B00000C2EE410053FB4100F20342003A0A425B
:10A8C0000083104200CB164200141D42005C23425C
:10A8D00000A5294200ED2F4200363642007E3C4260
:10A8E00000C74242000F4942A2000000F9000000E8
:10A8F000830000006E0000004E00000044000000D5
:10A900001500000029000000FC00000027000000E6
:10A9100057000000D1000000F500000034000000E6
:10A92000DD000000C0000000DB000000620000004D
:10A9300095000000990000003C000000430000006A
:10A940009000000041000000FE00000051000000E7
:10A9500063000000AB000000DE000000BB00000050
:10A96000C500000061000000B700000024000000E6
:10A970006E0000003A000000420000004D000000A0
:10A98000D2000000E00000000600000049000000C6
:10A990002E000000EA00000009000000D1000000C5
:10A9A000920000001C000000FE0000001D000000DE
:10A9B000EB0000001C000000B100000029000000B6
:10A9C000A70000003E000000E80000008200000038
:10A9D00035000000F50000002E000000BB00000064
:10A9E0004400000084000000E90000009C0000001A
:10A9F0007000000026000000B40000005F000000AE
:10AA00007E000000410000003900000091000000BD
:10AA1000D600000039000000830000005300000051
:10AA200039000000F40000009C00000084000000D9
:10AA30005F0000008B000000BD000000F900000076
:10AA4000280000003B0000001F000000F80000008C
:10AA500097000000FF000000DE000000050000007D
:10AA6000980000000F000000EF0000002F00000021
:10AA7000110000008B0000005A0000000A000000D6
:10AA80006D0000001F0000006D0000003600000097
:10AA90007E000000CF00000027000000CB00000077
:10AAA00009000000B70000004F0000004600000051
:10AAB0003F000000660000009E0000005F000000F4
:10AAC000EA0000002D0000007500000027000000D3
:10AAD000BA000000C7000000EB000000E500000025
:10AAE000F10000007B0000003D00000007000000B6
:10AAF00039000000F70000008A000000520000004A
:10AB000092000000EA0000006B000000FB00000063
:10AB10005F000000B10000001F0000008D00000079
:10AB20005D00000008000000560000000300000067
:10AB30003000000046000000FC0000007B00000028
:10AB40006B000000AB000000F0000000CF00000030
:10AB5000BC000000200000009A000000F40000008B
:10AB6000360000001D000000A9000000E300000006
:10AB700091000000610000005E000000E60000009F
:10AB80001B000000080000006500000099000000A4
:10AB9000850000005F00000014000000A00000001D
:10ABA00068000000400000008D000000FF00000071
:10ABB000D8000000800000004D000000730000007D
:10ABC0002700000031000000060000000600000021
:10ABD0001500000056000000CA00000073000000CD
:10ABE000A8000000C900000060000000E2000000B2
:10ABF0007B000000C00000008C0000006B00000023
:10AC00000000C93F0000F0390000DA370000A2332D
:10AC10000000842E0000502B0000C2270000D0222C
:10AC20000000C41F0000C61B000044170400000001
:10AC30000700000009000000D1F71737D1F717B758
:10AC40008071313F807131BF0000003F000000BFC4
:10AC50006937AC3168212233B40F14336821A23331
:10AC60003863ED3EDA0F493F5E987B3FDA0FC93F0C
:08AC7000A455FF7F0100000064
:08AC7800CD08010800000000F6
:08AC8000A50801080000000016
:10AC880000093D0010000000FFFF01006262615FE3
:10AC980063616C5F6374726C5B785D0074785F6687
:10ACA8007265715F6B687A5B785D00003000002028
:10ACB800000000003C060020A40600200C0700202D
:10ACC800000000000000000000000000000000007C
:10ACD800000000000000000000000000000000006C
:10ACE800000000000000000000000000000000005C
:10ACF800000000000000000000000000000000004C
:04000005080118894D
:00000001FF
