:020000040800F2
:1000000000000120F9CC0008CD590008D1590008A2
:10001000D5590008D9590008DD5900080000000032
:10002000000000000000000000000000E15900088E
:10003000E559000800000000E9590008ED590008E2
:1000400049CD000849CD000849CD0008015A0008F3
:1000500049CD000849CD000849CD000849CD000828
:1000600049CD00083D5A000849CD000849CD000897
:10007000515A00085D5A000849CD000849CD0008D2
:10008000695A0008755A000849CD000849CD000892
:1000900049CD000849CD000849CD000849CD0008E8
:1000A00049CD000849CD000849CD000849CD0008D8
:1000B00049CD0008000000000000000049CD000804
:1000C00049CD0008815A000849CD000849CD0008F3
:1000D00049CD000849CD00082960000849CD000835
:1000E000A95A0008BD5A00080000000000000000E6
:1000F0000000000000000000000000000000000000
:100100000000000049CD00080000000049CD0008B3
:10011000000000000000000049CD000849CD0008A3
:1001200049CD000849CD000849CD000849CD000857
:1001300049CD0008000000000000000000000000A1
:1001400049CD000849CD000849CD00080000000055
:1001500049CD000849CD000849CD000849CD000827
:1001600049CD000849CD000849CD00080000000035
:1001700049CD000849CD0008000000000000000043
:1001800049CD000849CD000849CD00080000000015
:1001900011F0CEBA0368816A1B6813F0200317D1EF
:1001A0000A68A1F8523002F1080353E8003F23F037
:1001B000800302F1080040E800310029F3D152E841
:1001C000003F43F0400342E800310029F7D1704777
:1001D000034B994204BF002381F88830704700BF69
:1001E00090030020014BD3F88C007047900300204F
:1001F00011F0A6BA70B4436C066C056831682C68BF
:1002000003F01C0304229A400A420ED014F0040F9B
:100210000BD02B689B0603D42B6823F004032B60C0
:10022000036B7260FBB170BC184702229A400A420D
:100230001BD014F0020F18D02B68990606D42B6837
:10024000012123F00A032B6080F82510134B9D42F7
:1002500096BF134BC3F884235A60C36A002280F808
:100260002420002BDFD170BC704708229A400A423C
:10027000F9D02207F7D52A68416B22F00E022A60D6
:10028000012202FA03F300247360C26380F8244061
:1002900080F825200029E6D070BC08478000024085
:1002A00000000240264A9368D26813F00C0305D080
:1002B0000C2B32D0042B3ED122487047204A1168C3
:1002C000090754BFD2F8942012681F4954BFC2F3E3
:1002D0000322C2F3031251F82200002BEDD0184B79
:1002E000DB6803F00303022B23D0184A032B08BF5B
:1002F0001046134BD968DA68DB68C3F34163C2F375
:100300000622C1F30211013300FB02F201315B004E
:10031000B2FBF1F2B2FBF3F0704702F00302012AE4
:10032000CCD0074BDB6803F00303022B4FF0000037
:10033000DBD10448DDE7082B044818BF00207047D4
:10034000001002400024F400383E010800127A0038
:1003500010B5FFF7A7FF0B490B4A8B680B4CC3F393
:100360000313134493F8303003F01F03D840206088
:100370008B68C3F302231A4492F8403003F01F0342
:10038000D84010BD00100240383E01080000002097
:1003900010B5FFF787FF0B490B4A8B680B4CC3F373
:1003A0000313134493F8303003F01F03D840206048
:1003B0008B68C3F3C2231A4492F8403003F01F0342
:1003C000D84010BD00100240383E01080000002057
:1003D000434A036830B4D468A40707D0D46804F053
:1003E00003049C424AD0012030BC7047022B56D0F7
:1003F000032B4DD0012BF6D112689207F3D5384C60
:10040000E26822F0730213434268013A43EA02139E
:10041000E360334C334A236823F080632360D2F8CF
:100420008C5004E0D2F88C305B1B022B3BD8236845
:100430001B01F7D483681B02002936D12169C568E6
:1004400021F0784121F4FE4143EAC5630B43236167
:1004500023490B6843F080630B60D2F88C4004E0C2
:10046000D2F88C301B1B022B1DD80B681B01F7D553
:1004700082690B69134300200B61B5E7002CB2D0F1
:10048000D3684268C3F3021301339342ABD1C0E790
:100490001468A403B3D412685203A4D5AFE712685A
:1004A0005505A0D5ABE703209EE7012921690BD0B4
:1004B00021F0C06121F4FE41194343695B08013B0F
:1004C00041EA43612161C3E721F4C00121F4FE4107
:1004D0000B4301694908013943EA41532361B7E7F6
:1004E0000010024090030020F0B504680546200586
:1004F00083B000F1F6800026A10351D5A54B9A6D7B
:10050000D20040F1F8800027A349A44A0B6843F4C5
:1005100080730B60D2F88C0005E0D2F88C301B1A87
:10052000022B00F201810B68DB05F6D5AEBB9949C1
:10053000A86DD1F8903013F4407326D0834224D0B4
:10054000D1F890C0D1F8903043F48033C1F89030A6
:10055000D1F8903023F48033C1F890301CF0010FB3
:100560002CF44073C1F890300FD0D2F88CE041F2F7
:10057000883C06E0D2F88C30A3EB0E03634500F212
:10058000D380D1F890309B07F4D5824AD2F89030CE
:1005900023F440730343C2F89030002F40F0C8802A
:1005A000E10708D57B4A296AD2F8883023F0030393
:1005B0000B43C2F88830A20708D5764A696AD2F898
:1005C000883023F00C030B43C2F88830630708D54A
:1005D000704AA96AD2F8883023F030030B43C2F87E
:1005E0008830A70608D56B4AE96AD2F8883023F428
:1005F00040630B43C2F88830A00508D5654AE96B13
:10060000D2F8883023F440230B43C2F888306105C8
:1006100008D5604A296CD2F8883023F440130B4384
:10062000C2F88830620608D55A4A296BD2F8883059
:1006300023F440530B43C2F88830230608D5554AAB
:10064000696BD2F8883023F440430B43C2F88830FA
:10065000E70508D54F4AA96BD2F8883023F4403318
:100660000B43C2F8883020030ED54A4AA96CD2F851
:10067000883023F040630B43B1F1006FC2F888303B
:100680005CD0B1F1806F74D061030ED5414AE96C42
:10069000D2F8883023F040630B43B1F1006FC2F809
:1006A000883050D0B1F1806F6BD062040BD53949DE
:1006B0002A6DD1F8883023F040531343B2F1805FA4
:1006C000C1F888304DD0230408D5324A696DD2F87C
:1006D000883023F080430B43C2F88830304603B0A3
:1006E000F0BD6F6CB7F5000F10D0B7F5400F12D00A
:1006F00077B3012600E79A6D42F080529A659B6DB0
:1007000003F080530193019B0127FDE6214AD36842
:1007100043F48033D3601F4AD2F8883023F4400377
:100720003B43C2F88830E6E60326002F3FF438AF9B
:10073000184A936D23F08053936531E7D36843F4EF
:100740008013D360A0E7D36843F48013D360ACE791
:100750003946281DFFF73CFE064600287FF4CCAE44
:10076000D9E70221281DFFF733FE002818BF0646EF
:10077000A9E70121281DFFF72BFE002818BF064618
:1007800082E70121281DFFF723FE002818BF064637
:100790008BE700BF00100240007000409003002073
:1007A000704700BF704700BF836A19684A6822F02B
:1007B00003024A601A6E4FF0010C42F010021A66F2
:1007C00083F85DC0704700BF704700BF10B4046875
:1007D000806A226812F0200228D10368A0F85A200B
:1007E00053E8002F22F4807243E800210029F7D15A
:1007F00003F1080252E8002F22F0010203F1080C75
:100800004CE800210029F3D103F1080252E8002F3F
:1008100022F0400203F1080C4CE800210029F3D13A
:100820002022C0F88020026E012A13D000234366E4
:10083000026E012A0BD1A0F85A306368B0F8582034
:100840009BB29A4288BFA0F85A30B0F85A305DF88F
:10085000044B704753E8002F22F0100243E80021B8
:100860000029E3D053E8002F22F0100243E80021D2
:100870000029EFD1DAE700BF836A01225A661A6EB7
:10088000012A0DD1B3F8581002684808A3F85A009D
:10089000526892B2914228BFA3F85A20B3F85A3056
:1008A000704700BFB1F804C093680A899A80BCF110
:1008B000000C18BF4FF0010CCA7983F800C091F802
:1008C00006C083F801C09A70986070470278142AB5
:1008D00001D001207047F8B51E461B685BB10F467A
:1008E00035460024696855F8083F3846984733680C
:1008F00001349C42F6D30120F8BD00BF58B32DE966
:10090000F041154F05464FF000082C462D68E2686F
:10091000D10516460ED4A06828B1FFF7EFFFE268B4
:10092000D305164606D4206998B1BB689847E66897
:10093000C4F8108016F4007604D1206A10B1BB68A8
:1009400098472662BB6820469847002DDDD1BDE858
:10095000F0811646EEE770470000002010B5421EF9
:10096000C11C002012F8013FA3F1300C5FFA8CFE8D
:10097000BEF1090FA3F1410404D860448A420AD0B1
:100980000001EFE7052CA3F1610CA3F1370403D8B4
:100990008A422044F4D110BDBCF1050F02D8573B68
:1009A0001844EBE7002010BD2DE9F0478B680D6877
:1009B0008846E95C5A1C2229814605EB020605EBB4
:1009C000030019D1D8F80470BA4215D23446002178
:1009D00003E00134621BBA420ED22378222B14D0DA
:1009E0005C2BF6D10134631B9F4205D90134621B95
:1009F000BA4201F10101F0D326B1D8F80030F31A60
:100A0000C8F808300020BDE8F0879742F4D9231ACF
:100A1000C1F101001844D8F81030984782460028E8
:100A2000EAD0B44240F29080574606E001367A1C84
:100A3000B4423B7040F28980174633785C2BF5D185
:100A40007378752B18D85B2B12D9A3F15C02192A85
:100A500012D8DFE802F07511111111117011111186
:100A60006B111111111111116611111161115C1627
:100A7000222B65D02F2B63D0D8F8143050469847DE
:100A8000BBE7A31B052BF7DDB01CFFF767FFA0F545
:100A90005C43B3F5806F0546EED3A0F55843B3F53C
:100AA000806F61D2B31DE31A052BE5DDB3795C2BB2
:100AB000E2D1F379752BDFD106F10800FFF74EFF85
:100AC000A0F55C42B2F5806FD6D2374AC0F3090375
:100AD00002EA8522134303F580350C214FF0F00E16
:100AE0000323042207EB030C05F03F00013B60F0F9
:100AF0007F0013F0FF030CF801094FEA9515F3D1BD
:100B00004EEA050E5FFA8EF33A440E4490E7022156
:100B10007A1C09230E448BE702217A1C0D230E4414
:100B200086E702217A1C0A230E4481E702217A1CFF
:100B30000C230E447CE702217A1C08230E4477E73D
:100B400002217A1C0E4473E75246002313701023CF
:100B5000C9F80C30D8F80030C9F810A0E31A0133F6
:100B6000C8F8083001204EE77F2804D80122C3B21C
:100B700006213A44C9E7B0F5006F05D206214FF0CF
:100B8000C00E01230222ADE7B0F5803F05D2062159
:100B90004FF0E00E02230322A4E7B0F5881FBFF454
:100BA0006BAF06219AE700BF00FC0F000146E8B1D9
:100BB0000068E0B110B4D1E90143A3420CD25A1E3F
:100BC000024403E001339C428B6009D012F8010F0C
:100BD0002028F7D99C4203D008465DF8044B7047A3
:100BE000013C8C6008465DF8044B704770477047C5
:100BF00018B1084A0168914206D0074B074AD3F85A
:100C0000A030074900201847034A0021D2F8982055
:100C1000016010470FB03713900300207C86010855
:100C2000748E010810B418B10C4B04689C4208D0B3
:100C30000B4B0C4AD3F8A0300B495DF8044B002055
:100C40001847042A02D1064B084AF3E702EB820256
:100C500000EB8200C1745DF8044B70470FB037138E
:100C6000900300207C860108748E01089486010898
:100C700038B50D461849864600F1FF3C00F1EB04FB
:100C80004FF0FF321CF8013F08205A4042F30003A6
:100C90000B40013883EA5202F8D1A445F2D1DEF8C4
:100CA000EC30D24393420CBF0124002407D00B4BFD
:100CB0000B4AD3F8A0300B499847204638BDBEF800
:100CC000003040F2E51202FB03F31B0CA3F589731D
:100CD0002B80204638BD00BF2083B8ED9003002054
:100CE000AC860108C886010838B568B10D4659B10F
:100CF00084682CB909E00BF035FA30B1246824B1CE
:100D0000216A28460029F6D10024204638BD00BFBC
:100D10002DE9F8430D469549DDF820900446174625
:100D20009846FFF7E1FF18B1037B082B00F00E8116
:100D300000268F492046FFF7D7FF88B1037B082B99
:100D40000ED1416925B18B4B2A689A4200F063812C
:100D5000894B8A4AD3F8A030894900209847012658
:100D600088492046FFF7C0FF88B1037B082B0ED1CE
:100D7000416925B17F4B2A689A4200F037817E4B4A
:100D80007E4AD3F8A0307E490020984701267E494C
:100D90002046FFF7A9FF88B1037B082B0ED14169DC
:100DA00025B1744B2A689A4200F02B81724B734A2A
:100DB000D3F8A03072490020984701267349204695
:100DC000FFF792FF88B1037B082B0ED1416925B153
:100DD000684B2A689A4200F0FF80674B674AD3F855
:100DE000A030674900209847012669492046FFF74F
:100DF0007BFF88B1037B082B0ED1416925B15D4B88
:100E00002A689A4200F030815B4B5C4AD3F8A030EC
:100E10005B490020984701265E492046FFF764FFA2
:100E200080B1C3689A070DD025B1524A2968914212
:100E300000F00681504B514AD3F8A03050490020B1
:100E40009847012654492046FFF74EFF80B1C368FA
:100E500098070DD025B1474A2968914200F0FA80E1
:100E6000454B464AD3F8A030454900209847012613
:100E70004A492046FFF738FF80B1C36899070DD073
:100E800025B13C4A2968914200F0D0803A4B3B4A58
:100E9000D3F8A0303A49002098470126404920461F
:100EA000FFF722FF80B1C3689A070DD025B1314A00
:100EB0002968914200F0E2802F4B304AD3F8A030ED
:100EC0002F4900209847012636492046FFF70CFF9E
:100ED000002839D0037B102B36D1046932492046D3
:100EE0000BF040F9002800F0DB80304920460BF081
:100EF00039F9002800F02A812D4920460BF032F9FB
:100F0000002800F0C5802B4920460BF02BF9002863
:100F100000F02A81284920460BF024F9002800F02F
:100F20002981264920460BF01DF9002800F0168182
:100F3000234BC8F8003000200126B9F1000F01D082
:100F400089F80060BDE8F8830120F6E741691DB12A
:100F5000084B2A689A4235D0074B084AD3F8A0308C
:100F60000749002098470126E3E600BFD086010824
:100F7000A89801080FB03713900300207C86010861
:100F8000748E01089498010884980108209801083B
:100F900074990108DC860108E8860108F8860108D2
:100FA0000C87010830990108288701083487010857
:100FB000408701084C870108548701085C870108B5
:100FC000803E0108042F71D16D4B6E4AD3F8A030DA
:100FD0006D4900209847C6E7042F78D1684B694ACD
:100FE000D3F8A030684900209847FDE6042F40F070
:100FF0009080634B634AD3F8A03063490020984740
:10100000C4E6042F74D15E4B5E4AD3F8A0305E492B
:1010100000209847D1E6042F40F08C80584B594A65
:10102000D3F8A03058490020984798E6042F54D1AF
:10103000534B544AD3F8A0305349002098472CE72B
:10104000042F6CD14E4B4F4AD3F8A0304E490020AC
:101050009847F6E6042F51D1494B4A4AD3F8A030BD
:1010600049490020984702E7042F69D1444B454A7B
:10107000D3F8A030444900209847CCE6042F1BD178
:101080003F4B404AD3F8A0303F49002098471AE729
:101090003A4602212846FFF7C5FD012006464CE7E7
:1010A00001463A462846FFF7BDFDF6E707EB870302
:1010B00005EB8303596056E7A3F1020307EB8702B0
:1010C000B3FA83F305EB82025B095374FBE607EB8B
:1010D000870305EB8303998186E6A3F1020307EBFF
:1010E0008702B3FA83F305EB82025B091374D4E63B
:1010F00007EB870305EB830319755EE6A3F1020393
:1011000007EB8702B3FA83F305EB82025B09937462
:10111000ADE607EB870305EB8303598136E6A3F1C0
:10112000020307EB8702B3FA83F305EB82025B0944
:10113000D37386E607EB870305EB830319810EE67D
:1011400007EB870305EB8303997364E628463A4669
:1011500001210126FFF766FD3046EEE63A460521FD
:101160002846FFF75FFD98E73A4603212846FFF738
:1011700059FD92E73A4604212846FFF753FD8CE7D4
:101180009003002094860108748E0108074B10B567
:101190005B6828209847044628B1282200210EF0D9
:1011A0002DFA2023E360204610BD00BF0000002080
:1011B00070B5114E114A3368A2FB03239B09013B12
:1011C000B3F1807F01D3012070BD4FF0E0220C49C4
:1011D0005361F02381F82330002507230F28956100
:1011E00004461361EFD801464FF0FF300AF0F2FBDE
:1011F0003461284670BD00BF00000020D34D62104E
:1012000000ED00E000283FD070B504460068E0B172
:101210006368BBB9002918DBA268013111448B4215
:1012200015D223698BB9B1F1804F12D2236A4D00D8
:10123000B3B129469847064600B3A068C4E90065E3
:10124000304470BDA2689342E4D8002070BD1044C1
:1012500070BD0029F9DB236A6FF00045002BE8D14F
:10126000A36928469847064640B1A2682168013222
:101270000EF098FBE36920689847DEE7E369206891
:101280009847C4E90066E0E70020704738B5084B8E
:10129000D3E92A4500212A4620460EF0AFF90AF08C
:1012A00049FCA9B22046BDE838400AF0BDBB00BFEA
:1012B0009003002038B52A4A0368D2F88C501B6886
:1012C0009B061BD4846A2368A2685868616820F072
:1012D000200058609AB15868B1F5827F20F0010073
:1012E000586022D02946204608F04AFCB0B90123B4
:1012F0000022A4F8462084F85D30236E38BD5A6879
:10130000B1F5827F0CBF22F0030222F001025A6085
:101310002946204608F034FC0028E8D0236E43F02C
:101320002003236620232366E1E7B2F5004F12D1A4
:101330001A6822F0400229461A60204608F020FC74
:101340000028EBD12A464FF4C061204608F0B8FBD4
:101350000028CCD0E2E7B2F5806FE9D0C2E700BF49
:1013600090030020F8B51C4D0368D5F88C701B68FD
:10137000846A9B062CD42668736823F0200373606C
:101380003A464FF4C051204608F09AFB58B9394606
:10139000204608F0F5FB30B93A464FF4C0612046CC
:1013A00008F08EFB38B1236E43F020032366236ED2
:1013B00043F020032366736823F003037360002265
:1013C0000123E287A4F8462084F85D30236E13B928
:1013D000012385F8B030F8BD90030020264B2DE99D
:1013E000F0415B680546282057EC106B884698470B
:1013F000044690B1282200210EF000F90823E36092
:10140000C4E906671AA3D3E90023304639460BF036
:1014100051FB60B16FF000436361284622464146AC
:101420000AF0E2F80546A0B12046BDE8F081134B72
:101430000022304639460BF033FB88B14FF00043B1
:1014400028466361224641460AF0CEF80546002848
:10145000EAD120462C46FFF751FA2046BDE8F0813C
:10146000304639460BF050FB6061D6E7AFF30080A1
:101470000000C0FFFFFFDF41000000200000E0C1CE
:101480000E4B70B55B68054628200E46984704460B
:1014900028B1282200210EF0B1F82023E36028466D
:1014A000224631460AF0A0F8054608B1204670BD34
:1014B00020462C46FFF722FA204670BD000000208F
:1014C000F8B50F4B06465B6828200F46154698472F
:1014D000044628B12822002101350EF08FF8E5607E
:1014E0002246394630460AF07FF8054618B1201EDC
:1014F00018BF0120F8BD2046FFF700FA2846F8BDC6
:10150000000000202DE9F843DFF880800646D8F877
:10151000043028200F461546984740B30446282239
:1015200000210EF06BF81023E360EDB128460AF0BD
:1015300077FE00F10109D8F8043048469847804604
:1015400088B129464A460EF02DFAC4F8108022468A
:10155000394630460AF048F8054688B1201E18BFC3
:101560000120BDE8F88320612046FFF7C7F9002479
:101570002246394630460AF037F805460028EDD1B4
:101580002046FFF7BBF92846BDE8F883000000209D
:10159000002849D02DE9F84384685CB3DFF88C90CB
:1015A0000F4616E0D9F80430D4F820809847282256
:1015B0000021064658B30EF021F8022D18BF012570
:1015C000F5603246414638460AF00EF840B32468CA
:1015D00084B1E568AA074FF02800EBB2E2D1102BE6
:1015E00038460AD12269216AFFF78CFFA8B1246826
:1015F000002CEED10120BDE8F883082B0DD194ED2D
:10160000060B216AFFF7EAFE0028E0D105E002465A
:101610004146384609F0E8FF10B10020BDE8F883E4
:101620003046FFF76BF9F8E7012070470000002013
:10163000002900F0AF802DE9F04705460846002D4F
:1016400000F087802C78002C00F08E80534F2A46C3
:10165000002607E0072C54D9DB0750D5013612F8D5
:10166000014F64B1A4F10803DBB2222C27FA03F383
:10167000F0D95C2CF2D012F8014F002CF2D1541B9F
:1016800004EB060A0AF10301FFF7BCFD0746002838
:101690005AD001300AF101088146002E7CD0222365
:1016A0003B702B78002B3BD05C240AE0222B0AD025
:1016B0005C2B08D089F8003015F8013F09F10109C9
:1016C00073B31F2BF2D8484600F8014B2A78222A20
:1016D00019D8072A19D9A2F108031A2B15D8DFE85F
:1016E00003F0362531142F2A14141414141414146E
:1016F00014141414141414141414141426001F2C89
:10170000ADD80536ABE75C2A11D0254910F096FA22
:1017100015F8013F09F1050909F10109002BD0D1A4
:10172000222327F808300120BDE8F087742289F8C9
:1017300001208146C0E7722289F801208146BBE77B
:101740006622F4E76E22F2E70020BDE8F08762220D
:10175000EDE70321FFF756FD0028F5D0114B1A885D
:101760009B7802808370DEE70321FFF74BFD07467D
:101770000028E9D04FF001080226A2464044222466
:10178000524629463C700EF00DF9002307F8084038
:10179000BB55C8E700207047A61CF0E737000004DF
:1017A0006887010864870108002800F0F7812DE9A7
:1017B000F0430C4689B000293AD0037B202B054624
:1017C00025DCABB3013B1F2B32D8DFE813F043001D
:1017D00035003100E7003100310031009E0031005A
:1017E0003100310031003100310031009900310009
:1017F0003100310031003100310031003100310061
:101800003100310031003100310031005000402BF7
:1018100000F0DF80802B0BD1006948B10AF000FD99
:10182000461C31462046FFF7EDFC002840F076814B
:10183000002009B0BDE8F08305212046FFF7E2FC57
:1018400003460028F4D0B14A1068127918601A7162
:101850000120EEE706212046FFF7D4FC03460028CE
:10186000E6D0AB4A1068928818609A80F0E70121B0
:101870002046AD68FFF7C6FC0028D9D05B23037073
:10188000D4E9022301320133C4E90223002D00F020
:1018900093802C274FF02008002608E001300670C6
:1018A000A3682D684B44A360002D00F0858021467D
:1018B0002846FFF779FF0028BAD0206830B1D4F865
:1018C000089048440AF0ACFC4844A0602B68002B08
:1018D00072D06369002B0CBF0221032120460CBF8C
:1018E0004FF001094FF00209FFF78CFC00289FD050
:1018F00007706369002BD1D080F801800230CEE7F9
:10190000006909B0BDE8F04392E6D0E9066700231C
:10191000CDE90133CDE90333CDE90533ADF81C3012
:1019200032463B46304639460BF0D8F8A8B927F086
:101930000049784B4FF0FF32304649460BF0CEF865
:10194000002840F0F080734B304649464FF0FF329C
:101950000BF0A6F8002840F0E6806F4B93E80300F8
:10196000042601908DF80810711C2046FFF74AFCF0
:1019700000283FF45DAF56B1751E01AB421E054411
:1019800013F8011B02F8011FAA42F9D130440023C9
:101990000370A36833440120A3604AE70521204671
:1019A000FFF730FC034600283FF442AF5A4A106864
:1019B000127918601A714BE702212046FFF722FCCA
:1019C00000283FF435AF5D230380E368013BE3600B
:1019D0003EE74B69AD68002B08460BBF022103218F
:1019E00001260226FFF70EFC00283FF421AF7B23DF
:1019F0000370E3680133E3606369002B40F0A58066
:101A0000A2683244A260002D00F0CA8009263A275D
:101A10004FF02C08002B40F0A280286A2146FFF7E7
:101A200007FE00283FF404AF206830B1D4F80890D6
:101A300048440AF0F5FB4844A0606369002B0CBFE2
:101A40004FF001094FF0020949462046FFF7DAFB43
:101A500000283FF4EDAE0770636903B14670A368D8
:101A60004B44A36021462846FFF79EFE00283FF422
:101A7000DFAE206830B1D4F8089048440AF0D0FBBB
:101A80004844A0606369B3F100092B6818BF4FF0A8
:101A90000109002B18BF09F1010909F101012046D4
:101AA000FFF7B0FB00283FF4C3AE2B680BB100F882
:101AB000018B636913B10A2300F8013B0023037013
:101AC000A3682D684B44A3606369002DA2D1002B4D
:101AD00066D0E16801312046FFF794FB00283FF40F
:101AE000A7AE63695BB1E368012B08D0002209212E
:101AF00000F8011BE3680132013B9A42F8D37D23D1
:101B00000380E368013BE360A2E600BF8087010831
:101B100078870108FFFFEF7F708701082969324647
:101B20000DF040FF94E66D6928460AF0D3FC0246AA
:101B30000B46304639460AF09FFF20B319492A4622
:101B400001A810F07BF806460EE70A234370A2684E
:101B500063693244A260002D7FF458AFB7E7E168B3
:101B60002046FFF74FFB00283FF462AEE26832B137
:101B7000002300F8016BE26801339342F9D3A368B4
:101B80001344A36049E7324607493B4601A810F0D9
:101B900055F8192806463FF64BAEE5E6002070479B
:101BA000022198E7288E0108888701082DE9F04175
:101BB0002F4D8AB02C4624220F460646002101A84C
:101BC0000DF01CFD54F8043F4FF4807098474FF41B
:101BD00080720292002203460190069294E8070068
:101BE0000AAC04E907004BB301A93846FFF7DCFD56
:101BF00000B3019F039C27B138190AF011FB04447C
:101C00000394D5F80C80611CB8F1000F1AD0384647
:101C1000C047044670B120460AF002FB0A23235451
:101C2000411C2046B0472046AB68984701200AB0C7
:101C3000BDE8F081019808B1AB68984700200AB070
:101C4000BDE8F0816B680846984704460028F1D04B
:101C5000039A029B019901329A4228BF1A460DF05D
:101C6000A1FE039B04F803800198AB689847D2E774
:101C7000000000200CB4F0B5A9B02EAB054653F817
:101C8000042B01930E4602A8962110F0ABF995287B
:101C9000C4BF314BCDF89A30304B28205B68984751
:101CA000044600B3282200210DF0A8FC4023E36085
:101CB000042D15D8DFE805F0221E1C032000284D56
:101CC000284B2949D3F88C709FED210B2046FFF754
:101CD00085FB28B1254A26492046FFF713FC78B931
:101CE0002046FEF70BFE29B0BDE8F04002B0704779
:101CF000204DE5E7204DE3E7204DE1E7204DDFE70C
:101D000038460AF0D7FB41EC100B1E492046FFF77E
:101D100065FB0028E4D01C492A462046FFF7F2FB69
:101D20000028DDD0194932462046FFF7EBFB00289A
:101D3000D6D00E4902AA2046FFF7E4FB0028CFD0F8
:101D400021461348FFF732FFCAE700BFAFF3008018
:101D500000000000000000002E2E2E0000000020D9
:101D6000A087010890030020B8870108C8870108F0
:101D7000CC8701089887010890870108A887010887
:101D8000B0870108D4870108E0870108E8870108C7
:101D9000FD5D000838B50C460546044A0449234653
:101DA0000220FFF767FF6C8238BD00BFF087010893
:101DB0002488010838B50C460546044A04492346E0
:101DC0000220FFF757FF2C8238BD00BF448801086E
:101DD0002488010838B50C460546044A04492346C0
:101DE0000220FFF747FFA5F86E4038BD788801084C
:101DF0002488010838B50C460546044A04492346A0
:101E00000220FFF737FFA5F8704038BDB4880108FD
:101E10002488010838B50C460546044A044923467F
:101E20000220FFF727FFA5F8504038BDEC880108D5
:101E30002488010838B50C460546044A044923465F
:101E40000220FFF717FFA5F84E4038BD2089010892
:101E5000248801082DE9F04F564A5749DFF8789158
:101E6000DFF87881554F83B00220FFF703FFA9F117
:101E7000BC05D5F8B830002B4BD04FF0000BDFF885
:101E800060A15E4627E0D5F8A0304D4952460020BB
:101E9000984700236360A06818B10FF051FC00233D
:101EA000A360A36953B11A68BA4223D0D5F8A03011
:101EB000444A4549002098470023A361206D18B18A
:101EC0000FF03EFC00232365D5F8B8300136B3424D
:101ED0000BF15C0B1DD9D9F800405C446068002808
:101EE000D9D003684345CED10022D5F8983002609E
:101EF0009847CEE7586828B1C26801939047019B84
:101F000000225A600021D5F89820196018469047A1
:101F1000D2E72E4B09F104099945AAD1D5F8B4307E
:101F2000002B43D00027DFF8BCA0DFF8BC90DFF81F
:101F3000BC803C463E46BB461FE0D5F8A0309847E3
:101F4000D5E93920171900234FF48051135187F830
:101F5000F43040F80B30C9F8281009F09BFA164904
:101F6000334642460220FFF785FED5F8B430B3422F
:101F700004F1F8040BF1040B18D9D5F8E4301F591B
:101F80000136002FF1D03B68114A124953454FF0FA
:101F90000000D2D1386900233B6010B1D5F89830E9
:101FA0009847D5F8983038469847C9E703B0BDE858
:101FB000F08F00BF54890108248801080DB0371341
:101FC000748E01086C890108888901087404002056
:101FD00094890108C88601084C0400200FB037130B
:101FE0007C8601080EB0371300040048AC89010854
:101FF000F8B52B4B07465B6828200D4616469847D8
:10200000044600B3282200210DF0F8FA40232549A8
:10201000E3602A462046FFF775FAF0B9224D234BBC
:10202000D5F8A070224A23490020B8472EB1224992
:1020300032462046FFF766FAF8B100252046FEF743
:102040005DFC2846F8BD184A1C4BD2F8A05019492F
:10205000174AA84725462846F8BD9FED0F0B18499B
:102060002046FFF7BBF90028D8D076B11249324696
:102070002046FFF747FA40B90B4DD5F8A0500B4B5F
:102080000B4A0C490020A847D7E721463846FFF7FE
:102090008DFD0546D2E700BF0000000000000000F3
:1020A00000000020CC87010890030020A83E010812
:1020B000B08F0108C8890108E0890108943E010831
:1020C000B88701080A46F8B51F4906461046FEF7CC
:1020D0000BFEF8B11D4B04465B6828209847054667
:1020E00028B1282200210DF089FA4023EB6029460F
:1020F0002046FFF74DFAA8B1154CD4F8F80008B106
:10210000FEF7FCFB3068C4F8F850124A1249BDE8EB
:10211000F8406DE70E4B114AD3F8A03010499847AC
:102120000020F8BD0A4A34680E4BD2F8A0700C4962
:102130000D4AB8470B4A0D492046FFF759FF28467C
:10214000FEF7DCFB0020F8BD908D010800000020A8
:1021500090030020188A01082C8A0108E8890108E8
:10216000C8890108BC3E0108F8890108B88D01083A
:10217000F8B51F4C94F8FC3005465BBB0E461D4F6E
:10218000C4F800311C490123304684F8FD303B750A
:10219000FEF7AAFD38B1037B082B04D1436923EA7B
:1021A000E373C4F8003115493046FEF79DFD40B198
:1021B000C3689A0705D0A3F10203B3FA83F35B095E
:1021C0003B750123286884F8FC300D4A0D49BDE8B1
:1021D000F8400DE7D4F8A06004680B4B0B4A0C499B
:1021E0000020B0472046084A0A49BDE8F840FFE60B
:1021F0009003002000000020308A01083C8A01087A
:10220000488A010838A101085C8A0108F889010898
:10221000C8890108B88D01080C4B93F8FC2010B553
:10222000044642B1002283F8FC202068084A09498C
:10223000BDE81040DCE693F80421012AF5D9D3F873
:10224000A030054A054902209847EEE79003002098
:10225000848A0108948A0108708A0108C8890108E3
:1022600070B51C4D95F8FC3004466BB10468D5F888
:10227000A050194A19491A4B0020A8472046184A6D
:102280001849BDE87040B3E608461749FEF72CFD33
:10229000034680B1027B2668082A0DD13046134AD6
:1022A00013495E69FFF7A4FEA36805460BB13046EB
:1022B0009847284670BD2668D5F8A040064A0749C9
:1022C0000C4B0020A04730460A4A0649BDE8704042
:1022D0008EE600BF90030020F8890108C889010834
:1022E0009C8A0108B88D0108E88A0108C48A01089F
:1022F0002C8A0108D48A010838B50E4B046893F87B
:10230000FC10D3F8A05051B908460B4B0B4A0C49AE
:10231000A8472046084A0B49BDE8384068E60A4B02
:10232000064A07490020A8472046074A0549BDE854
:1023300038405DE690030020248B0108F8890108ED
:10234000C8890108B88D0108F48A01082DE9F04117
:10235000694E05467368282098470446D0B1282264
:10236000002140270DF04AF9644A6549E76020469C
:10237000FFF7C8F8C8B9634A634BD2F8A050634965
:10238000634A0020A84700252046FEF7B7FA2846F2
:10239000BDE8F0815B4A5F4BD2F8A0505B495C4AD4
:1023A000A84725462846BDE8F0819FED510B5A49C4
:1023B0002046FFF713F80028DDD0736828209847DF
:1023C000064600283DD0282200210DF017F9534978
:1023D000F7603246204609F007F9514A5149304624
:1023E000FFF790F8002838D1DFF81881484AD8F86C
:1023F000A070484B45490020B847D8F8082142B39F
:1024000049493046FFF77EF818BB0020D8F8A07085
:10241000404B3F4A3D49B847E8680028B3D00AF02E
:1024200059F841EC100B41493046FEF7D7FF002820
:10243000A9D1D8F8A050374B354A34490020A847D5
:10244000A1E7304A334BD2F8A0503049304AA84770
:1024500099E7E868002896D0E1E7354A35493046E3
:10246000FFF750F80028BFD068690AF033F841EC54
:10247000100B31493046FEF7B1FF0028B4D0DFF829
:102480008480D8F8B4000AF025F841EC100B2B49F1
:102490003046FEF7A3FFD8F8082107462AB12249A3
:1024A0003046FFF72FF80028AFD0E868002FD1D0D2
:1024B00090B9D8F8F80048B13146FFF769F828B963
:1024C000D8F8A0301E4A114998475CE72868214691
:1024D000FFF76CFB054657E709F0FCFF41EC100BDA
:1024E00012493046FEF77AFF0028E2D1A1E700BF8B
:1024F0000000000000000000000000202C8A0108FD
:10250000CC87010890030020A83E0108C889010873
:10251000B08F0108943E0108B88701083093010884
:10252000CC3E01083C8B01086C8B0108848B0108B0
:102530002C9B0108C8860108488B01085C8B0108A8
:10254000708B01082DE9F04F514E83B0736805463A
:10255000282098470446D8B1282200210DF04EF8D3
:1025600040234C4A4C49E3602046FEF7CBFFD8B9E4
:102570004A4A4B4BD2F8A0504A494B4A0020A84740
:1025800000252046FEF7BAF9284603B0BDE8F08FD3
:10259000424A464BD2F8A0504249434AA8472546F2
:1025A000284603B0BDE8F08F9FED370B4049204629
:1025B000FEF714FF0028DBD0736828209847804678
:1025C000002849D0282200210DF018F8DFF8CCA00F
:1025D00038492023C8F80C304246204609F004F858
:1025E000DAF8B43001934FF00009002B43D0736840
:1025F0002820984707460028C2D0282200210CF046
:10260000FDFFDAF8B4202C4909F1010B934598BF7E
:10261000DAF8F0204FF0400398BF12F80920FB6071
:1026200088BF00223846FEF74BFFB84507D0D8F8E0
:102630000820CAB1516811B10F6079605760019BE1
:102640009B4516D000289BD0736828209847D94610
:1026500007460028D1D193E7104A144BD2F8A05076
:102660001049114AA8478BE7C8F80870C7E9002746
:10267000E5E7002884D028682146FFF797FA054649
:102680007FE700BFAFF30080000000000000000003
:10269000000000202C8A0108CC870108900300204C
:1026A000A83E0108948B0108B08F0108943E0108F0
:1026B000B887010820930108B08B01082DE9F04F7D
:1026C0002DED028B824B834F91B0CDE9041003F1C5
:1026D0000805AA46A3F1B4090A95D9F8B830002B29
:1026E00000F007824FF000084546DAF8003003EBAF
:1026F000080BDBF80400002800F0A280DBF80820BB
:1027000053F80830744E754CC6F86421002A08BF8F
:10271000002403F18042C6F85C41D9F8E810013A80
:102720000024C6F8604151F82220904200F05A81FE
:10273000C3EB4313DB00F83BD9F8E420DBF850107F
:10274000D458069102EB030CDBF85430079324B104
:102750002368634A934200F06E81D9F8A030614A41
:10276000614900209847DBF80030D9F8E810DBF821
:10277000040003F18042013A41F8220000228BF864
:102780001420D9F8E420C3EB431302EBC30252F840
:10279000F83C23B11A6852498A4200F07F81D9F887
:1027A000A030504A504900209847059B23B1D9F8E2
:1027B000B820002A00F08885DDF810804B4BC8F85F
:1027C0000030002011B0BDEC028BBDE8F08F0CF1A1
:1027D00004030893031D099343F21C03A0680D939F
:1027E000032201230DA9ADF8386006F087FCBDF87F
:1027F000383003F40063002B14BF0123002323733C
:1028000000F05281A0680999A61D0396261D029624
:1028100024690194069C0094DDE9073206F09AFDD4
:10282000DBF80030D9F8E810DBF8044003F180420F
:10283000013A41F8224000228BF814200028A0D051
:10284000D9F8B8300135AB4208F15C083FF64DAF1E
:10285000059A002A00F0FE82002B00F00582002479
:102860002646DAF8003003EB0408D8F80420002AE2
:1028700056D01B59D9F8E420C3EB431302EBC30233
:1028800052F8F85C25B12B68154A934200F0BD80E0
:10289000D9F8A030134A144900204646DDF81080CC
:1028A00098473368D9F8E420C3EB431302EBC30223
:1028B00052F8F83C23B10A4A1968914200F0E680C8
:1028C000D9F8A030074A08490020984776E700BFAA
:1028D000440400202083B8ED00000020CD0800084B
:1028E0000EB0371394890108C8860108443F0108D7
:1028F000D5F810B0A8689BF8C611012206F086FE34
:102900009BF8C531002B00F0CD809BF8C631022B1F
:102910000CBF012302238BF8C631002800F0BA80D7
:10292000D9F8B8300136B34204F15C0499D8002BD1
:1029300000F0E380DAF800204FF0000802EB080412
:10294000464663682046DBB109F0ECF9059B1B693C
:1029500005460BB198470346D9F8B820A365013660
:10296000B24240F29383002D3FF426AFDAF8002004
:1029700008F15C0802EB080420466368002BE3D1F1
:10298000D9F8B83001369E42F2D3002B00F06C81AA
:102990004FF0000BD846CDF81CA002EB0B04636887
:1029A000002B00F0078352F80B30D9F8E420C3EB7A
:1029B000431302EBC302236D52F8F85C0693626D79
:1029C00025B12B68AE498B4200F02483D9F8A030A2
:1029D000AC4AAD49DDF810800020A2469847DAF8ED
:1029E00000305FE79BF80C20002A3FF429AF9BF8EA
:1029F0001420002A7FF49CAED9F8B8300135AB42E0
:102A000008F15C083FF671AE22E72B7B002B7FF4C8
:102A10006FAFA868152106F0BDFD00283AD04FF031
:102A200001032B73D9F8B8300136B34204F15C04CA
:102A30003FF617AF7BE70CF103010CF1EF0E4FF0FF
:102A4000FF3211F8013F08265A4042F300033B4091
:102A5000013E83EA5202F8D18E45F2D1DCF8F03023
:102A6000D24393420BD10368884A93423FF4AFAEFE
:102A7000D9F8A030864A87493046984773E6D9F896
:102A8000A030854A8049304698476CE6986809F03E
:102A9000C9F893E64646DDF8108002E7986809F029
:102AA000C1F882E6012336E743F23103A0680D93B3
:102AB0000DA901230322ADF8386006F01FFB237B2C
:102AC000BDF83810002B7FF49DAE4AF6C04291420B
:102AD000A06823693FF497AEA61D01930434069BBA
:102AE000009309990396DDE90732029406F02CFF62
:102AF00096E6059B002B00F0B681684B534540F0ED
:102B0000B681DDE904820A9D002A00F0DB80644F73
:102B100016687B68282098470446002800F09581B5
:102B2000282200210CF06AFD4023E36028207B6806
:102B3000049498470446002800F0C8832822002106
:102B40000CF05CFD2023E36022465649049808F00F
:102B50004BFD00230B94AA462C460693B3464546EC
:102B6000D9F8B800002879D0266800EB4002C0EB05
:102B7000C2000436002201E090426FD056F82230A5
:102B80001732002BF8D07A68282090470790002849
:102B900000F01A81282200210CF030FD079B4249E9
:102BA0000B982022DA601A4608F01EFDD9F8B820EA
:102BB000002A53D0CDE908BA216805954FF00008E6
:102BC0005C2303FB08167368002B3ED07B6828202B
:102BD0009847054600287BD0282200210CF00EFDE6
:102BE0004023B06DEB6009F065FC41EC100B2F4900
:102BF0002846FEF7F3FB002876D14FF0000B337B1D
:102C0000002B40F0A880069AB38B02EB8303069357
:102C1000079BAB4208D09B68002B00F02B815A68C1
:102C200012B115606A605D60D9F8B83008F101082A
:102C3000984580F0BD80BBF1000F49D021685C232E
:102C400003FB08167368002BC0D1D9F8B83008F11F
:102C500001084345B4D8DDE908BA059D0F4BA342EE
:102C600000F0B48004347BE74FF0010B0B4B53456D
:102C70001ED00AF1040ABBF1000F7FF42EAD9BE5D4
:102C80000EB0371394890108C88601080FB03713B6
:102C90007C860108748E0108BC8B0108700400203A
:102CA00000000020C88C010874920108D48C01082F
:102CB000DDE904820A9DBBF1000F3FF47FAD002ADD
:102CC0007FF425AF012011B0BDEC028BBDE8F08F81
:102CD000DDF81480BD4ABE490020FEF7CBFF049802
:102CE000FDF70CFEBB4B6AE57B6896F838B02820F0
:102CF00098478246002800F02383282200210CF008
:102D00007DFC0BF10103B449CAF80C305246284649
:102D100008F06AFC002800F01B83B6F93C0009F0BB
:102D2000D9FB41EC100BAD492846FEF757FB0028B4
:102D30003FF463AF96F83A20A9492846FEF7C0FB56
:102D400000283FF45AAF96F83920A6492846FEF7E6
:102D5000B7FB834653E796F844207B680A92282005
:102D600098478246002800F0B682282200210CF005
:102D700045FC0A9B9C490133CAF80C305246284650
:102D800008F032FC002800F0AC82B37D002B3FF449
:102D90003AAFB06C09F0B0FB41EC100B93492846F8
:102DA000FEF71CFB002840F0D7824FF0000B2AE70B
:102DB0008F4A059DA2425B46DDE908BA00F0DF823A
:102DC0000434002B7FF4CCAEA84683E7A8465E46C9
:102DD0005546049C874A88492046FEF793FB002805
:102DE0003FF478AF069809F075FB41EC100B83496E
:102DF0002046FEF7F3FA00283FF46CAF2146304638
:102E0000FEF7D4FE00283FF46AAF7D4B03F1300794
:102E1000D9F8B8308BB10024A0462B6823445A68F7
:102E20001AB1998B186C8900B047D9F8B83008F1FD
:102E30000108984504F15C04EFD30435BD42E7D1A5
:102E40000498FDF75BFD01203DE7604A6049FEF70D
:102E500011FF47E7664A52453FF434AF0AF1040ACE
:102E6000002B7FF43FAC624B53453FF42BAF0AF18C
:102E7000040A32E4079A9560C5E90035D4E6BDF846
:102E800032302969069AC3F30013138091F8C431D4
:102E900033B191F8C631A3F10103B3FA83F35B09AF
:102EA000069E06947380B1F8C831B380B21D01F557
:102EB000E57301F5FD7AD3F800C05C689868D3F833
:102EC0000CE0C2F80CE010335345C2F800C0546067
:102ED000906002F11002EED1B1F8FA31F38606F1FA
:102EE000380201F5FE7301F50B7AD3F800C05C6877
:102EF0009868D3F80CE0C2F80CE010335345C2F8E0
:102F000000C05460906002F11002EED1B1F82C3292
:102F1000069CA6F8683006F16A0201F22E2301F23F
:102F20005E21D3F800E0D3F804C09868D3F80CA071
:102F3000C2F80CA010338B42C2F800E0C2F804C003
:102F4000906002F11002ECD1B5F806A02B69A868D8
:102F500093F8C631A9880696BAF5005F00F2DB80C7
:102F6000013B069A18BF012302EB41011A035346A5
:102F700006F002FF002800F07581BAF1000F00F0A2
:102F8000A280237BA569002B40F0B680266D25B179
:102F90002B681C4A934200F03181D9F8A0301A4ABC
:102FA0001A49002098472EB9D9F8A030184A174975
:102FB00000209847D9F8B83008F1010843450BF1D3
:102FC0005C0B6DD9079B1A68E7E400BF448D0108CC
:102FD00024880108243F0108DC8C01088C9001083A
:102FE000EC8C0108008D0108108D01081C8D010872
:102FF000700400202C8A0108CC870108B8870108DA
:10300000440400200DB037136C8901088889010839
:10301000B08C0108AB88E9880B44B2EB430F09D2AE
:10302000D9F8A030B24AB349DDF810800020A2469A
:103030009847D4E42B69A86808901E464FF0000C0E
:1030400096F8C6A1CDF830C043F2370E0322012313
:103050000DA9CDF834E0ADF838C006F04FF8BAF15C
:10306000010FBDF8382032D0BAF1020F0CBF802317
:10307000C02313EA02001FD1A246089BD9F8A04042
:103080009D4A9E49DDF81080A047A8E4AB46002A7F
:103090003FF4ECAD002D3FF48FABDAF8002077E47D
:1030A000DDF81CA0964A52453FF42BAD0AF1040A04
:1030B000002B7FF417AB20E596F8C61108980CAAF0
:1030C00006F0ECFA28B9DDF81080A24687E4402328
:1030D000CFE7BDF83030032B3FF4D1AEBDF832302E
:1030E0000093A246089BD9F8A040864A8349DDF8A0
:1030F00010800020A04772E4E889AB89D4F850A082
:103100000693C0B9D9F8A0307F4A8049DDF8108015
:10311000A246984763E4D9F8A0307D4A7D49DDF89E
:1031200010800020A2469847D9F8A0307A4A734907
:103130000020984753E4794B01228DF834201A6B14
:10314000002116460222CDE90E12069A0AEB420130
:1031500036B142005B6B08910DA8B047E889089929
:10316000012840F2AE80069B3AF91320831E9BB2E1
:103170008E1C06EB43060025134631F9022FD31AA5
:10318000002BB8BF5B428E421D44F5D107EE905A2A
:10319000F8EEE77A07EE100AB8EE470AB7EE007AC3
:1031A00030EE470A87EE800A0FF0EAFD637DF3EE0A
:1031B000047A20EE278A9FED5A7AD4ED047A38EE0D
:1031C000478A002B45D0B4EEE78AF1EE10FA4DDCC9
:1031D000012284F84420B4EEE78AF1EE10FA84F874
:1031E0004D30CCBF0123002384F84C3094BF012321
:1031F0000023A56984ED128A6375C7E6002E3FF4AB
:10320000D3AE69683834AC600868038F06EB4303BB
:103210004361B0F8943006EB4303C364B0F89630D2
:1032200006EB43030365D0F898304BB1B0F89C200F
:1032300006EB42021A61B0F89E2006EB42025A6188
:10324000B0F8E4204B6806EB4206C0F8B06098473F
:10325000B0E6B4EEE78AF1EE10FA1CD9002284F849
:103260004420B8E7DDF81080A2465DE701216268DE
:103270002175002184F844101AB12A4D1068A84223
:103280001DD0D9F8A030284A284900209847D4ED0D
:10329000047A637D9FE76268012121751AB1214D8F
:1032A0001068A84209D0D9F8A0301F4A1F49002051
:1032B0009847D4ED047A637DD0E7D173CEE7D1731C
:1032C00089E7DFED1B7A65E79346CFE4194A1A498F
:1032D000FEF7D0FC03E502461849284608F084F9B9
:1032E00010B95046FDF70AFB4FF0000B4DE500BF4B
:1032F000D08B0108C8860108E88B0108088C0108FA
:10330000700400201C8C0108A08C01088889010829
:10331000488C0108608C0108748C010800000020B2
:10332000000028420FB037137C860108748E010814
:1033300000000000448D010824880108108D010858
:1033400002461249284608F04FF900287FF455AC90
:103350005046FDF7D3FA50E496F84C200C49284625
:10336000FEF7AEF800283FF420AD96F84D2009494D
:103370002846FEF7A5F800283FF417AD43E4A84619
:103380005E465546002B7FF424ADA3E4DC8C010897
:10339000288D0108388D0108002955D02DE9F04FFE
:1033A000D1F8009093B00C46B9F1000F33D08D687E
:1033B000D1F804A02E1D5645074630D809EB050864
:1033C000B549042240460CF0B1FB00283ED005F17F
:1033D000050BDA4507D3B149052240460CF0A6FBA0
:1033E000002800F08B81AE49404604220CF09EFB81
:1033F00028B355450FD219F80530222B00F0F08084
:103400002D2B26D0A3F13002092A22D95B2B00F004
:10341000F1807B2B73D0002013B0BDE8F08F6E1DC0
:10342000B245E6D39D49052209EB05000CF07EFB71
:103430000028DED10123FB60A6600120ECE7022218
:103440000123FA607B61F7E7002070470423FB60EB
:10345000F2E7AAEB050A02AE013D0023DFF848E2DD
:1034600001934D4430464FF0010C15F8011FA1F1B6
:103470002B02D2B245290CFA02F200F2AD802A29C1
:103480000BD912EA0E0F01D12E2906D101333F2BA1
:1034900000F8011B01D09A45E7D148336B44002561
:1034A00001A9304603F8405C0BF06EFADDF804A089
:1034B000B24559EC108BAED075A3D3E9002340463A
:1034C000494609F0F7FA002840F09180754B002238
:1034D0004046494609F0E4FA002840F0D2804046D0
:1034E000494609F011FBA3687861AAEB060A082295
:1034F0005344C7E90689FA600120A3608CE7D4F839
:103500000C80B8F57A7F86D208F10103E36019F8E0
:1035100005307B2B7FF47FAF0135A5602046FDF79A
:1035200045FBA668B24540F2C38019F806307D2BF2
:1035300000F0DF800025013EA660A846A9463CE0D9
:10354000282200210CF05AF8B8F1000F00F0AE80EC
:1035500035606E60A36862680133934238D2A3601D
:103560002046FDF723FB21462846FDF71DFA78B3D8
:103570002046FDF71BFBD4E9012329692962934208
:10358000C5F8109024D22268D25C3A2A20D10133A7
:10359000A3602046FDF70AFB21462846FFF7FCFE04
:1035A000B0B12046FDF702FBD4E901369E420FD2AE
:1035B00023689B5D2C2B40F08A8023692820984744
:1035C0002E4605460028BBD1B8F1000F3FF423AFCB
:1035D0004046FDF793F91EE765297FF45EAF55E796
:1035E0002146384613B0BDE8F04FFDF7DDB96FF066
:1035F000004078E7D4F80C80B8F57A7FBFF40BAFC1
:1036000008F10103E36019F805305B2B7FF403AF89
:103610000135A5602046FDF7C9FAA668B24547D92D
:1036200019F806305D2B5FD0013E0025A660A84644
:103630001DE00BF0E3FFB8F1000F25D035606E60A0
:10364000A36801332046A360FDF7B0FA214628465F
:10365000FFF7A2FE0028BBD02046FDF7A7FAD4E969
:1036600001369E42B4D223689B5D2C2B23D1236963
:10367000282098472E462822002105460028D8D128
:10368000A2E74FF000402EE7A846D9E7AFF300804D
:103690000000C0FFFFFFDF41708701087887010845
:1036A000808701080000E0C1E57F0004A84651E7DB
:1036B000013EA660AFE65D2B8AD1E368013BE36083
:1036C000C8F804502023C7E902830136B4E67D2BF5
:1036D0007FF47EAFE368013BE360C8F80450402309
:1036E000C7E902830136A7E6C4F80C804FF0000852
:1036F000E8E7C4F80C804FF00008F0E75E4699E672
:1037000000285AD02DE9F041846882B024B30E68B5
:103710000D46002E4DD0D4F820802F46304603E0D1
:1037200057F8080F002845D0414608F01BFD002837
:10373000F6D13B79072B3CD8DFE803F0352E19048E
:10374000123B040B207BA0F11000B0FA80F040097E
:1037500080B32468002CDED1012002B0BDE8F081E6
:10376000207BA0F12000B0FA80F04009F0E7237B35
:10377000082B1ED1D4E9060141EC100BCDE9000164
:103780000FF0C8FDDDE9000153EC102B09F074F9CE
:10379000003818BF0120DBE7207BA0F10800B0FA59
:1037A00080F04009D4E7E06810F0030018BF012062
:1037B000CEE7002002B0BDE8F0810120704700BFD5
:1037C0002DE9F04F2DED028BDFF8F8B2C3B09BF876
:1037D000FC5006900024239495B10646DBF8A050D7
:1037E0009D4B9E4A9E4920463468A8479A4A9D4967
:1037F000204643B0BDEC028BBDE8F04FFEF7F8BBAE
:103800008A46FEF727FBDBF8E430974A0593974991
:10381000974BC2F898315046FDF766FA002847D119
:1038200094495046FDF760FA002877D0D0F8088018
:10383000B8F1000F00F03283434600221B680132CA
:10384000002BFBD1002A00F029838B4D8B4E0127E2
:103850004446237B402B40F0D98529462046FDF77E
:1038600043FA18B1037B082B00F01982844C854978
:103870002394002350468BF8F430FDF735FA20B13D
:10388000C3689A0740F00282239C0698DBF8A06088
:103890000568724A724923460020B04771492246A2
:1038A000284643B0BDEC028BBDE8F04FFEF7A0BB4D
:1038B000037B102BB4D104697349204608F052FCF5
:1038C000002800F046857149204608F04BFC00288E
:1038D00000F0D9826E49204608F044FC002800F030
:1038E000AE856C49204608F03DFC002801F0C880F8
:1038F0006949204608F036FC002801F0B1815D4995
:10390000664C23945046FDF7EFF95E498BF8F4506E
:103910005046FDF7E9F90028B2D1B6E78BF8F4007C
:1039200058495046FDF7E0F948B1C368990706D0F9
:10393000A3F10203B3FA83F35B098BF8F43058491F
:103940005046FDF7D1F9002800F03F858768002F29
:1039500000F03B85534C0126CDE90C4AB846A246FF
:10396000D8F80870002F8FD04FF0000ECDE908680E
:10397000CDF80CE0CDF808E044E03F493846FDF7CB
:10398000B3F9002851D0037B082B4ED14669002E95
:103990004BD0DBF8B4309E4247D8DBF8F0303344EC
:1039A00013F8013C002B40D0C6EB4618029B059A49
:1039B00049F803604FEAC808A8F1F8084B4404939B
:1039C00052F8083042440A92002B7DD0002307931E
:1039D00035493846FDF788F9804618B1037B402BFE
:1039E00000F0ED80314B2393079B2BB1304B4FF40C
:1039F00080529A6207F04EFD0020029B3F685C33C4
:103A00000293BFB1039B01331A460393DBF8B8302E
:103A10009A420DD83B7BDAF80090402BADD0254A76
:103A200025490020FEF726F9E6E7154B2393E3E747
:103A3000224C2AE7DDE9086800283FF425AFD8F8D2
:103A40000080B8F1000F00F0408401360B2E0AF11F
:103A5000040A85D11A4C18E7548D0108F889010829
:103A6000C8890108B88D010800000020788D010880
:103A7000000080BF848D0108C08D0108AC9E010844
:103A80006C400108988D0108B087010890870108F3
:103A900098870108A0870108A8870108AC400108A1
:103AA000488E01084C040020748E0108E84001088B
:103AB00000040048AC8D0108248801081440010866
:103AC000683F010890030020BA4B4FF480529A617E
:103AD00007F0E0FC029BB84A59F80330B7490220CE
:103AE000FEF7C8F8B6493722142005F0CFFF81460B
:103AF000002800F04D81B349782240F25E2005F0A5
:103B0000C5FF002800F03D810123A0F8C43180F8F2
:103B1000C6310024AC4BC9F81000C9F80030C9E91F
:103B2000014689F80D402146304605F035FE012357
:103B30000790002800F01C8443F21C0230463392A8
:103B400033A90322ADF8D04005F0D8FABDF8D06013
:103B500016F4006640F08481D9F8080005F090FE64
:103B6000D9F80840032240F249130092314620461A
:103B700005F056FE40F24913042202212046009629
:103B800005F04EFE40F24913102204212046009613
:103B900005F046FE40F249132022052120460096FA
:103BA00005F03EFE40F24913009620464FF47F5246
:103BB000062105F035FE059B43F8089008E7834988
:103BC000FFF79EFD0646002800F06B8380495022D7
:103BD0006C2005F05BFF8146002800F0E0807D4B03
:103BE00040F8043B68227C490BF0DCFE7B494046F0
:103BF000FDF77AF833AB0093064623AB0022494623
:103C00004046FDF785F80346002800F0A883002E03
:103C100000F06F819DF8CC30002B40F01C84B2681E
:103C20001646002A00F059816D4CCDF82C801E46B6
:103C3000B8461D46174621463846FFF761FD002865
:103C400000F06184731C32460095DEB2494623AB16
:103C50003846FDF75DF8002800F07F833F68002FAD
:103C600000F03881042EE6D15A4BD9F800205D4986
:103C700023919A42474600F01E83DBF8A0305A4A4F
:103C8000534900209847049B5D60ADE6A3F1020311
:103C9000B3FA83F35B09239C8BF8F430F5E5D0F895
:103CA0001480B8F1000F7FF7E1ADDBF8B430434585
:103CB000FFF4DCAD31462046FDF716F810B1037B6A
:103CC000102B01D0494CD2E5D0F81090484608F0AE
:103CD000A7FAB0F5F07F0DD0DBF8A030444A454993
:103CE000002044469847444A344923460220FDF7C1
:103CF000C1FFE7E7059AC8EB481302EBC303A3F142
:103D0000F500A3F1F80C09F10201864609F5F179F5
:103D1000CDF808C01AE0A3F16102052A20D8573B6C
:103D20001B01DAB211F801CCACF13003DBB2092B84
:103D300006D9ACF16103052B1AD8ACF15703DBB2FD
:103D40000231134349450EF8013F5DD011F8023CA2
:103D5000A3F13002D2B2092ADDD81201D2B2E1E7D2
:103D6000A3F14102052AB7D8373B1B01DAB2D9E7E4
:103D7000ACF14103052BAFD8ACF1370C5FFA8CF3F3
:103D8000DEE70023C9F810304846DBF89830984742
:103D90001A4B059A2393002342F8083026E6184B65
:103DA000184A06492393FDF765FF049BC3F8049066
:103DB0001AE600BF00040048508E0108248801085C
:103DC000C8860108088C01080EB03713FC400108B2
:103DD000748E01080FB03713B84101087C8E0108BA
:103DE000A84201088C4201087C860108884001082D
:103DF000CC8D0108E88D0108048E0108C840010837
:103E000020420108888E0108DDF808C0DFF8C0E014
:103E10000CF1EF094FF0FF3210F8013F08215A4032
:103E200042F3000303EA0E03013983EA5202F7D199
:103E30004845F1D1DCF8F030D243934240F0F987A5
:103E400024688CF8F470002C7FF403AD17498BF8CC
:103E5000F4405046FCF748FF00287FF466AD6EE55D
:103E6000DBF8A030124A134920469847D9F80030B1
:103E7000114A934200F03A83DBF8A0300F4A0D4913
:103E80000020984784E701230D498BF80431504600
:103E9000FCF72AFF00287FF4C9AC3FE5094A0A492C
:103EA0000A4C0220FDF7E6FEE1E400BF988D010810
:103EB00024910108C88601080EB0371394890108BF
:103EC000848D01082C8E01082488010834400108E3
:103ED0002083B8ED4746DDF82C80A34BD9F80020AD
:103EE0009A4200F03787DBF8A030A04AA0490020B2
:103EF0009847A0494046FCF7F7FE80B1037B082BAA
:103F00000DD1994AD9F800309342D0E9060100F06A
:103F1000C385DBF8A030954A95490020984796491B
:103F20004046FCF7E1FE78B1037B082B0CD18E4AAA
:103F3000D9F800104369914200F09E86DBF8A0306A
:103F40008A4A8B49002098478C494046FCF7CCFEB2
:103F500080B1037B082B0DD1834AD9F800309342FE
:103F6000D0E9060100F08C86DBF8A0307F4A80495A
:103F70000020984782494046FCF7B6FE70B1C368FE
:103F800099070BD0784AD9F80010914200F07E864C
:103F9000DBF8A030754A76490020984779494046B9
:103FA000FCF7A2FE70B1C3689A070BD06E4AD9F82D
:103FB0000010914200F07386DBF8A0306B4A6C4928
:103FC0000020984770494046FCF78EFE70B1C368E8
:103FD0009E070BD0644AD9F80010914200F0378652
:103FE000DBF8A030614A62490020984767494046A3
:103FF000FCF77AFE20B3037B102B21D106696449BC
:10400000304608F0AFF80346002800F016866149F4
:10401000304608F0A7F8002800F0A0865E49304638
:1040200008F0A0F8002840F0E1864F4BD9F80020B6
:104030009A4200F0FD85DBF8A0304C4A4C49984785
:1040400056494046FCF750FE20B3037B102B21D18C
:1040500006694F49304608F085F80346002800F00D
:10406000A7864C49304608F07DF8002800F0958678
:104070004949304608F076F8002840F0A3863A4BCC
:10408000D9F800209A4200F08386DBF8A030374A46
:1040900037499847049A4249C2F804900023936034
:1040A0003846FCF721FE804600283AD03D49FFF70C
:1040B00027FB002800F0A581012134200DF0E0FD50
:1040C0008146002800F07681374E06F130053468CD
:1040D00040462146FCF708FEB0B1027B082A234681
:1040E00012D1D9F800204169706809EBC202516011
:1040F000906000912D4A2E490220FDF7BBFDD9F8B2
:1041000000300133C9F800300836B542DFD1D9F8A4
:104110000030284A26490220FDF7ACFD049BC3F875
:10412000089025493846FCF7DFFD002800F0B380F1
:104130000499C2684B689507184600F0AE80022AC1
:104140000CBF012200220A733AD018B1064B026854
:104150009A4274D0DBF8A030044A05490020984701
:10416000164B239340E400BF0FB037137C86010841
:10417000748E010850970108A08E0108F09601087E
:10418000B48E0108CC8E0108D8980108E097010888
:10419000E08E0108EC8E0108F48E010800980108F9
:1041A000FC8E01085843010890430108208F010844
:1041B00024880108408F01085C8F0108C043010872
:1041C00000220A6100228A7501228A8223B1AD4948
:1041D0001868884200F0F385DBF8A030AA4AAB49A2
:1041E00000209847049B5B68002B40F0E683DBF8D7
:1041F000A030A54AA54900209847A5493846FCF7B4
:1042000073FD40B1027B082A05D1D0E9060108F010
:10421000C3FC049B18619F493846FCF765FD0028E4
:1042200000F00A81C3689C0700F00681A3F1020335
:10423000049AB3FA83F35B095068937585E70430F9
:1042400033A905F089F900288AD0049CBDF8CC0078
:1042500060650DF06DFA2065002800F093850A9BDB
:1042600093F8F410002900F0B083049B5A680A9276
:1042700022B1844B12689A4200F01A85DBF8A03014
:10428000814A824900209847834B049A2393002354
:104290009361FFF7A9BB049B5868049A002313732A
:1042A00053E77E4B7E4A7F492393FDF7E3FC049B53
:1042B0005E60FFF799BBDBF89830C9F800504846BC
:1042C0009847049B5D60FFF78FBBDDE90C4A9FEDCB
:1042D000768A764B6B4F8BED3B8A03EB8608029612
:1042E000A146DBF8B8307BB30025674C2E460EE0C4
:1042F000DBF8A03065492246002098478BED3B8AC9
:10430000DBF8B83001369E4205F15C051CD2D9F8C5
:1043100000302B445B68002BF2D01A68BA42E7D118
:10432000D3ED167AF5EE407AF1EE10FACBED3B7A4A
:10433000E6D05F49029E5046FCF7D6FC002800F00C
:1043400094805C4CFFF7A1BAC14541D009F1040942
:10435000C7E78BF80401FFF763BA474603464846B0
:104360000A93FCF745FC049A0A9B5360FFF73CBB99
:10437000D9F80030504A934250D0DBF8A0304F4A71
:104380004F49984743F21C033046339300260123DC
:10439000032233A9ADF8D06004F0B0FEBDF8D030F0
:1043A00018057FF5F5ACDBF8A030464A44493046A5
:1043B000984761E5444A3B49FDF75CFC374B049A5A
:1043C000239300239360FFF70FBB0023CBF8EC305F
:1043D00037495046FCF788FC0346002800F0C684A5
:1043E0001A7B082A00F09B8038495046FCF77CFC79
:1043F000034618B1027B082A00F09180344CFFF785
:1044000044BA344A2749FDF735FCD7E7324A2549F3
:10441000324C0020FDF72EFCFFF729BAD9F8100026
:10442000079BC9F8003010B1DBF898309847DBF8EB
:10443000983048469847A5E7049B586885E60223CC
:1044400027498BF804315046FCF74EFC00287FF4D6
:10445000EDA9FFF763BA234B48462393FCF7C8FB4B
:10446000049A00235360FFF7BFBA18495046FCF77F
:104470003BFC00287FF465AF012E00F07E841A4CCF
:10448000FFF703BA0FB037137C860108748E01085A
:10449000688F0108788F010838440108A441010899
:1044A0006C8E0108248801080000000048040020E8
:1044B00050900108803F01080EB03713948901081D
:1044C000C886010824910108448D01085490010810
:1044D000BC3F01080C8F0108AC8D01085840010851
:1044E000848D010830420108D83F0108D9F8100036
:1044F000C9F8004010B1DBF898309847DBF89830E5
:104500004846984744E4B44A0A9048462392FCF748
:104510006FFB049A0A9B53604746FFF765BAD3E9DD
:10452000060108F039FBAD4B07EE900AC3F898017D
:104530009FEDAB7A069BF4EEC77AF1EE10FA1F6896
:104540004EDD5B69029307EE103AF8EE476A4FF0D2
:10455000010A86EEA77AFDEEC77A17EE904ACBEDF8
:104560005E7A9E4B28205B689847064628B1282231
:1045700000210BF043F84023F3609A4A9A493046F1
:10458000FCF7C0FF8046002836D1984A98490020A1
:10459000FDF770FB16B13046FCF7B0F90699954A65
:1045A0000C68DBF8A0509449944B0020A847934A2C
:1045B00093492046FDF71CFD80B943B0BDEC028B4A
:1045C000BDE8F08FCA4638463146FDF7EFFA04469B
:1045D00016B13046FCF792F9002CDFD05046ECE7DC
:1045E000F5EEC07AF1EE10FA00F3D5810024CBF895
:1045F00078414FF0010AB4E7204607F05BFF41EC39
:10460000100B80493046FCF7E9FE0028BDD09FED35
:10461000700B7D493046FCF7E1FE0028B5D0DBF891
:10462000B430002B40F03E8278493046FCF728FF3A
:104630000D900028A9D0764BD1461C46DBF8B81067
:10464000002900F0F180206801EB4103C1EBC301B8
:104650000430002302E0994200F0E68050F8232065
:104660001733002AF7D05D4B28205B6898470890E5
:10467000002800F0FC80282200210AF0BFFF089AE1
:1046800064490D982023D36006F0AEFFDBF8B83004
:10469000002B00F0C980CDE90A680023216803934C
:1046A000CDF824909A4625460C9701EB0A09D9F8D3
:1046B000043083B9039B01331A460393DBF8B83007
:1046C0009A4280F057810AF15C0A01EB0A09D9F895
:1046D0000430002BEED0414B28205B6898470646FB
:1046E000002800F0A780282200210AF087FF40233D
:1046F00049490898F360324606F076FF002800F03A
:10470000A180D9F80030DBF8E400C3EB431300EBE1
:10471000C300F43833A9FCF7ABFADBF87C7100284E
:1047200040F0A7800024A04604940026CDF814A0F1
:104730000795029602E0029B01330293D9F80430F8
:10474000364A37499DF8085000201BB11F68354E86
:10475000B74223D0DBF8A03098470122AA4209EBE8
:10476000450A21D904B3BAF8200007F0B3FE41ECA2
:10477000100B29494046FCF731FE04460028DAD0E8
:10478000BAF8280007F0A6FE41EC100B2249049865
:10479000FCF724FE041E18BF0124CCE793F8622026
:1047A000AA4209EB450ADDD8039BDDF814A0079D5A
:1047B00001331A460393DBF8B8309A4246D20AF125
:1047C0005C0A002C00F0D38029686EE7AFF300800C
:1047D0000000000000000000A441010800000020CB
:1047E000C61C42372C8A0108CC870108448D010879
:1047F00024880108F8890108C88901085C44010877
:10480000B88D010860900108B88701086C90010814
:104810004C04002074920108789001087C860108FD
:10482000748E01080FB03713AD4BA3423FF4CAAEEC
:10483000043403E70246AB49089806F0D5FE002889
:104840007FF470AF3046FCF759F86BE7A44BDDF806
:104850002490DDF82C800A9E0C9FAB42A2462C4689
:1048600000F04C830434BAF1000F7FF4E7AECA467F
:104870008BE6BDF9CC0007F02DFE41EC100B9A49F8
:104880003046FCF7ABFD00283FF44CAFB9F81C00F4
:1048900007F020FE41EC100B94493046FCF79EFDDA
:1048A00000283FF43FAFB9F81E0007F013FE41ECBB
:1048B000100B8F493046FCF791FD00283FF432AFD2
:1048C000D9F8300007F018FE41EC100B894930464A
:1048D000FCF784FD00283FF425AF99F83420864981
:1048E0003046FCF7EDFD044600283FF41BAF07EE11
:1048F000907A9FED820AB8EE678A80EE080A0EF081
:10490000A9FA68EE007AB3EE087A67EE877AF7EED6
:10491000006A86EEA77A9FED7A6A67EE067AF6EE6F
:10492000006A67EEA67A17EE900A07F0E5FD41EC03
:10493000100B74493046FCF751FD00283FF4F2AEED
:10494000FCF724FC804600283FF4ECAE02466E499A
:10495000304606F049FEFCF719FC02460490002898
:1049600000F07E826949304606F03EFEDDE6DDE974
:1049700009A60AE65A4BDDF824900C9FAB42DDE90C
:104980000A682C467FF454AFCA46C146B9F1000FFD
:104990007FF419AEF9E55E4BDBF8A0405D4A5E4955
:1049A0000020A04738465A4A5C49FDF721FB069B88
:1049B000DBF878411F688246D3E5594A196891426D
:1049C0007FF415AC0022DA7317E403F10409F02236
:1049D00048460AF013FE9BF8F430002B40F00A82A0
:1049E000DFF85481049E0A9D2C68D6E9141214B194
:1049F0002368434517D0DBF8A0304A4A4A490020D3
:104A000098474A4E4A4B23934FF48058C6F8288063
:104A10000023CBE9433306F03DFDC6F8188006F0CD
:104A200039FDFEF7E1BF0029EBD0A068CDF800907A
:104A300004F10D0305F0F2F90028E2D0637B0A2BA4
:104A40000CBF0123002385F8F4300FD1374E4FF40B
:104A50008058C6F828800023CBE9433306F01AFDBE
:104A6000C6F8188006F016FDFFF7FFBB304607F0CA
:104A700059F90028C5D095F8F430002BB4D0E5E7FB
:104A800003232C498BF804315046FCF72DF90028FC
:104A90007EF4CCAEFEF742BF08F07EF8C9F85800AD
:104AA000FFF73DBA23493046FCF7EAFC02900028A4
:104AB0003FF46BAD40F2E1100CF03AFE00283FF4F9
:104AC00064ADDBF8B420002A00F0C18100F5F1727A
:104AD000CDE9032A45464FF00009824634E000BF85
:104AE00070040020789001088090010898900108D7
:104AF000AC900108C0900108D0900108F902154F50
:104B0000C2F38E4DE0900108F49001080C91010869
:104B1000BC3F0108F8890108C8890108B88D01085F
:104B20000FB0371394890108C886010800040048B3
:104B300020440108848D01080EB037130025DBF8EE
:104B4000B4304B4540F27881DBF8E400C9EB4914FE
:104B500000EBC40009F1010990F8F430E400002BE7
:104B6000EDD0043029A9FCF783F80028E6D0DBF863
:104B7000E420C54DE31C02EB030E0FCD33AC0FC494
:104B80002B6823700AF1020C1EF8013F42A903F0C2
:104B90000F0202F5847201EB13130CF1020C6A444C
:104BA00013F83C3C0CF8043C12F83C3C0CF8033C79
:104BB000039B9C45E8D1B54B00255B688AF8E05122
:104BC0002820984704460028B8D0294628220AF011
:104BD00015FD4023E360484607F06CFC41EC100BE8
:104BE000AB492046FCF7FAFB0028A7D0BDF9A4008A
:104BF00007F070FC41EC100BA6492046FCF7EEFBD9
:104C000000289BD0A44952462046FCF77BFC054671
:104C1000002893D0029BA34290D09B68002B00F009
:104C20001A815A68002A8AD0146062605C6086E744
:104C3000022389F86330FFF703BA984AD9F80010C5
:104C400091427FF4F8A989F86330FFF7F9B9A3F12D
:104C50000203B3FA83F35B0989F86030FFF7C6B942
:104C600004238F498BF804315046FCF73DF80028A7
:104C70007EF4DCADFEF752BEA9F85C30FFF764B9F4
:104C800007F08AFFC9F85400FFF774B9A3F10203D3
:104C9000B3FA83F35B0989F85E30FFF77FB9A3F1BC
:104CA0000203B3FA83F35B0989F85F30FFF78AB92F
:104CB0007C496722102004F0E9FE054600283FF4F5
:104CC000E3AA794B0A9C036094F862307749382252
:104CD0001020002B7AD0B4F85C6004F0D7FE734942
:104CE00004463922FC2004F0D1FE8146002E76D005
:104CF0006E493E22602004F0C9FE0646002C00F0FA
:104D0000F880B9F1000F00F0AE80002800F0AB8011
:104D10000A9BC9F8986033A9C4F80090181D04F0E4
:104D20001BFC002840F0FA80DBF8A030604A5F49A5
:104D30009847204601F0A8FB5B4B2A6800209A4266
:104D4000686000F0E480DBF8A0305A4A5549984783
:104D5000FFF79ABA89F86260FFF7CBB84F4BD9F8E2
:104D600000209A427FF467A901236CE7524950461C
:104D7000FBF7BAFF00287FF437AB444BD3ED667ADC
:104D8000FFF7D6BB4D4A4E49FCF774FFFEF72CBE29
:104D9000022389F86430FFF77DB9404BD9F8002031
:104DA0009A427FF472A9012389F86430FFF772B93F
:104DB0003A4AD9F8001091427FF467A9E9E783F8ED
:104DC0006A20FFE53F4B4846FFF747BB04F05EFE15
:104DD000364904463922FC2004F058FE8146002C56
:104DE0007ED0B9F1000F3DD0002691E7364B484602
:104DF000FFF733BB9BF80431344E354ACBF80C61D6
:104E0000012BCBF810217FF6EBADDBF8A030314A57
:104E10003149022098479BF80431012B7FF6E0AD21
:104E2000A6F224532D4ADBF8A0602B490220B0479C
:104E3000D6E54446FEF757BF53461846DDF810A0A6
:104E40000CF07EFC002D3FF4A0ABFFF7EDBB0CF0A7
:104E500077FCFFF7E9BB029A9460C4E900346EE680
:104E6000049C62E44E462046DBF89830984734466E
:104E7000B9F1000F38D1002C3FF45EAFDBF8983069
:104E80002046984758E700BF4091010800000020E5
:104E9000C08D01088C900108AC9E01080FB037133B
:104EA000848D0108888901080DB03713B48F01087B
:104EB000C48F01086C89010854900108448D0108D1
:104EC000248801083043010808430108F043010821
:104ED000A4040020848F01089C8F0108A08F010882
:104EE000B9F1000F3FF428AFDBF8983048469847F7
:104EF000C1E70446B9F1000FF6D1BCE75346CA46F4
:104F00009946B9F1000F7FF45EABFFF73EBB286016
:104F1000DBF8983028469847FFF7B6B9BDF8E0307F
:104F2000BDF8EC20D9F898801A4491B2BDF8E2207F
:104F30001691A9F89E1009F1F8015200C9F88410E1
:104F400009F1F401C9F8E820C9F88810002209F134
:104F5000F601C9F89420A9F89C20C9F88C1009F131
:104F6000F00209F1F701A9F83830C9F82420C9F88E
:104F70009010B8F1000F09D009F1EC01C8F8181031
:104F800009F1F501C8F82420C8F85C10C9F8D82048
:104F9000169AA9F8E4200A9AC9F8DC5092F862201F
:104FA0000F9262B10F9924AA0DF1F60002EB4106AF
:104FB00030F8021F490822F8021BB242F8D1BDF8AE
:104FC000E8209DF804111B911A4492B21C920A9A8F
:104FD000BDF8EA10B2F85C209DED408A0B921D915D
:104FE00022B1BDF8EE200B99B2FBF1F2BDF8E6104C
:104FF0000E92BDF8E420BDF8D2001A440B44DDF84F
:10500000CE10A9F87E309D4BC9F840309C4BC9F8B2
:1050100044309C4BC9F84830032389F874300F237F
:10502000A9F8803009F13C03A9F87A00C9F8761094
:10503000A9F87C201E93B8F1000F00F09D81359BEC
:105040002093369B1A93BDF8DC301F930F9B0026EC
:10505000CDE92C66CDE92E66CDE93066002B00F057
:1050600077815A003CA90DF1B60010920AF09AFC23
:10507000109A3EA90DF1BE000AF094FC0B9BA8F813
:1050800038300E9BA8F83A307F4BC8F804307F4B7D
:10509000C8F808307E4BC8F80C307E4B12937E4B1C
:1050A00011937E4B10932DAB189308F13A0319938B
:1050B00008F148031793C8E913660A9B1396C8E9D9
:1050C0001566CDE914451D46189B199A33F8024F11
:1050D00022F8024F18931B89714919921381EC2011
:1050E0002F22219304F0D2FC6E490646002800F0DE
:1050F000A0806D4B03646D4B43648164297D219BCB
:1051000001393C30042900F25681DFE811F04201F8
:105110003F0105003C0105006FF00C02169995F85F
:1051200011C095F810E086F874E021441F9CA6F8A1
:105130007A400B9CA6F87E405B000E9C2193A6F85B
:1051400080401A9B209C86F875C089B2BCF1000F84
:1051500018BF1C466B68A6F87C10C6F87640C6E9F6
:105160002132AB68C6F88C30219BC6F8E030129B28
:10517000C6F89C30119BC6F8A030A6F89610109B7C
:10518000A6F8DC1006F1E401C6F8A430C6F8D48015
:105190007162C6F8D010002134463187A6F8941009
:1051A0004349C6F8D81006F1E801C6F8901044F853
:1051B000980BF46301F05CFF002800F0F080306889
:1051C000C1688847179B43F8046F1793139B0133FB
:1051D000DAB213930F9B9A4205F11405FFF474AFF2
:1051E000DDE91445D9F89880129BC9F8A430119BC9
:1051F000C9F8A830109BC9F8AC301E9BC9F8003024
:105200002C4BC9F8E03009F1A003B8F1000F00F011
:10521000C380C9F83C80C8F80030D9F80000836822
:105220009847002850D1DBF8A030234A23499847FB
:105230007FE5DDE91445139A214902F1120308EBD9
:105240008303D6B200225A600020DBF8A0301D4A4A
:1052500098477EB11336F6B208EB860608F14C0883
:1052600056F8040D10B1DBF89830984700234645F6
:105270003360F5D1D9F89880B6E700BFD96E000841
:10528000816F0008796F0008FD6D0008796E0008D5
:10529000716E0008896F0008956F0008519300082F
:1052A000E88F010869700008798E000871700008A5
:1052B000458E0008A5080008FC8F0108B48F01087E
:1052C000409001081C900108D9F80000C368984775
:1052D0003A4A62603A4AE260049A0A990023A3605B
:1052E0006C60D38391F862C024A802F126019E4627
:1052F0001A46DCB2644527D2048821F8062C049EA5
:10530000224492B2F2830133042B21F8024F00F1C0
:105310000200EED10A9B0499B3F85C3081ED0C8A4F
:1053200013FB02F31B9A81F834201C9A8B83AA8109
:105330001D9AEA8100208D6123A9FDF7BFF900289D
:105340007EF45BABFEF750BB21F806EC0024DAE7F5
:105350000B9BA8F838300E9BA8F83A300F9BC8E991
:105360001333C8E91533174BC8F80430164BC8F887
:105370000830164BC8F80C30154B1293154B11938F
:10538000154B109330E76FF00F02C7E66FF006027F
:10539000C4E66FF00B02C1E6C9F83C303DE7DBF82C
:1053A000A0300E4A0E49DDE914459847DBF89830E5
:1053B000304698473FE70022B0E600BF7964000816
:1053C00089640008FD6D0008796E0008716E0008A0
:1053D000896F0008956F000851930008FC8F010841
:1053E000E88F0108BFF34F8F0549064BCA6802F4E6
:1053F000E0621343CB60BFF34F8F00BFFDE700BFF8
:1054000000ED00E00400FA052DE9F041C16F0568E8
:105410009EB00446002947D02423E3672A68636AC4
:1054200022F001022A60002B40F0AD80D4E9041282
:10543000A36828680B431343E169A64A0B43024063
:1054400013432B606B68E26823F440531343A24A72
:105450006B609542A369AA6800F0DB80206A22F4A1
:105460003062034313439D4AAB60954200F046818E
:105470009B4B9D4240F00A8103F5E633D3F8883018
:1054800003F00C030C2B00F25481DFE813F0C7018A
:105490005201520152010E015201520152016201A8
:1054A0005201520152015B0180F878105C2207A87A
:1054B0000AF0A4F8894B9D4200F0D081884B9D42B0
:1054C000AAD1022707A80797FBF70EF8064600287F
:1054D00040F0F081834B844D9A6D42F400329A651E
:1054E0009A6D02F400320492049ADA6C42F00102DE
:1054F000DA64DB6C03F00103039307220323CDE995
:105500000032039903463A464FF090400F214FF086
:10551000800806F0CFFCC5E96176C5E96368C5E996
:105520006566C5E9676605F5C076704BC5F88031DC
:10553000304606F0AFF9002840F0BC8166671023C2
:1055400005F5E476C5E97508C5E97700C5E9790090
:10555000C5F8D0313046664BC5F8CC71C5F8A841C6
:10556000C5F8C83106F096F90146002840F0A2813E
:1055700026672620C5F8F04106F02CFA5D4B402244
:105580005A60256848E71E0705D56A68616B22F4F2
:1055900000420A436A60D80705D56A68A16A22F406
:1055A00000320A436A60990705D56A68E16A22F405
:1055B00080320A436A605A0705D56A68216B22F473
:1055C00080220A436A60DF0605D5AA68A16B22F42F
:1055D00080520A43AA609E0605D5AA68E16B22F4B0
:1055E00000520A43AA60580609D56A68216C22F461
:1055F00080120A43B1F5801F6A6000F0F580190639
:105600007FF514AF6B68A26C23F4002313436B6027
:105610000CE722F4306213433249AB60D1F8883092
:1056200003F44063B3F5006F7AD000F2D780002B0B
:1056300000F03A81FAF736FE002872D16A682A49EA
:10564000002322F49042C4E91A336A60AA6822F067
:105650002A02AA602A6842F001022A60C4F8843053
:10566000D1F88C602B681A0779D42B685B0700F19E
:105670009180002320221846E26784F87830C4F82D
:105680008020236663661EB0BDE8F0811A4B9D4200
:105690004FD103F5E433D3F8883003F03003202BE7
:1056A00057D04DD8002B00F0B980B1F5004F00F075
:1056B0000881FAF7F7FD0028C0D0636800EB5300BB
:1056C000B0FBF3F04FF6EF73A0F110029A4230D81E
:1056D000E860B3E7F369FFEF008000400038014065
:1056E0000044004000100240900300206C00024083
:1056F0008000024000E100E000480040744BD3F815
:10570000883003F00303022B23D0032B1AD0012B84
:10571000CBD0B1F5004F00F08780FAF739FECAE729
:105720006C48626802EB4203834202D8B0EB023F4E
:1057300061D90023C4E91A3301201EB0BDE8F0810D
:10574000302BF6D1B1F5004F00F0B8804FF4004097
:10575000B3E7B1F5004F00F0AF805E48ADE76FF002
:105760007E4332464FF40011204606F0F5F800283B
:105770003FF47BAF236853E8002F22F0800243E818
:1057800000210029F7D12023E367002384F8783033
:105790000320D2E76FF07E4332464FF4800120466B
:1057A00006F0DAF800283FF464AF236853E8002FCE
:1057B00022F4907243E800210029F7D103F1080296
:1057C00052E8002F22F0010203F1080040E8002116
:1057D0000029F3D12023C4F88030D6E7B3F5406F19
:1057E000A7D14FF400409CE76A68616C22F4C002C4
:1057F0000A436A6003E7510800230F464FF480769E
:105800001946E0FB0671384607F016FA324BA0F550
:1058100040729A428DD8314BD8600FE7B1F5004FF6
:1058200052D0FAF795FD46E7FAF7B2FD00283FF4AB
:1058300005AF4300626803EB5203B3FBF2F34FF68C
:10584000EF72A3F1100191423FF673AF23F00F0204
:1058500092B2C3F342031343EB60EFE6012307A8C0
:105860000793FAF741FE034620BB194A116E41F433
:1058700080411166116E01F4804106910699D16C48
:1058800041F00101D164D26C02F0010205920721BE
:105890000322CDE90021059802224FF4C0614FF0A8
:1058A000904006F007FBB7E5FAF752FD00283FF4F9
:1058B000C5AE36E7FFF796FD094BBBE74FF48033E3
:1058C000B8E7FAF7EFFCB1E7FAF742FDAEE700BF41
:1058D000001002400024F400FFFC0F000080004094
:1058E0000048E80138B5054672B62D4C94F888306A
:1058F000DBB262B63BB130BF72B694F88830DBB22F
:1059000062B6002BF7D106F015F92368254900226D
:1059100024208B42E0671A605A609A601BD0224AAA
:10592000934225D000231E48C4F8843084F8783090
:10593000E3676560C4F8803023666366FFF764FD43
:1059400038B9B4F8AC10D4F8A800BDE8384006F077
:105950006BB8FFF747FD02F1804202F504324FF4C5
:10596000C060136E23F48043136604F09FF9D9E7F7
:1059700002F5E6320F20936D23F40033936504F0B3
:1059800095F9606F06F092FB206F06F08FFB074BD6
:105990004022C3F88420BFF34F8FBFF36F8FC1E75E
:1059A00090030020003801400044004000E100E086
:1059B00008B5054A836A934200D008BDD3F8843005
:1059C0005B07FAD5FFF70EFD90030020FEE700BF4E
:1059D000FEE700BFFEE700BFFEE700BFFEE700BF37
:1059E000704700BF704700BF704700BF034AD2F83E
:1059F0008C300133C2F88C30704700BF9003002018
:105A00000C4B0D49D3F8E0234FF480104861D16866
:105A1000490503D4012283F801247047D168C9B233
:105A200061F49061D1600120012283F8100483F8B1
:105A3000012470479003002000040140034B5A6981
:105A4000120744BF08225A61704700BF000401409A
:105A50000148FAF7CFBB00BF040600200148FAF75F
:105A6000C9BB00BF4C0600200148FAF7C3BB00BF0A
:105A7000100500200148FAF7BDBB00BF5805002003
:105A8000084810B4D0F80433D0F8384399691A683C
:105A90002CB1234600F541705DF8044B18475DF8C2
:105AA000044B704790030020034B5A69120544BF12
:105AB0004FF400625A6170470004014010B5194C60
:105AC000194AD4F8E0334FF4802151619A68D20426
:105AD00002D5DA68D00509D49A68910402D5DA684B
:105AE000920513D4012384F8013410BDDA68D2B2D0
:105AF00062F4C0720121DA6084F8111404F096F89F
:105B000068B9D4F8E03384F81104E5E7DA68D2B272
:105B100062F42072DA60012384F8013410BDFFF7CB
:105B200061FC00BF9003002000040140034AD2F84A
:105B3000883043F47003C2F88830704700ED00E00D
:105B4000844690F8240001283AD030B59CF825E02E
:105B5000012086458CF824005FFA8EF506D00023DC
:105B600080228CF82430CCF83C2030BD02208CF808
:105B700025000020CCF83C00DCF84400DCF80040B4
:105B800000F01C008540206820F001002060DCF857
:105B9000400045606360DCF80830102BDCF83030E2
:105BA0000BBFA260A160E160E2605BB1236843F0DB
:105BB0000E032360236843F001030020236030BDFF
:105BC00002207047236823F004032360236843F016
:105BD0000A032360EEE700BF2DE9F041814C00236A
:105BE00084F8B03094F86D32012B0D46D4F81412BD
:105BF00009D0B1F5827F6BD1D8B2D4F81832002B1E
:105C000066D1042864D1002D62D092B2002A5FD000
:105C100094F86C32012B5BD094F86D32D4F810629A
:105C2000C4F84852042B1CBF052384F86D320121AF
:105C30000023C4F8703284F86C12A4F84E22A4F841
:105C40005622C4E997337368A4F84C2223F4C04366
:105C5000C4F85052A4F854227360D4F81C32D4F81B
:105C60006802B3F5E06F35D8D4F864329969736887
:105C7000B1F5806F43F48053736000F086808369D0
:105C8000B3F5806F6DD094F86D32574A042B574BA3
:105C900018BF1346564A0363564B4363564B18BF0F
:105CA0001346C362B4F856324FF00008C0F838808B
:105CB0009BB206F10C012A46FFF742FF074670B17E
:105CC000D4F8703284F86C8243F01003C4F8703258
:105CD000BDE8F081736823F480537360D3E7736881
:105CE000D4F8640243F001037360B4F84E320A46FC
:105CF000C0E90B77C0E90D7729469BB2FFF720FF7B
:105D000000284FD133685B0626D5002384F86C3217
:105D1000736843F020037360736843F00203736099
:105D2000D4F88C2094F8B030002BD1D141F28731D7
:105D30000BE072B694F8B03003B930BF62B6BFF36F
:105D40006F8F94F8B030002BC2D1D4F88C309B1AEE
:105D50008B42EED9BDE8F081336843F040033360F5
:105D6000D3E7736823F480537360B4F8563213F0AA
:105D7000010F73681FD123F400537360B4F85632D7
:105D8000C3F34E03A4F856327DE7D20773681DD4DF
:105D900023F480437360B4F84E32C3F34E03A4F887
:105DA0004E326CE7D4F8703284F86C7243F0100312
:105DB000C4F870328CE743F400537360B4F8563281
:105DC000C3F34E030133A4F856325CE743F4804337
:105DD0007360B4F84E32C3F34E030133A4F84E326D
:105DE0004DE700BF90030020A5070008A1070008A9
:105DF00065130008A9070008B5120008002968D03B
:105E00002DE9F84F334C344E80460F46002500E014
:105E100030BF72B694F88830DBB262B6002BF7D18F
:105E2000A7EB0509B9F5005F28BF4FF400594A46B2
:105E300008EB0501304609F0B5FD012384F88830F0
:105E4000D4F87CA0BAF1200F22D11FFA89F3206F79
:105E5000A4F852300022A4F850302123C4F8842042
:105E6000D4F800B0E664E367B8B11C4BC3621C4BC6
:105E700003631C4B826343630BF128024B4631469C
:105E8000FFF75EFE48B11023C4F88430C4F87CA04C
:105E90004D44AF42BDD8BDE8F88F4023CBF8203049
:105EA0000BF1080353E8003F43F080030BF10801B6
:105EB00041E80032002AEBD0226802F1080353E8DF
:105EC000003F43F08003083242E800310029F3D15B
:105ED000DEE7704790030020A4070020950100082A
:105EE000C907000805640008F0B4C56F202D51D122
:105EF0000C4601B112B90120F0BC704719460025CB
:105F00002123C0F88450C36783682E4FA0F8502027
:105F1000B3F5805FD7F88C60A0F852203DD0B0F880
:105F20005220036892B2DAB1DA69120604D44A1C2C
:105F300022D1DA691206FCD534B314F8012B9A6227
:105F4000C26F02F02102212AD5D1B0F85220013AC5
:105F500092B2A0F85220B0F8522092B2002AE3D1B7
:105F6000DA69520604D44C1C22D1DA695106FCD5F8
:105F70002023C3670020BFE7D7F88C20921B9142F3
:105F800011D381B11A68CFE735F8022BC2F30802AA
:105F90009A62D5E70220F0BC70470369002BBED19E
:105FA00025461C46BBE72023C367F0BC032070478F
:105FB000D7F88C20921B9142F5D30029F3D01A68B0
:105FC000CEE700BF90030020026852E8003F23F4B0
:105FD000907342E800310029F7D102F1080353E839
:105FE000003F23F0010302F1080C4CE800310029C6
:105FF000F3D1036E012B06D000232022C0F88020AD
:1060000083660366704752E8003F23F0100342E8BE
:1060100000310029F0D052E8003F23F0100342E89D
:1060200000310029EFD1E7E770B5A24C2568EB6994
:106030002A68A96840F60F00034215D1980602D5D8
:10604000960600F10C81206E012800F08480D802B1
:1060500002D5490200F10B811E0673D4590602D500
:10606000530600F12D8170BD11F0010640F0D5807E
:1060700091480242E7D0D80710D5D10540F14281BE
:1060800001212962D4F8841041F00101C4F8841080
:10609000990740F1FA80002E40F0C380580740F184
:1060A000F980190700F1238119050AD5560108D591
:1060B0004FF400612962D4F8841041F02001C4F843
:1060C0008410D4F884100029CDD0980602D591060A
:1060D00000F11081D4F88420AB6802F0280203F0AC
:1060E0004003134300F065817248FFF76DFFAB6812
:1060F0005A0640F1D88005F1080353E8003F23F029
:10610000400305F1080141E800325AB1226802F16A
:10611000080353E8003F23F04003083242E800310F
:106120000029F3D1606F002800F0BD8090F8253081
:10613000624A8263022B00F022810423BDE8704092
:10614000C36335E4100689D5E36E002B8BD0BDE820
:10615000704058481847DE067FF579AFD0067FF5C6
:1061600076AF10232B62AB68B4F858205B0640F181
:10617000CD80636F19684B689BB2002B00F02281C1
:10618000934280F01F81A4F85A300B689E063FD4DA
:1061900055E8003F23F4807345E8003242B122689D
:1061A00052E8003F23F4807342E800310029F6D121
:1061B000226802F1080353E8003F23F0010308328C
:1061C00042E800310029F3D1226802F1080353E8C4
:1061D000003F23F04003083242E800310029F3D1A8
:1061E0002023C4F880302166226852E8003F23F063
:1061F000100342E800310029F6D1636F43B193F8F0
:106200002520022A00F0E5800422DA6383F82410B6
:1062100002236366B4F85A3070BDD80730D49907AA
:1062200029D502212962D4F884105E0741F00401C7
:10623000C4F8841021D504212962D4F884101E07E3
:1062400041F00201C4F884107FF52EAF08212962C5
:10625000D4F8841041F00801C4F8841024E7A36E38
:10626000002B3FF400AF2046BDE8704018474FF4C4
:1062700080132B6270BD5E07DDD41907E6D413E7E7
:10628000D1053FF5FDAE9807CBD4580702D5002EB7
:10629000D1D106E718077FF507AF02F0200131439F
:1062A0003FF402AFD2E7D4F884305B077FF5DBAE72
:1062B000FFF798F89003002020010004B15900086E
:1062C00055E8003F23F0400345E8003242B1226820
:1062D00052E8003F23F0400342E800310029F6D1A4
:1062E00000232022E267E36684F8883070BD9606BA
:1062F000ACD4D9E6A36E002B3FF4ECAE40489847EF
:106300002568E7E698073FF5C9AEBEE7B4F85A102E
:10631000B4F85A309BB289B2002B3FF4A4AE91423C
:106320003FF4A1AE55E8003F23F4907345E80032F6
:1063300042B1226852E8003F23F4907342E80031F2
:106340000029F6D1226802F1080353E8003F23F048
:106350000103083242E800310029F3D12023C4F8B8
:106360008030A1662166226852E8003F23F01003C6
:1063700042E800310029F6D10223636670BD02684D
:10638000436C116821F001011160116821F00E01C8
:1063900011600124026C03F01C0304FA03F3536040
:1063A000002380F8254080F82430BDE87040FFF7D6
:1063B000FFBAD4F8843013F004037FF479AFC4F843
:1063C000843070BD93427FF44EAE0B689D06D3D4EB
:1063D00070BD1A681D6C106820F001001060106814
:1063E00020F00E0010605A6C012002F01C0200FA2E
:1063F00002F26A6083F8250083F8241008E700BFE2
:1064000090030020806A0368C16F10B5D0F8804007
:106410009A68120601D5212914D09B685A0601D525
:10642000222C23D0D0F88430124A43F0100390423B
:10643000C0F8843000D010BDD0F884305B07FAD5A6
:10644000FEF7D0FF53E8002F22F0C00243E80021FE
:10645000026839B152E8003F23F0C00342E800313E
:106460000029F7D12023C3671346D6E7FFF7ACFD19
:10647000D8E700BF9003002003460068D3F8E81077
:106480004268C3F8F01010472DE9F047D0F80080BB
:106490000546B8F1000F1ED0D8F898700FB3124E11
:1064A00007F148044FF00009583754F8040F18B1A9
:1064B000B3689847C4F80090A742F6D1D8F898007E
:1064C000B36800B19847B36840469847B368284618
:1064D000BDE8F0471847044E2846B368BDE8F047CA
:1064E0001847014EEFE700BF20040020F8B505462D
:1064F0000088002A1C460CBF4FF400534FF4805311
:10650000B0F59C6F0E460ED300F151077F00834219
:10651000BFB235D21C4B1D4A1B691D49002098474C
:106520004FF0000C03E040F662274FF0010C1949D0
:10653000194AC4E9011202F11912E26002F11912BA
:1065400022612346002262805122A28223F8167B18
:1065500029686A68A868EF68C4F816105A609860DD
:10656000DF602969A8696A699861196196E8030082
:106570005A61AA8B9A83343484E803006046F8BDDC
:106580004FF0010CD3E700BF20040020A4930108C2
:10659000088C01080100020003001B000C4B197855
:1065A000012914D910B50B490B4C12F4006F0346A6
:1065B0000A48246982B018BF0846C2F30A01CDE92F
:1065C0000001074A07490220A04702B010BD7047EA
:1065D00094040020C493010820040020CC930108F7
:1065E000D4930108E89301080B4B93F800C0BCF169
:1065F000010F0FD910B503462C391046074A82B057
:1066000089B21469064ACDE9001006490220A04764
:1066100002B010BD704700BF940400202004002089
:10662000FC930108E8930108094B197801290DD959
:1066300030B5084983B002F00F040D69064A0749D6
:10664000009403460220A84703B030BD704700BF46
:10665000940400202004002024940108E8930108F9
:106660000B4B93F800C0BCF1010F0FD910B50346D6
:106670007D391046074A82B089B21469064ACDE9CD
:10668000001006490220A04702B010BD704700BFAD
:10669000940400202004002044940108E893010899
:1066A00030B5A1F1620C134C1CF0010F247885B0B9
:1066B00003461FFA8CFE0ED1012C0AD90E484FEA70
:1066C0005E0405690292CDE900410C4A0C490220A2
:1066D000A84705B030BD012CFBD907484FEA5E043E
:1066E00005690292CDE90041064A05490220A84702
:1066F00005B030BD940400202004002074940108EB
:10670000E8930108AC9401080B4B93F800C0BCF16E
:10671000010F10D910B5034684B0A1F58C70074C59
:1067200080B224690090CDE901120220044A054993
:10673000A04704B010BD704794040020200400203E
:10674000E4940108E89301082DE9F04F204EDFF8AA
:106750009080074615460FCE93B004AC0FC40FCE01
:106760000FC40FCE0FC498F800C096E80300BCF128
:10677000010F84E8030007D9164B00951C69164ADF
:1067800016493B460220A047DFF848A0DFF85490A6
:10679000DFF848B0039704AC12AE02E00834B4420C
:1067A00012D0A3881D42F9D098F80020039B012A3B
:1067B00059464A46F2D920680090DAF81070022053
:1067C0000834B847B442ECD113B0BDE8F08F00BF35
:1067D00020450108200400200C950108E8930108D9
:1067E00094040020289501082DE9F04782B0BDF8F7
:1067F00028400B9F03EBC4056B88002B44D06E68C8
:10680000844601EB0208043E4FF0000E56F8044F98
:10681000620092B28A4233D3424531DAC4F3017046
:10682000012817D002283AD090BB521A93B2C4F371
:106830004459012202FA09F2974249D33349013AF5
:106840000C6901923249334A0097A047002002B0F8
:10685000BDE8F087521A92B20CEB42093CF81200E4
:10686000B9F8023043EA004323F00F0317B1C4F331
:1068700003442343180C2CF81200A9F802306B884B
:106880000EF1010E7345C1D8012002B0BDE8F087BA
:106890001E4B214A1B691E4900209847D6E7521A11
:1068A00092B20CEB42003CF81290438843EA094351
:1068B00023F00F0317B9C4F3034423431C0C2CF833
:1068C000124043806B880EF1010E73459ED8DBE7C2
:1068D000C4F3044A0CEB43043CF813006288C9F18A
:1068E000200942EA00424FF0FF3020FA09F000FA96
:1068F0000AF022EA000207FA0AFA42EA0A02100C37
:106900002CF8130062806B88BAE700BF20040020D7
:10691000749501083C95010880950108002870B421
:1069200046DB0029034639DB88420A464BDA00255C
:10693000012429461B04B3FBF2F343F62842934299
:106940005AD946F2D632934260D948F6720293423F
:106950005ED94AF6494293425CD94DF2A302934272
:106960005AD94FF24B72934298BF052045D94FF246
:106970004C7648F233224CF2A3409B1B02FB03F3FC
:1069800000EB134014B1C0F5C9301F3015B1C0F58C
:1069900049303F30C1B1404270BC7047494209B2F2
:1069A000884217DA002501240A4603462146C1E73A
:1069B000404202B20029104614DB91420B4605DD2D
:1069C00091BB1C4800E048BB70BC70470024012507
:1069D0002146AFE70028DED000250B4602462C46B4
:1069E0000121A7E7494209B28A424FF00105DADBEB
:1069F0000B46002429469DE700200F4A02EBC00603
:106A000002EB8002D6E90E60126FB6E70120F4E7D0
:106A10000220F2E70320F0E70420EEE700250B4612
:106A200002462C46294685E701251A462C46034690
:106A300000217FE720920100204501082DE9F04761
:106A40000646804602EB42008CB0154606EB8000FD
:106A5000002289460DF10C0A014617464FEA870EBF
:106A600054469FED767AB31A75B103EB020CF444E9
:106A7000DCED007A9C46DCED006A0C3367EEA67A0A
:106A80008B4237EE277AF0D10EF1040EBEF10C0FD7
:106A9000A4EC017AE5D10137032F0AF1100AA2F123
:106AA000040201F10401D9D19DED045ADDED055A2E
:106AB000DDED086A6A4606F10C01DFED607A4346B7
:106AC0003DB11C4694ED007A0C33834277EE877A11
:106AD000F7D108F104088845E2EC017A00F10400DE
:106AE000EBD19DED037AF0EEC77AF4EE677AF1EE22
:106AF00010FA12D69FED526AF4EE467AF1EE10FAD1
:106B00000BDC9FED506AF4EEC67AF1EE10FA04DA6F
:106B1000B5EE407AF1EE10FA7DD0F7EE007A87EE0E
:106B2000872A9DED073A9DED0B7A65EE023A25EE38
:106B3000824A65EE237A65EEA34A33EE673A25EE84
:106B4000846AF0EEC32A65EE047AF4EE622AF1EE6E
:106B500010FA76EEE44A76EEE77A37EE466A06D623
:106B60009FED377AF4EE472AF1EE10FA47DDB7EEE3
:106B7000007AC7EE032ADDED006A9DED017A9DEDF6
:106B8000023A63EEA63A67EEA27A37EE637A64EED3
:106B9000A73A67EE877A36EE636A24EE264AF0EE6D
:106BA000C63A73EE677AF4EE633AF1EE10FA77EED6
:106BB000C47A06D69FED224AF4EE443AF1EE10FA7A
:106BC0002FDD87EE864A0120002364EE844A65EEBD
:106BD000845A77EE647A89ED024A67EEA27A25EE4E
:106BE000275AC9ED017A76EEC57A77EEE57A67EE37
:106BF000827AC9ED007A33600CB0BDE8F0879FED72
:106C0000117AF4EEC72AF1EE10FAB0DAB5EE403A96
:106C1000F1EE10FAABD10020002333600CB0BDE8D8
:106C2000F0879FED084AF4EEC43AF1EE10FAC8DAA4
:106C3000B5EE406AF1EE10FAEDD0C2E700000000B8
:106C4000FFFF7F7F00008000074B1B78012B0AD9D4
:106C5000064B074A074910B41C690346A4460220A4
:106C60005DF8044B60477047940400202004002026
:106C7000A49501089C8F01080A4B93F800C0BCF151
:106C8000010F0DD910B5084C82B003461046246997
:106C9000064ACDE9001006490220A04702B010BD07
:106CA000704700BF9404002020040020B495010820
:106CB0009C8F0108084B1A78012A0CD910B503469D
:106CC00082B008460549064A0C6900900549022031
:106CD000A04702B010BD704794040020200400209B
:106CE000CC9501089C8F0108084B1A78012A0CD911
:106CF00010B5034682B008460549064A0C69009063
:106D000005490220A04702B010BD7047940400203E
:106D100020040020E09501089C8F01080A4B93F89D
:106D200000C0BCF1010F0DD910B5084C82B003466C
:106D300010462469064ACDE9001006490220A04702
:106D400002B010BD704700BF940400202004002052
:106D5000F49501089C8F0108084B1A78012A0CD978
:106D600010B5034682B008460549064A0C690090F2
:106D700005490220A04702B010BD704794040020CE
:106D8000200400200C9601089C8F0108194B2DE966
:106D9000F0411D68184F6C1804F1FF3C66464FF037
:106DA000000EA7FB0023DB0803EB8302A0EB4202EB
:106DB00080463032B8F1090F06F8012F18467246A6
:106DC0000EF1010EEDD8002304F80E3004EB520250
:106DD00004EB0E031CF8010F13F8014D8CF8004072
:106DE00094451870F6D101EB0E002C232B52013084
:106DF000BDE8F081A0040020CDCCCCCC2DE9F0473B
:106E0000C36D8769056900247C8081461C7000F190
:106E10004806A04656F8043FFBB1B3F838C0B3F8B3
:106E20009400B3F89610B3F8DC2005EB400005EBB6
:106E3000410105EB420205EB4C0CC3E91301C3F819
:106E4000A820C3F814C03C701868D3F8E02041684B
:106E500083F8E880C3F8E42088470134E4B2042CC6
:106E6000D8D1D9F80000BDE8F0474368184700BF03
:106E70000068C368184700BF70B50446806978B1E0
:106E8000E36943B10F4B1B782BB10F4B0F4A1B69C2
:106E90000F49012098472068BDE870408368184773
:106EA000094D0C4A2B690A499847E3693BB1054BE8
:106EB0001B7823B12B69054A05490120984700201A
:106EC00070BD00BF9404002020040020209601081B
:106ED000409001083096010830B40269B0F84230A1
:106EE00090F8381032F81330032908BF83F40043B8
:106EF00040F2E51101FB03F31B0C816C8446A3F502
:106F000089700880BCF83C10DCF84C0032F8111095
:106F100039B1BCF8401032F81110012994BF00219A
:106F200001210170BCF83E00BCF83A10DCF850506A
:106F300032F8111032F81020DCF8544040F2E5101D
:106F400000FB02F2A3EB12431BB2002BBCF944205E
:106F5000DCF80000B8BF5B421BB29A42A1F101020B
:106F6000B2FA82F2ACBF0023012352092A702370C7
:106F700030BC4368184700BF0068C368184700BFAB
:106F800000688368184700BFD0E90F23816B006950
:106F9000184700BF836910B50446BBB10D4B1B7881
:106FA0004BB9636983B10C4B0C4A1B690C49002037
:106FB0009847002010BD084B0A4A1B690849012068
:106FC00098476369002BEED1012010BDC369002BE7
:106FD000E4D1E6E794040020200400208496010810
:106FE000689601084C9601082DE9F04F9B461B68F6
:106FF000C2F51E66B34294BF9EB2B6B2884674080C
:107000004FEA520183B017464FEA81010CD0144B6E
:1070100008EB84041944434651F8042B5A80120C9F
:107020001A800433A342F7D10E4C851E04F1E20A04
:1070300004F1E40914F8013B35F8022F3946CDE993
:10704000003240464B463246FFF7CEFBA24501D008
:107050000028EFD1CBF8006003B0BDE8F08F00BF8F
:10706000F8570108AC4501080068C368184700BF1D
:1070700000688368184700BF30B4124D124C00F10D
:10708000BC0C002143680B44024640F8043F1268E0
:107090009A1AAA4209DD50F8042CA3F5C9237E3BB5
:1070A000A1F5C92103607E399A1AA24206DA03F5D6
:1070B000C92301F5C9217E3303607E318445E1D1C6
:1070C00030BC70473F240300C1DBFCFF2DE9F04FCB
:1070D000BFB00DF138090D469046019300F1020B47
:1070E0003EAFCA46002440F6B73631E025B335F846
:1070F000141001F01F0E4FEA912C0EF1300E00FB20
:107100000EF0C1F34411ACF1200C02FB0CFC002882
:1071100001F1300102FB01F1B8BF3F30BCF1000FBB
:10712000B8BF0CF11F0C8011002900EB6C10B8BF28
:107130003F3100B241F38F110134182C08BF0024F5
:10714000FFF7ECFB4AF8040BBA450BF1040B0ED029
:10715000BBF900203BF9020C02FB02FC00FB00CC57
:10716000B4451146C2DC00203FB0BDE8F08F0DAC45
:107170000DF1060109F15C05224652F8043F002B8F
:10718000B8BF0F3302311B1195420B80F5D1484631
:10719000FFF772FF002254F8043F216EA542A3EBD3
:1071A00001031A44F7D1124B83FB0213D217C2EB2F
:1071B000A31404F5994330334CF662129342D2D8AB
:1071C00002AE35460FCD4D4508F1100806F1100608
:1071D00048F8100C48F80C1C48F8082C48F8043CF7
:1071E000EFD1019B01201C803FB0BDE8F08F00BFB4
:1071F000ABAAAA2A2DE9F04FADF2146D04469146D0
:1072000003938D1C03AE0DF20C67B5F9001035F930
:10721000020CFFF783FB46F8040FB74205F10405A3
:10722000F3D100214846202208F0E8F90DF16C0A5C
:107230004FF6FF73002104EB44060293304DDFF854
:10724000C48001915346F600A9F1040940F6945711
:107250008A469B46ABF15C00FFF70EFFABF1600086
:107260004FF0000C50F8043F026E5845A3EB0203A8
:107270009C44F7D1BCF1000F31DB4FEA9C1007FBB7
:1072800000F0400D04FB00F006EB1020C9F80400EC
:10729000BAF1000F03D0D9F8003083422AD959F847
:1072A000043F4344002BB8BF5B42AB4204D21D46AF
:1072B0000123CDF808A001930AF101021FFA82FA16
:1072C000BAF1080F0BF1C00BC4D1019911B1DDE97E
:1072D00002231A8008460DF2146DBDE8F08FCCF140
:1072E0000000800907FB00F0400D04FB00F0A6EB56
:1072F0001020CBE7002108460DF2146DBDE8F08F99
:1073000040420F00E0D764FC2DE9F04F87B04FF00A
:10731000000E164600EB41090290821ECDE90316CD
:10732000A9F1120935464FF0010BF246F4467046BA
:10733000CDF804E005931EE040F2EE218B4240DCE4
:10734000634500DD9C464FF0000BBEF1000F0ABF05
:107350004FF0000B70460120CAF100084345019B25
:10736000B8BFA4EB060ABB4238BF3B469145019328
:1073700005F102052BD0568A32F8024F331B03F574
:107380000048B8F5803F2746D6D240F2EE218B4226
:107390002B8007DD178868B9634515DD9C464FF0E3
:1073A000010ED9E7514917889C45B8BF9C468B42CE
:1073B000D2DACAE7634500DD9C4686464FF0000BF3
:1073C000CAE74FF0000BE6E74FF0010EC4E719469D
:1073D000DDE90346059BBBF1000F03D1002007B098
:1073E000BDE8F08FBEF1000FF8D00028F6D0CDE94F
:1073F000031C0027A4F11C09B84606F112043D46FF
:107400003E46BE46D34634F9021F019601EB810C7D
:1074100001EB4C010A22A246A4463CF9026D02FB94
:1074200006113AF9026F02FB0611013AF5D1019EED
:10743000A942C4BFF0460D468E42C8BF77460EF142
:10744000010EC8BF0E46F145DDD14CF25034A542C5
:10745000DDE9031CDA46C1DD254CA642BEDABCF1EB
:10746000000FBBD0BBF1000FB8D0029C119D248847
:10747000C900E4004DB18C4205D2ACEB0402013AE4
:107480000A44B2FBFCF2119D2A60109A002AA6D091
:10749000002BA4D0029A08F10E0532F81520B4EBA7
:1074A000C20F4FEAC20606D2ACEB0404013C3444DE
:1074B000B4FBFCF42D1B029A0E3732F81720B1EB07
:1074C000C20F4FEAC20405D94A1E5244121BB2FB36
:1074D000FAF2BF1A55EA070280D4BD423FF77EAFE9
:1074E000109A7F1B17601D6079E700BF12FDFFFF38
:1074F000B03CFFFF2DE9F04F204C93469A46851E85
:107500008A1E04F1E2074FF000084FF41E6604F1F2
:10751000E40935F8021F32F8023F994222D021785F
:1075200009EBC1014B8833B34968002001EB8303A9
:1075300047F6FF7E51F804CB1FFA8CFCE64528BFC6
:10754000E646604538BF60468B42F3D1400080B2CA
:107550004FEA4E0E80451FFA8EFE38BF80467645B4
:1075600028BF76460134BC42D3D1ABF80060AAF8FC
:107570000080BDE8F08F4FF6FE7EF0E7AC450108D5
:10758000094A0A4B12680A49D360086804E00B688C
:107590001B1AB3F57A7F04D8D3689B06F7D5002071
:1075A00070470320704700BF700700205FFF030093
:1075B0001C04002070B515460C464FF4E2720146DB
:1075C000184608F0EFF9B5F85810034621B195F8C0
:1075D0005E10003918BF0121012295F85B0083F885
:1075E000C621224683F8C41132F8261B83F8C50150
:1075F000A3F8C81104F1560003F5E571D2F800C0F4
:1076000056689568D2F80CE0C1F80CE0103282425E
:10761000C1F800C04E608D6001F11001EED1B4F8E8
:107620005620A3F8FA2103F5FE7104F1580204F183
:107630008800D2F800E0D2F804C09568D668CE6021
:1076400010328242C1F800E0C1F804C08D6001F13F
:107650001001EED1B4F88820A3F82C2204F18A029C
:1076600003F22E23BA34156850689168D2F80CC022
:10767000C3F80CC01032A2421D605860996003F13B
:107680001003F0D170BD00BF38B50A4B0A4C1B780F
:10769000012B06D9094A236815690949094A0220BC
:1076A000A847094B226803CB1B7810605160137206
:1076B000092038BD94040020A004002020040020EC
:1076C0009C8F0108B08F0108AC960108164B2DE97C
:1076D000F041164E05460F4603CB32681B7810600A
:1076E0005160137287B1043D0024092155F8040F3D
:1076F000FFF74CFB0134A742014605D06307F5D1E3
:10770000FFF7C2FF0146F1E7094B1B78012B09D9AE
:10771000084A336814690849084AA4460220BDE8AB
:10772000F0416047BDE8F081AC960108A00400205C
:1077300094040020200400209C8F0108B08F0108D1
:10774000214B2DE9F047DFF89C8081460D4603CBA5
:10775000D8F800201B7810605160137215B31B4ECF
:107760001B4FA9F104090921002459F8040F00282E
:107770004FF02D0205DAD8F800305A54D9F800003D
:1077800001310028B8BF4042FFF700FB0134A54299
:10779000014606FB04F305D0BB42E6D8FFF774FFB1
:1077A0000146E2E70B4B1B78012B0AD90A4AD8F8AD
:1077B0000030146909490A4AA4460220BDE8F0478E
:1077C0006047BDE8F08700BFAC960108B76DDBB637
:1077D0002449922494040020200400209C8F010856
:1077E000B08F0108A00400201A4B2DE9F041DFF80A
:1077F0007C8005460E4603CBD8F800201B7810602D
:1078000051601372A6B1144F023D0024092135F8CE
:10781000020FFFF7BBFA0134A642014607FB04F34F
:1078200006D0B3F1113FF2D8FFF72EFF0146EEE785
:107830000A4B1B78012B0AD9094AD8F80030146981
:107840000849094AA4460220BDE8F0416047BDE866
:10785000F08100BFAC960108EFEEEEEE940400203C
:10786000200400209C8F0108B08F0108A004002094
:10787000214B2DE9F047214F81460C4603CB3A6856
:107880001B781060516013722CB31D4D1D4EA9F171
:10789000020909214FF0000839F9020F00284FF0C2
:1078A0002D0204DA3B685A54B9F90000013100286E
:1078B000B8BF404280B2FFF769FA08F101084445B9
:1078C000014605FB08F306D0B6EBB30FE4D3FFF790
:1078D000DBFE0146E0E70C4B1B78012B09D90B4A74
:1078E0003B6814690A490B4AA4460220BDE8F047E8
:1078F0006047BDE8F08700BFAC960108A0040020F7
:10790000ABAAAAAA555555159404002020040020BE
:107910009C8F0108B08F01081B4B2DE9F047DFF861
:10792000848004460D4603CBD8F800201B781060F5
:1079300051601372BDB1154E154F013C4FF0000957
:10794000092114F8010FFFF721FA09F101094D454A
:10795000014606FB09F306D0B7EB730FF1D3FFF72F
:1079600093FE0146EDE70B4B1B78012B0AD90A4A1F
:10797000D8F8003014690949094AA4460220BDE834
:10798000F0476047BDE8F087AC960108A38B2EBA9C
:10799000BAE8A20B94040020200400209C8F010868
:1079A000B08F0108A0040020214B2DE9F047214FA2
:1079B00081460C4603CB3A681B7810605160137205
:1079C0002CB31D4D1D4E09F1FF3909214FF0000860
:1079D00019F9010F00284FF02D0204DA3B685A54C0
:1079E00099F9000001310028B8BF4042C0B2FFF74A
:1079F000CDF908F101084445014605FB08F306D01E
:107A0000B6EB730FE4D3FFF73FFE0146E0E70C4B04
:107A10001B78012B09D90B4A3B6814690A490B4AA8
:107A2000A4460220BDE8F0476047BDE8F08700BFEC
:107A3000AC960108A0040020398EE3388EE3380E9E
:107A400094040020200400209C8F0108B08F0108BE
:107A50002DE9F04F2DED108B9BB090F85E401F4646
:107A600090F85C300793042CB0F8583003938246AA
:107A70000D4690461ED8D0ED147AF5EEC07AF1EEA0
:107A800010FA00F10B8290F86630002B00F0B08203
:107A900090F85B30002B00F0AB82034B034A1B696C
:107AA0000349002098470BE020040020FC960108C1
:107AB000D4960108CF4BD04A1B69D0490020984783
:107AC000CF4BDAED157A08931B68009307EE103A56
:107AD000F5EEC07AF1EE10FAB8EE478A40F3E58190
:107AE000C8EE278AF6EE007A78EEA78A039B002B71
:107AF00000F0BC819AF85E3004939AF85A30002B5B
:107B000040F0BB819AF86020022A41F03D819AF84A
:107B10005E40012C00F0F7830024224634990C715A
:107B2000A8F8AC21002B00F0AD819AF85F30012B52
:107B300000F01A84022B00F00084002B40F0F38345
:107B400001231A46A8F82630A8F828209AF86030B1
:107B5000012B00F0E183022B00F0DD83002B00F00D
:107B60001B84A44BA74A1B69A44900209847002DF9
:107B700000F08B8100230093B5F8E4102B89A8F85E
:107B80000210B5F8E610A8F80410B5F8E210A8F84D
:107B90000010B5F8E810A8F806106988A8F80810D1
:107BA0009B00A988A8F80A109BB2E988A8F80C10D5
:107BB00003F130026989A8F80E1092B2298CA8F856
:107BC00010105F2A698CA8F8121040F205828E49C5
:107BD000A1FB0201890901EB4101A2EB411189B22C
:107BE00000201A4604460B460121A8F8162003225D
:107BF000A8F81430A8F81A200023009AA8F8223018
:107C0000A8F81C40A8F81E00A8F81810A8F8201022
:107C10007B800123C7F80A30002A00F059874FF013
:107C20000009CDE9019908F13E039FED789A9FED97
:107C300078AADFED7B9A059507F10E0B4446564670
:107C40001D46CDF81880049A5FFA89F39A4200F233
:107C50002F810023ABF80030ABF808302B8009F1FE
:107C60000109B9F1040F0BF1020B05F1020504F152
:107C7000560406F11406E6D1039BBA89DDF804C068
:107C800012FB03F27B8992B213449BB2DDE90558E3
:107C9000591C012089B20090B8F8AC01012804D128
:107CA000DDE9020404FB00F002909AF86340029EB2
:107CB000BAF864009AF862E084F0010B4FF6FF74A2
:107CC000A64228BF26464408A4F103099AF8664054
:107CD000A8F89EE10338A8F8A6B1A8F8A461A8F80E
:107CE000A0C1A8F8A801A8F8AA91BA81BB80F98020
:107CF000002C00F02B81413399B2402401233980BC
:107D00003C81A8F8C03115B1AB89A8F8C231009BFD
:107D1000002B40F04B81349A9AED145A00231360E3
:107D2000079BA8F8B231039B012B40F23C81BAF8C3
:107D30005830023B01229BB29FED366ADFED365A86
:107D40009AF85A10F1EE007AC8EE066A68EE277AC1
:107D500068EE255A87EE867AC5EE867AB6EE006A18
:107D600076EE866A37EE067AFCEEE66AB5EE405AA3
:107D7000DAED155AA8F8AE31F1EE10FA16EE903A97
:107D800077EE867ABCEEC77AA8F8B02114BF01223C
:107D90000022FCEEE77AA8F838209AF85B20A8F8D1
:107DA000B43117EE103AA8F8B63117EE903AF5EE66
:107DB000405AA8F8B831009BF1EE10FA14BF012028
:107DC0000020002B40F0C480A8F83010A8F8322022
:107DD000A8F82A009AF86130104A0098C8F8BA2129
:107DE0000121A8F82410A8F8BE311BB0BDEC108BFF
:107DF00018E000BF20040020B8960108D4960108BE
:107E00000C050020F8970108ABAAAAAA2549123E42
:107E10008FC2753D0024744900009643FF07010896
:107E200000000000BDE8F08FB5EEC07AF1EE10FA68
:107E300000F106839AF85A20002A00F00483B5EE78
:107E4000407AF1EE10FA05D1F5EE407AF1EE10FA33
:107E500040F0B4835FED0E8A724B734A1B6973491D
:107E600000209847039B002B7FF444AE039B0493B0
:107E70009AF85A30002B3FF445AE349A0023137120
:107E8000A8F8AC31002D7FF475AE01237D807B8195
:107E9000AC4602212A4602950095FDE6614B644AF4
:107EA0001B696249002098470AE6DFED628A1DE6F9
:107EB00001232B809AF85C80328940F2FF3340F234
:107EC000FF11B8F1000F18BF0B4642B39A4226D8F3
:107ED000B27B337C3AB1022B05D1524B564A1B6917
:107EE000DDE9055820E0F07B002840F04082012BBE
:107EF00000F0AC804B4B514A1B694C490090DDE9C6
:107F000005589847DDF804C0039BBA8912FB03F2B9
:107F10007B8992B213449BB2591C89B2BCE6414B97
:107F2000474A1B69DDE90558404900209847039BF3
:107F3000BA89DDF804C012FB03F27B8992B21344C4
:107F40009BB2591C002089B20090A5E62346D6E6D4
:107F5000B5EE405AF1EE10FA0CD0C8EE057A77EE85
:107F6000867AFCEEE77A17EE903AA8F83C301B0CC4
:107F7000A8F83A30002361F30F03F5EE405A62F39C
:107F80001F43F1EE10FAA8F82A00C8F830303FF489
:107F900021AFFCEEE87A17EE903A1A0CA8F82C20E4
:107FA000A8F82E3016E700221346C5E69AF85D3091
:107FB000072B15D8234A9FED1F9A134493F80439D1
:107FC000A8F8A231349B83ED009A049B002B40F06B
:107FD0003D829AED145AA3E603200124002104E611
:107FE000349A9AED145A002313600023009397E605
:107FF000012C40F2DD819AF80F105246012303E074
:108000000133A34200F0D481084692F82310814244
:1080100002F11402F4D2034A044914690A4A002006
:10802000A0474DE5200400205C970108D496010884
:10803000E8960108000000002898010854980108FB
:108040001898010820450108289701086FF00B03D4
:108050000993F288B3880A92182A009340F28F821B
:1080600002EB820303EB031303EB032302EB430353
:10807000C3F3CC0242EA43339BB240F6AA229342B6
:1080800000F2CD82AE4B0A9AA3FB02231B090E938A
:10809000013B9BB215935C230D9318230B9300981F
:1080A000002840F0D184A74BA74A1B69A7499847ED
:1080B000B8F1000F00F0BB844FF000080222009BD3
:1080C000099913FB02F292B20092326811440A46F7
:1080D0000C910A99013B01FB0323099302F5C34369
:1080E00028334CF25032934207D9964B984A1B6979
:1080F0009649002098474FF00008099B03F5C343B9
:1081000028334CF25032934207D98E4B914A1B6967
:108110008E49002098474FF000080C9A002AC0F2C0
:1081200035838D4880FB0230D217C2EBA00000B22D
:10813000099B002BC0F21E83874981FB0331099BF9
:10814000DB17C3EBA101119309B280B2091A0C9B92
:108150000F90814880FB03C0C2EBA00288B209B235
:108160000E9B1091B0FBF3F0411C0A901FFA81FEA8
:108170000B981821B1FBF0F30E930C9B02EB42021B
:10818000B3EBC20200F1EF8213B2139393B20C93DC
:10819000099A7148119B0B9980FB020CC3EBAC034D
:1081A00003EB430C0C9BB3FBF1F001FB103081B2ED
:1081B000B2EBCC03099100F1F3821AB219929BB28F
:1081C0000E9A0B98511E099A89B21891BEF1010FAF
:1081D00011FB002189B200F0E982099A0C988242D1
:1081E00040F0F782994200F04A8400230122139361
:1081F0001692149312920E930C9B9A00099BA4F86A
:1082000082209B00A4F88430B8F1000F40F0ED828A
:108210006C23179336230C937D223D234FF00008E7
:10822000A4F87C300F9BA4F87A200C9A1099C3F123
:10823000290313441AB21192521A9BB2292A0F939E
:1082400007DC404B454A1B694049002098474FF0E6
:108250000008119B179A934207DB3A4B404A1B696F
:108260003A49002098474FF000080D9B2C2B00F254
:1082700005821E2B40F2DE831E3B0F229BB20D9225
:10828000A4F89A30159B0C99A4F89430139BA4F889
:108290007E10A4F88E300F990A9BA4F880100D99D7
:1082A000A4F89610A4F89820002B40F0C581149BE8
:1082B000002B0E9B08BF00230E93129B002B00F097
:1082C000D283099A199B9B1A0B9A93FBF2F39BB2E8
:1082D000169AA4F89220A4F88C300E9AA4F888205C
:1082E0000023A4F89030A4F88A300A9BA4F88630C2
:1082F000B8F1000F40F0B482CDF80080DDF804C082
:10830000DDE9055800E69AF81020013A012A7FF6C7
:1083100003AC224602E40023C8F83430002D41D0DB
:108320000123009328E4074B0E4A1B6907490020EC
:108330009847002D7FF41EACA7E500231A4601E400
:10834000ABAAAAAA20040020A0980108D49601088C
:10835000EC98010800990108ABAAAA2A34990108EF
:1083600054990108D89701080022FFF7EBBB013BA5
:10837000042B00F2308501A252F823F04D80000852
:10838000B585000891830008AD8500089183000839
:108390006FF00C0309935CE64FF00113C8F834301A
:1083A000002DBDD100237B800123C7F80A3036E4BD
:1083B000B44B9AED157A08931B68009306EE903A39
:1083C000B5EEC07AF1EE10FAB8EE668A7FF72CAD02
:1083D000C8EE078AF6EE007A78EEA78A18EE900AC1
:1083E0000AF050FB51B1A84BA84A1B69A8490020CC
:1083F0009847039B002B7FF47DAB38E59AF85A2011
:10840000002A7FF429AD039B9AF85F10002B9AF89D
:10841000603014BF204600209942049007D99A4B3F
:108420009C4A1B699A4900209847FFF766BB022BBC
:1084300000F0B384349B1A71A8F8AC21FFF775BB28
:10844000DFED958ACFE7DFED948ADCE7B8F8AC3151
:10845000B8F8A421012B00F0C78007EE902ADFEDC9
:108460008F9AB8EE67AAB7EE089AF2EE02DA089B86
:108470009FED8B0A93ED00FAB8EE4FFA80EE0F0AEB
:108480000AF0E8FC9AF86030022B2FEE00FA00F2B6
:108490001D81844A9AF85E1002EB830090ED00EA99
:1084A000D0ED03FA002900F02281009BDFED7AEA8B
:1084B0009FED7DBA9FED7DDADFED7DCA9FED7DCA30
:1084C000DFED7DBADFED7DAA554600262A7C052A20
:1084D00000F29180022A40F2988030270824EA7B3B
:1084E000052A00F26D84DFE802F03E413B03474479
:1084F000F0EE4B7A8FEE276A2A899AF85E1002FB1B
:10850000044402346400A4B2AA88013614359FEDF5
:108510006C7AC6EE076A07EE907AF8EE677A87EE15
:10852000A66A07EE904AF8EE677A87EEA67A07EE1B
:10853000902AF8EE677AF2B267EE277A914277EEE8
:10854000867A77EEA97A77EE897A7EEEA7EABDD8A9
:108550009AED145A002B40F0CE800093FFF7E0BB59
:10856000F0EE6A7AC6E7F0EE6C7AC3E7F0EE4D7A89
:10857000C0E7F0EE4C7ABDE7F0EE6B7ABAE70A9A04
:10858000002A4CD01823B3FBF2F302FB03F3C3F130
:1085900018039BB21593002B41D10A9A0B92531EDC
:1085A0009B009BB20D9301230E9378E56FF00F03B0
:1085B00009934EE56FF0060309934AE59AF85F20A8
:1085C0009AF860309A427FF445AC039B349ADFED11
:1085D000328A002B14BF2346002304930023137117
:1085E000A8F8AC31FFF7A1BAF0EE499AF0EE49DAFB
:1085F000B0EE49AA3BE7244B324A1B6924490020CC
:10860000984718270424002369E7012A04D0022A86
:10861000F1D13C270A2462E748270C245FE71A4B74
:10862000294A1B691A490020984700230122CDE9F5
:108630000D3215930B923BE5149B002B0E9B08BF4C
:1086400000230E93129B33B1099A199B9B1A0B9A24
:1086500093FBF2F39BB2A4F88C300A9B169AA4F811
:108660009220013B0E9AA4F888209BB2189A0A9394
:108670000123A4F88A20A4F8903036E600230D9355
:108680001A46FDE50C05002020040020489701084B
:10869000D496010888970108000000009A999D412E
:1086A000F902154F2C4E01080000904300002043B2
:1086B000000000430000F0430000C04300004043BE
:1086C000002474497C9801088C980108B64BB74A7D
:1086D0001B69B749002098479AF85E30002B00F0DC
:1086E000F281DFEDB4FA0023B0EE6FEADEE69AED38
:1086F000145ADFEDB0EA9FEDB07ADFEDB06A349B3B
:10870000CFEE077AB1EE0C7AC7EEA65A2AEE07AA88
:108710007FEE8EFACAEE257A9FEDA97A77EEAD7AD2
:10872000B0EE006A77EEAE7A77EEAF7A27EE877A10
:1087300037EE067A77EE277A86EEA77AB4EEC57A18
:10874000F1EE10FA83ED007A7FF5EAAA964B9D4A86
:108750001C699749FDEEC77A002017EE903AA047B2
:108760000023009335E402F1180083B20C9303B2A6
:1087700013930DE50999944BC943A3FB0131099B60
:108780006FEA1111DB1709B21193DEE40C9A8E4BDC
:10879000D043A3FB00306FEA101000B2D217C7E439
:1087A00003F1180002B283B2199209E50C988242D3
:1087B00000F0628100220A9216921292139A9B1A7A
:1087C0000B9A93FBF2F39BB20E930123CDE9133383
:1087D00012E5994200F05D810A9B013B9BB20A932E
:1087E0000123169312930B46E8E7F37B052B00F267
:1087F0001683DFE803F01A130C032B214FF4867362
:108800001793D6230C9340F21D128D2308E5AC2359
:10881000179376230C93BD225D2301E58C231793D8
:1088200056230C939D224D23FAE46C231793362391
:108830000C937D223D23F3E44FF4E67317934FF43A
:10884000CB730C9340F2DD12ED23E9E44FF4B673E1
:1088500017934FF49B730C9340F27D12BD23DFE41A
:10886000B37A172B00F20181092B00F21E81C3F1AC
:1088700009039AB21523A4F84630059BA4F84820B2
:10888000002B00F05E8203EB42029389A4F84A3089
:10889000337C013B042B00F2A482DFE803F0BD76B9
:1088A00003AC9B004FF000084FF400724FF4C0631C
:1088B000CDE909234FF0C00E02204FF0040C08212F
:1088C00042464346A4F86E000A98A4F85600099858
:1088D000A4F870C0A4F85800A4F84E10A4F85010E2
:1088E000A4F852E0A4F854E09AF85D10B8F1000F33
:1088F00000F00981002B00F00681022900F27B8143
:10890000324B0B4493F80039A4F85A30059B002BE6
:1089100000F01C810023A4F85E300123A4F86A3023
:10892000059B0021D3E932ECD3F8C4800B460EEB53
:108930001140A0EB08009042614480F23182013383
:108940000F2BF4D1059AA4F86030D2E936E303EB9B
:1089500083020EEB1242F92A00F3EF81062003FB9B
:1089600000F0052103E0BCF1FA0C40F1DA810A467F
:10897000013189B214290EEB104C1844F3D10A4B83
:10898000134A1B69DDE905583AE100214FF40073F1
:10899000CDE909134FF0400E03204FF0020C0821DF
:1089A0009622FA238EE700BF20040020F8970108E2
:1089B000D496010800000000000020430024744900
:1089C0000AD7233CD0990108ABAAAAAA20450108DE
:1089D000A49901084FF000084FF4F0504FF4785379
:1089E000CDE909034FF4F86E02204FF00B0C08217B
:1089F0004246434666E74FF000084FF4C06C4FF420
:108A00006063CDE909C34FF4E07E02204FF0060C0D
:108A100008214246434655E7059B9B8C0422082BC0
:108A2000C4F86E205BD9DDE90558FFF780BA04224F
:108A3000FFF745BB0D9B0F2B30D9A3F10F020F237E
:108A40000D9392B200231BE4B8F1000F2AD1337BBF
:108A5000002B33D0C54BC64A1B69C64940469847D0
:108A60000422FFF72CBB0A9B32E4C04BC24A1B69AD
:108A7000DDE90558FFF758BA99427FF49BAE002311
:108A8000CDE91333CDF828E0169312930E93FFF738
:108A9000B3BB0023169312930B468FE600221346B6
:108AA000FFF7EEBB0222FFF70ABB102B94BFC3F106
:108AB0001E03C3F117039BB20022DCE64FF001084E
:108AC0000422FFF7FCBA9AED145A0093FFF728B975
:108AD00000980290844602210246FFF7DDB8A4F810
:108AE0004E30A4F8503040230022A4F85230A4F8AD
:108AF00054304FF40073A4F85630A4F858209AF874
:108B00005D1013469046072975D89C48014491F89A
:108B10000419A4F85A100599C1B10021A4F85E10F7
:108B2000B8F1000F40F08380A4F86A80A4F8608058
:108B3000A4F85C80A4F86280A4F86880A4F864803B
:108B400042460023A4F86620A4F86C303389F27AF8
:108B5000A4F87620012B67D0023B9BB20121A4F838
:108B60007230B37BA4F84C3083F00103A4F8741086
:108B7000A4F878300099BB89ABF800300B44ABF80F
:108B80000810BB81B388317C06EE903A3389012905
:108B900007EE103AB4F86E302AD0022914BFF0EE76
:108BA000695AF0EE4A5A01339BB207EE903AF8EE5A
:108BB000677AB1EE006AF8EE666A67EE867AB8EE1A
:108BC000477A67EEA67A0198029B67EE877A01469C
:108BD00067EEA57A002808BF114667EE897A0191F1
:108BE000FCEEE77A17EE902A13440293FFF737B8AA
:108BF000DFED635AD7E75D4B624A1B69DDE9055833
:108C00005C4900209847039BBA89DDF804C012FB39
:108C100003F27B8913FA82F39BB2591C002092B2B3
:108C200089B20090FFF738B80023194697E7012171
:108C3000A4F86A10002B7FF473AEA4F860301946D4
:108C40001A46A4F85C200022A4F86220A4F8682048
:108C50004BBBA4F864301A4602EB0108059AD2E92E
:108C60002FE1C6451DDA0846002202F1010C0992E7
:108C70001FFA8CF2162A3FF482AE0EEB104CBCEBBE
:108C8000080C0844F1D4002B7FF45BAF099800FB7B
:108C900001F10EEB1143A8EB03039C45C8BF02464C
:108CA0004FE700224DE7059BD3E9348C884546DA2F
:108CB000134662469E4601339BB2162B3FF45FAECD
:108CC00008EB1240401A6244F4D40CFB0EF208EB9D
:108CD00012428A1A9042D8BF9E460599B4F8602085
:108CE000D1F8CC30B4F85C00099002FB03F3D1F862
:108CF000C820A4F864E002EB13420B46D1F8C4107C
:108D0000521AD3E936303FF53AAE09990CFB0EFE04
:108D100000FB01F103EB114308EB1E401918FA2385
:108D20009AE702FB03F30EEB1343C3F1FA039C45EE
:108D3000D8BF0A46FA210B4683E70522FAE7964692
:108D4000CBE7059BA4F84A30337C013B042B48D881
:108D500001A252F823F000BFA58D00088B890008FE
:108D6000A5880008F7890008D5890008200400209C
:108D7000B4980108D49601086C99010820450108AF
:108D8000CDCC4C3E84990108349A1371A8F8AC31CB
:108D9000002D7EF4EFAEFFF778B80123FEF7B9BEE1
:108DA0009BB2CFE54FF000084FF40073CDE9098383
:108DB0004FF0400E0420C44602214246434681E55E
:108DC0001B4B1C4A1B691C4900209847DFED1B7A8E
:108DD0000023FFF78FBB164B194A1B69DDE90558C5
:108DE0000EE7134B164A1B6913490020DDE90558AD
:108DF0009847BA89039BDDF804C012FB03F27B8914
:108E0000562113FA82F301FB098100209BB2C1F8BD
:108E10006E00591C92B2009089B2FEF73DBF044B20
:108E2000044A1B69044900209847FFF7F1B900BFC5
:108E30002004002028990108D4960108000000436E
:108E40007C980108F8B595692B7802EB43030F462F
:108E5000B3F84460536901466888144603EB400048
:108E6000720008F0A7FE6B88E26D1E4413786E80D6
:108E700003B93B791370F8BD2DE9F04F2DED048B4C
:108E8000038F8DB00546002B00F01581B0F84030FF
:108E9000428F0469B0F850E007925B000293838F21
:108EA000C28F34F913300B92BEF1000F00F0038132
:108EB0001B010893D0E91223D718B0F85200B5F877
:108EC0004230DFED8A8ADFF830B20193FE434FF083
:108ED0000008F6EE009A0990C1460496CDF828E005
:108EE000834B83FB0710F917C1EBA00101EB410095
:108EF000A7EBC00000281FFA89F886B2C0F2EB8009
:108F0000002FC0F2F180089B09B2090481FB030124
:108F1000002906DA4FF6FF7C10EB0C0C604641F19D
:108F20000001079B000C40EA0140991934F9111027
:108F3000A0EB011007EE900AB8EEE79A29EE289A06
:108F4000B0EE490A0AF0A6F9B0EE408AB0EE490A3E
:108F500009F046FF019B002B00F0A2800B9BB5F8A7
:108F600044A01E4404EB46030020CDE9059703937B
:108F70000646009059E095F838C0BCF1000F4BD080
:108F800007EE101A07EE903AF8EEC76AF8EEE77AA5
:108F900026EE806A27EE887A66EE886A37EE467A91
:108FA00067EE807AB5EEC07A77EEA67AF1EE10FA27
:108FB0004CBF37EE697A37EE297AF5EEC07AF1EEDA
:108FC00010FABDEEC77A4CBF77EEE97A77EEA97A50
:108FD00017EE103AFDEEE77A5B4517EE901A47F66A
:108FE000FF70B8BF5B468342D5F85490A8BF0346D4
:108FF0005945B8BF594699F800E08142A8BF0146DB
:10900000BEF1000F04D117EE100A98425BD0E6467D
:1090100089F800E01BB209B2A352009B7980534447
:109020000093019B01369E4238D0009B95F839C0D1
:1090300008EB5302029B92B203EB8202A718A35ED5
:10904000B7F90210BCF1000F95D00398B0F800C03A
:109050000CF01F0E0EF1300E03FB0EFE4FEA9C23A8
:10906000203BCCF3441C01FB03F3BEF1000F0CF1D9
:10907000300C01FB0CFCB8BF0EF13F0E002BB8BF4B
:109080001F334FEAAE1EBCF1000F0EEB6313B8BFE7
:109090000CF13F0C1BB24CF38F116CE7DDE9059727
:1090A000099B049A1F44D31A04930A9B09F10109EE
:1090B00099457FF415AF286843680DB0BDEC048B6B
:1090C000BDE8F04F184717EE900AB0EB010E18BF3D
:1090D0004FF0010E9CE71836B6B2049B054AA2FB7E
:1090E00003016FEA11110EE70026F6E70000803752
:1090F000ABAAAA2AABAAAAAA0080FFFF2DE9F041D9
:10910000174F1D467B6913B1BDE8F0411847FB6856
:109110004FEA4208002AF7D08F1EA8F10204064643
:109120008E460C443A4632F802CF9CFA9CFCA2428E
:10913000A2F800C0F7D142467146304698470DB9B3
:10914000BDE8F08137F8023F5BBAA7423B80F7D019
:1091500037F8023F5BBAA7423B80F3D1F0E700BF8C
:109160002004002000B583B041F4A04101239446BF
:109170004FEA124EADF80010ADF802300422002381
:109180006946ADF804E0ADF806C0FFF7B7FF03B0DD
:109190005DF804FB10B50E4C8C461146228803F195
:1091A000020EB2EB4E0F06D223690A4A0A49BDE805
:1091B000104000201847013B4CF4A04C4B802EF08F
:1091C0000042A1F800C0BDE81040002396E700BFB0
:1091D00020040020F0990108608C01082DE9F04F6F
:1091E0009846174BDFF85CB01F8883B0043A043F01
:1091F00052087F0897420C9E0190894628BF174667
:1092000001F1040A0025741BBC4228BF3C4645EA14
:109210000B02631E08EB4501A9F80020A9F80230F3
:109220006200504606F0BEFB254401980023A21CB4
:109230004946FFF763FFAE42E5D803B0BDE8F08FC3
:109240002004002000C0FFFF2DE9F04F02EBC30710
:1092500087B07B88DDF84090EBB1824688460026D7
:109260004D467B6853F82640C4F30170012815D0A1
:1092700002282ED020BBC4F34459012303FA09F37A
:109280009D422FD32E4A2F4916692F4A013BCDE923
:109290000053A3B2B04707B0BDE8F08FA3B21946A0
:1092A00058F8232022F00F0215B1C4F303442243DF
:1092B0005046FFF757FF7B8801369E42D1D3EAE73D
:1092C0001F4B224A1B691F49002007B0BDE8F04F21
:1092D0001847A3B2194658F8232022F00F02002D98
:1092E000E6D1E2E71FFA84FB4FF00103ADF80E3040
:1092F0004BF42043ADF81000CDF81200ADF80C305F
:1093000003A9504601230522FFF7F8FEC9F1200901
:10931000BDF81220BDF814304FF0FF30C4F3044400
:1093200020FA09F0A04043EA024323EA000305FAC9
:1093300004F4594643EA04025046FFF713FFBAE724
:109340002004002074950108109A0108489A010829
:10935000704700BF2DE9F04FADF5137D06460C4672
:10936000154600214FF4E27221A89A4606F046F90C
:109370003C22002112A806F041F99D9B93F8C521DB
:1093800062B16D4B6D4A1B696D49002098474FF0E3
:10939000000840460DF5137DBDE8F08F05AF00973E
:1093A0000AAB21AA29462046FEF752FB0028EED040
:1093B00094F85B2039460AA812ABFDF797F880466F
:1093C0000028E4D09E995F4BBDF85A20D3F8447131
:1093D0000A809F99BDF85E200A8014228DF81C2017
:1093E00007220896099247B1D3F84C314FF4E27244
:1093F00021A907A8B8470028C9D007AB0DF1120270
:109400009D9821A9FEF776F8BDF81C20BDF8123012
:109410009A4206D29D9B2246294621A8FEF7CAF809
:10942000B7E743F2370307930023ADF82030032258
:10943000012307A93046FFF761FEBDF8203013F085
:10944000C00310D1ADF8203043F23103079303225B
:10945000012307A93046FFF751FEBDF820204AF648
:10946000C0439A425BD19D9807AB0DF1120221A92E
:10947000FEF740F8BDF81290BDF81CB0D94508D9E8
:10948000314B0793304607A900230222FFF736FE2F
:10949000C0E729499C9A0988CDF808804FEA5A0309
:1094A00049088B4228BF0B460BF10201023BA1EB9E
:1094B000090123F0010389B28B4228BF0B46043215
:1094C000AA469FB2904603941D4604E0B9441FFA91
:1094D00089F9D94511D807AB4A46414621A80795D5
:1094E000FDF782FD04460028F0D0079B9C9A4FEAC6
:1094F00059013046FFF74EFEE8E7134B07935546F8
:109500003046A24607A900230222DDF80880039C0A
:10951000FFF7F4FDBAF1000F3FF439AF7AE70B4BD8
:109520001B78002B3FF433AF034B094A1C690949F0
:1095300033460120A0472AE720040020709A010842
:10954000088C0108180000208010010094040020FD
:10955000B09A0108D49A010870B5FEB04FF4E272D7
:1095600004460D460DA8002103AE06F047F800960C
:109570000DAA05AB00212046FEF76AFA08B97EB0B5
:1095800070BD94F85B202B46314605A8FCF7AEFF72
:109590007EB070BDF0B583B043F21C02009201238F
:1095A0000E460024032269460746ADF80440FFF743
:1095B000A5FDBDF8043013F4006517D141F21B047A
:1095C0002B46694638460222009446F40066FFF7AF
:1095D00095FD38462B4669460222ADF80040ADF8AD
:1095E0000260FFF78BFD012003B0F0BD044B054A7C
:1095F0001D69054920463B46A847204603B0F0BDFB
:1096000020040020EC9A01081C9B0108F0B50129F8
:1096100083B00546144621D0022909D01B4B1C4AB1
:109620001C691C4903460020A047002003B0F0BD80
:1096300043F2460384270026ADF800302846012374
:1096400003226946ADF80260ADF80460FFF756FDED
:10965000BDF8040030B164B90120E7E743F24503E7
:109660008327E8E7094B0C4A1C690A492B46A047A7
:10967000DBE747F480573346694628460222ADF8B7
:109680000070ADF80260FFF739FDE5E72004002027
:10969000349B01081C9B0108509B0108F0B501296F
:1096A00085B00646154631D0022924D143F2320353
:1096B00001240027ADF808300322012302A9304617
:1096C000ADF80A70ADF80C70FFF718FDBDF80C305E
:1096D0006B8003F00702012A2A8027D013F00600CE
:1096E00018D11649164A0C6916490096A04700245D
:1096F000204605B0F0BD114B134A1C6911490346C1
:109700000020A0474FF440530024D2E743F2330334
:109710000C46CEE7023A012AEAD9084A00961469B3
:1097200008490A4A3846A0472F80E0E70349084A1B
:109730000C69044900963846A047D8E72004002069
:10974000849B01081C9B0108349B0108E89B0108CD
:10975000B49B010810B582B001AA01210446FFF7AD
:109760009DFF002201212046FFF750FFBDF8043085
:10977000022B08D00549064A0C6906490020A0477B
:10978000002002B010BD012002B010BD2004002056
:109790001C9C0108649C0108F0B583B04FF4405252
:1097A0000023194E0092ADF804300C460123032229
:1097B00069460546FFF7A2FC3368BDF8047073B133
:1097C0001B681248984733684BB15B6910482946BB
:1097D000984733681BB15B690C483946984727F0B6
:1097E0000F0341F2102293420CBF0125002507D040
:1097F00034B9084B084A1E6908493B462046B04721
:10980000284603B0F0BD00BF9C040020849C0108E2
:10981000C08D0108200400208C9C01081C9B0108BD
:109820002DE9F04383B01D4643F440534FF0000848
:10983000BDF82840ADF80030894616466946012338
:10984000032245F480550746ADF80280ADF8048048
:10985000FFF754FCADF80050BDF9045004FA09F4C8
:109860006C4004EA060255404346694638460222E7
:10987000ADF80250FFF742FC03B0BDE8F08300BF33
:1098800030B583B00025294600957B23FF2204468E
:10989000FFF7C6FF0121009120468B230222FFF72C
:1098A000BFFF8B238022009507212046FFF7B8FFDA
:1098B00003B030BD70B582B043F23702002300928E
:1098C000ADF804300322012369460546FFF716FC74
:1098D000BDF8043013F0C00F19D143F21C0201236C
:1098E00000920024694603222846ADF80440FFF7A1
:1098F00005FCBDF804301B0515D50E4B0E4A1E693C
:109900000E4920462B46B047204602B070BD0C4B96
:109910001B78002BE1D0074B0A4A1C6907492B46EC
:109920000120A047D9E72846FFF7AAFF012002B08F
:1099300070BD00BF20040020D89C01081C9B0108BA
:1099400094040020AC9C01082DE9F04FADF5137D87
:109950000C46154600214FF4E27206460DF114083C
:1099600021A81F4605F04AFECDF800800AAB21AAC7
:1099700029462046FEF76CF830B94FF00008404603
:109980000DF5137DBDE8F08F94F85B2041460AA8E1
:1099900012ABFCF7ABFD0028EFD09E99364BBDF81B
:1099A0005A20D3F844810A809F99BDF85E200A802E
:1099B00014228DF81C20072208960992B8F1000F96
:1099C00007D0D3F84C31042221A907A8C0470028AA
:1099D000D3D02A4B3046B3F80080FFF76BFF002846
:1099E00042D04FEA58087B08434528BF4346023B14
:1099F00023F0010B9C9B0394043398462B461FFADB
:109A00008BFA5D464FF000099B4600E064B34A467E
:109A100007AB414621A80795FDF7E6FA4FEA590141
:109A2000D144079B9C9A04461FFA89F93046FFF7F8
:109A3000B1FBB9F51E6FE9D3A046039CB8F1000F46
:109A400012D080239C9900933A4630460C4BFFF786
:109A5000C5FB21A89D9B22465946FDF7ABFD40461C
:109A60000DF5137DBDE8F08F044B064A1B690649CE
:109A70000020984781E700BF180000202004002044
:109A8000444E0108089D0108088C010870B5094E74
:109A9000736805469847044628B12A46002105F018
:109AA000ADFD204670BD3369034A044998472046FE
:109AB00070BD00BF20040020448D01081C9D0108DA
:109AC00070B483B02C4D046800238DF803302B68EC
:109AD0002E68C3F164031A44284B1B6803EB83030D
:109AE000C3EBC3031B0D02FB03F301930FE0B1F5BE
:109AF000C06F05D1237BDBB28DF803309DF80330B6
:109B00002B689B1B934209D2019B2BBB1A46A3686F
:109B10000B40ECD1184603B070BC704763684268D4
:109B200023F0E003B2F5827F636019D0836AB3F556
:109B3000005F07D1236823F400532360236843F4B4
:109B4000005323600122002380F85D2080F85C3000
:109B5000032003B070BC7047019B013B0193D6E723
:109B60008368B3F5004F02D0B3F5806FDED1236870
:109B700023F040032360D9E71C04002000000020EC
:109B800030B4284C284B22681B682568C2F1640257
:109B9000114482B0C3F3CB3301FB03F3026801939A
:109BA000936813F0800328D023685B1B994206D981
:109BB000019B33BB936813F080031ED02368536866
:109BC000416823F0E003B1F5827F53601DD0836AC2
:109BD000B3F5005F07D1136823F4005313601368D3
:109BE00043F4005313600122002380F85D2080F8C5
:109BF0005C30032002B030BC7047184602B030BC65
:109C00007047019B013B0193CAE78368B3F5004F9E
:109C100002D0B3F5806FDAD1136823F040031360EC
:109C2000D5E700BF1C0400200000002030B41D4D0B
:109C300095F82030012B31D029680220CA2385F8FD
:109C4000210001224B6253234B6285F820208B6850
:109C5000154823F480738B608B6823F480538B60EA
:109C6000046804E00268121BB2F57A7F0DD8CB6855
:109C700013F00103F6D00020FF2201234A6285F889
:109C8000200085F8213030BC70470320FF224A6253
:109C900085F8203085F8210030BC7047022030BCA8
:109CA000704700BF700700201C0400202DE9F04F12
:109CB000DFF8C09000234FF0010A0F274FF09045C6
:109CC0005E00032101FA06F603F007018900DA08B5
:109CD00003F003040AFA03FE07FA01FC23F0030170
:109CE000920001F18041A4001EEA000802F19042B6
:109CF00001F5803103F1010307FA04F434D0D1F8FF
:109D000008B01BEA040F1CD1D9F800B02BEA080BED
:109D1000C9F800B0D9F804B02BEA080BC9F804B0B0
:109D2000D9F80CB02BEA080BC9F80CB0D9F808B078
:109D30002BEA0808C9F80880D1F8088028EA04044A
:109D40008C60296831432960116A21EA0C01116293
:109D5000AA6822EA0602AA606A6822EA0E026A601B
:109D6000EA6822EA0602EA6030FA03F2A8D1BDE806
:109D7000F08F00BF000401402DE9F04F264C87B062
:109D80000026CDE90466B4F800808946002B3DD05A
:109D90004FEA5808CDE90102A8F104080D461F4614
:109DA0004FF4004BB246039325E0029BA5F800B0A8
:109DB00033446B80631EAB80A5F806A062000021CF
:109DC00005F1080005F01AFC294601980123221D1F
:109DD000FFF794F904AA134603CA26446960286071
:109DE00009EB460559F81600696803C3039B9E42B8
:109DF000A7EB04070AD2B845444628BF3C46B845FD
:109E0000D3D200E0013CE307FCD4CEE709F108001F
:109E100007B0BDE8F08F00BF200400202DE9F04F0F
:109E20002DED028BADF2244D804603931B788A46BC
:109E300093460A2B13D8DFE813F023000B00AE0083
:109E4000990138022F03E7035C05D305550623006B
:109E5000FFF780FC002841F00680039B1B78A94E89
:109E60003569A94AA94900200026A8473346039A24
:109E7000304613700DF2244DBDEC028BBDE8F08F1F
:109E8000DDF85004EC22002105F0B8FBA04BDFED1B
:109E9000A15AD3ED007ADFEDA06AF8EE677AB6EE4C
:109EA000006A85EEA77AF4EEE67A37EE067AF1EEEE
:109EB00010FABCEEC77A17EE103A9FB200F35B8738
:109EC0009FED967AF4EEC77AF1EE10FA00F153871F
:109ED000A7F1100292B2EF2A41F2DA819FED907A57
:109EE000DFED906A874E77EE877A356937EE877AAD
:109EF000BCEEE78ABCEEC77AB8EE477A37EEC77A8F
:109F000027EE267AFCEEC78A874B884A8849CDED32
:109F1000018A8DED008A0020A8470027854D2B6817
:109F2000002B32D01B68844898472B68002B2CD01C
:109F30005B69824841469847DDF850242B68B2F8A7
:109F4000E21013B35B697E489847DDF850242B6814
:109F5000B2F8E410CBB15B697A489847DDF8502439
:109F60002B68B2F8E61083B15B6977489847DDF853
:109F700050242B68B2F8E0103BB15B6973489847F6
:109F80002B6813B11B6872489847002F41F0B280CC
:109F9000039B1B7864E7FFF7DDFB069000283FF486
:109FA0005CAF4123002251464046FFF7E5FE614D7C
:109FB000038C04932B6806464BB1DB685A4965480D
:109FC00098472B681BB15B6A1021304698470022E6
:109FD000A6F10209059217464FF6FF70531E03FBC8
:109FE00003F3C3EBC303590001F5167CC83B39F9F1
:109FF000021F002A00F0258739F902EC01F57A7476
:10A00000A1EB0E019942FFF628AF61453FF725AF5E
:10A0100084EAE473A3EBE4739BB2984204D9910001
:10A0200089B2069F059118460132102AD6D1002F19
:10A030003FF413AF059B83F0300306932B68002B8E
:10A0400001F00582069C5B69434821469847DDF88C
:10A0500050349C802B6806F12209D3B11B683F481D
:10A0600098472B68ABB15B693448414698472B68E9
:10A070007BB1DB682C493A4898472B684BB11B6A87
:10A080004846302198472B681BB15B6935480499D5
:10A090009847738C05931A46B6F880309B1AB3F52F
:10A0A000FA6FFFF6DAAE304A1B04A2FB03235B090A
:10A0B000002006F12009102206464FF6FF7C9E463E
:10A0C00008E0A14238BF0027013292B2402A704412
:10A0D00001F06A81059B39F8021F03EB1044049BD1
:10A0E000CB1A002BB8BF5B429BB2634538BF9C467E
:10A0F00004F5487338BF16468B4201F54871E0D22B
:10A100000027E1E720040020ACA10108D0A101084C
:10A110000C050020F902154F8096984C8096984BBC
:10A12000BD37063500247449749201082C9D01083E
:10A13000589D01089C0400205C9D0108C08D010809
:10A140006C9D01087C9D0108889D0108949D010873
:10A15000A49D0108089E0108289E0108349E01085C
:10A160004C9E0108609E0108ABAAAAAAFFF7F2FA6A
:10A1700000283FF472AE2023684D5146002240462D
:10A18000FFF7FAFD2B6806467BB15B6964484146E0
:10A1900098472B684BB1DB686249634898472B6846
:10A1A0001BB15B6A202130469847B6F90020B446BF
:10A1B00017460121002014463CF9022F02F548738E
:10A1C0001B1B9BB2B3F5C86F3FF647AEBA42A8BFA0
:10A1D000084601F10101A8BF17462029EBD1072845
:10A1E00041F281801728A0F1070341F24981D3F1A0
:10A1F000200241F07B8048AB0493049830A9FCF71F
:10A200001DFC00283FF429AE9DED306AB5EE406A92
:10A21000F1EE10FA3FF421AE9DED317AB5EE407AC1
:10A22000F1EE10FA3FF419AEDDED326AF1EE666A36
:10A23000C6EE877AF5EEC07AF1EE10FAFFF60DAEB3
:10A24000B1EE477AC7EE066AF5EEC06AF1EE10FA93
:10A250007FF503AEB7EE007A77EE877AFCEEE77A09
:10A2600017EE906AB3B23F2BC6F34E063FF6F5AD3C
:10A270002B6886F01006002B01F0D7805B692B4815
:10A2800031469847DDF850242B68D68013B11B68FF
:10A290002748984740F215314046FFF77BF90646BC
:10A2A0000423002E7FF4E3ADD7E5FFF753FA00282F
:10A2B0003FF4D3AD5023194D002251464046FFF7DD
:10A2C0005BFD2B6806467BB15B69154841469847A4
:10A2D0002B684BB1DB681349164898472B681BB1B4
:10A2E0005B6A502130469847DDF85024CDF818803D
:10A2F0000A32CDE907ABB31E049230220595904691
:10A300001D46DFF83490002047F6FF762C464FF6C6
:10A31000E473844683464F46B24619E09C0400200D
:10A32000C08D010874920108909E0108B49E010836
:10A33000C09E0108D49E01080080FFFF964200F1F4
:10A340000100C4BFF4461646083308289BB21AD051
:10A3500034F9022F0FFA83FE48B134F8021C511A67
:10A3600009B28A45A8BF8A468F42B8BF0F46002A65
:10A37000E4DA914500F10100BCBFF3469146083391
:10A3800008289BB2E4D1A7F51C57103FBFB244F692
:10A3900020639F423FF661ADBAF1000F7FF45DADDF
:10A3A00019F5004F47F6FF7300F098879E4200F0C2
:10A3B000F887ACEB0B0CBCF1080F7FF44EADA6EBAD
:10A3C00009064FEAC90393FBF6F3ABEB03030FFA5D
:10A3D00083FCBCF1000FC0F2DA87BCF11F0F3FF71E
:10A3E0003CAD1FFA8CF4A94B83F80D80059B1B68CC
:10A3F0001BB15B69A54821469847049B08F10108F9
:10A4000023F8024F5FFA88F8B8F13A0F049305F188
:10A4100010057FF476AF059DDDF820B02B68DDE9EF
:10A42000068A13B11B689A48984780235A465146BA
:10A4300000934046974BFEF7D1FEDDF85034DDF82F
:10A4400050149B890093CD88934A94490723404632
:10A45000FEF7FAFE904A9149009508234046FEF720
:10A46000F3FE03238C4A8D49009340460923FEF7EF
:10A47000EBFE0623884A8949009340460A23FEF7EB
:10A48000E3FE40F2D6314046FFF784F80646052346
:10A49000002E7FF4ECACE0E4FFF75CF900283FF419
:10A4A000DCAC4FF440737E4D514600224046FFF72E
:10A4B00063FC2B68064653B1DB687A497A489847B3
:10A4C0002B6823B15B6A4FF4407130469847B4461D
:10A4D0000CF5C06308930023059348AB0DF13C0BCA
:10A4E0000493724E724FCDF818B018ABCDE909B88D
:10A4F0000DF1C00A07930DF58E79E0460B95079C88
:10A50000C346BBF902103BF9040BFCF707FA44F809
:10A51000040B5445F5D12FAD2C46C346BBF9621050
:10A52000BBF96000FCF7FAF944F8040F4C450BF155
:10A53000040BF3D1DDE904320DF15C0E9818002113
:10A5400055F8043F5EF8042F9B1AB34240F33C8455
:10A55000A3F5C9237E3BB342FADC002BB8BF5B42B4
:10A560009942B8BF1946A94540F8043BE8D1069B7B
:10A57000491043F8041F0693059B60330593089B1D
:10A5800008F1C0089845BAD1DDE909B800210B9D52
:10A590000A460B465BF8040F9042C8BF194603F108
:10A5A0000103C8BF0246082BF4D110AB0DF1BF0266
:10A5B00053F82160049B01EB410103EB41110DF1C4
:10A5C000D70051F8043BB342ACBF0023012302F88B
:10A5D000013F82421376F4D10020012306460AE0AF
:10A5E0002AB11AF8012C002A04BF1E4601200133AB
:10A5F000302B00F0E5841AF8012F002EF0D0002A4D
:10A6000000F018840130F2E70DF140094FF6FF73B6
:10A61000A9F80030FFF79EF800283FF41EAC254B48
:10A620001F4D1E68244BA3FB0636DDF85034B3F8EB
:10A63000E030B609514603FB06F600224FF44073A2
:10A640004046FFF799FB2B688246002B00F01A87E3
:10A65000DB681449194898472B68002B00F01287D3
:10A660005B6A4FF44071504698472F6848AB1A46D2
:10A670003046049351464B469346FCF7BBFD034BD3
:10A680000590302603F110041CE000BFA401002057
:10A69000EC9E0108444E0108444F0108B86B0108C4
:10A6A0009C04002074920108049F01083F240300C9
:10A6B000C1DBFCFF0C050020D34D6210509F010848
:10A6C0002F68F6B21E772FB17F69DBF800102046A5
:10A6D000B847B74B372E0BF1040B06F10106EFD14B
:10A6E000059800283FF4B9AB2B68B9F80060002B3F
:10A6F00000F0A8865B69AF4831469847DDF85024E2
:10A700002B68568413B11B68AB489847AB49AC4AD9
:10A71000009640460C23FEF797FD404640F2174155
:10A72000FEF738FF00283FF498ABDFEDA66AB7EEDE
:10A73000007A55460AF1C0060AF5D86C30AFA6F18A
:10A74000C0030020B3F9022002FB02F1B3F900209C
:10A75000043302FB02129E421044F3D107EE900A2A
:10A76000F8EEE77AC036C7EEA65AB445B1EEE56A10
:10A77000C7EE067AE7EC017AE1D1DDF85034DFED7F
:10A78000921ADFED920A9FED921A03F188080AF1FE
:10A79000600A18AC38AF049B30A92A46B2F9000011
:10A7A000F1EC016A07EE100AB8EEC77AB2F90200BE
:10A7B00027EE267AB94267EE077A02F1C002C3EDAE
:10A7C000007A07EE900AF8EEE77A32F9600C67EE4D
:10A7D000A67A03F10C0327EE277A67EEA77A03ED3A
:10A7E000027A07EE100AB8EEC77A43ED017A27EE37
:10A7F000267A32F95E0C67EE077AC3ED157A07EE1A
:10A80000900AF8EEE77A67EEA67A27EE277A67EEE7
:10A81000A77A83ED167AC3ED177ABFD10498102278
:10A820002146FCF70BF900283FF417ABD4ED006A82
:10A8300094ED017AF1EEE67AB1EE006A66EE866A90
:10A8400094ED026A67EE075A66EE866AB6EE006A13
:10A8500076EEE56AF6EE085AB1EEE64AC6EE276AEB
:10A8600077EEE57A26EE877A67EEA17A66EE846A5D
:10A87000F7EE004A77EE867A37EE247A76EEE56ACE
:10A88000B3EE0F5A27EE207A66EEA16AF4EEC57A8F
:10A89000F1EE10FA37EE067A76EE866A00F36985F5
:10A8A000F5EEC07AF1EE10FA00F1C485FCEEE77A1D
:10A8B00017EE903A1BB2B4EEC17AF1EE10FA40F303
:10A8C00049856FEA83536FEA9353F3EE0F7AF4EE00
:10A8D000E76AF1EE10FA40F32E8543F478730435FD
:10A8E000AA4528F8023F7FF456AF06460723FFF734
:10A8F000BEBAFEF72FFF00283FF4AFAA1023354D54
:10A90000514600224046FFF737FA2B6881464BB18B
:10A91000DB683149314898472B681BB15B6A1021CD
:10A9200048469847DDF85034B3F88A30002103F0E8
:10A930001F0BC3F3441A9B0A0BF1300B0AF1300AC8
:10A94000A3F120060F4604918E468C4609F10204BD
:10A950000BE0049A9342F44640F25F8496460493D7
:10A960008FB20131082900F05B8439F9213034F9C4
:10A9700021200BFB03F302FB06F0002BB8BF3F3393
:10A98000002802FB0AF2B8BF1F309B11002A03EB1C
:10A990006013B8BF3F321BB242F38F1203FB03F3C5
:10A9A00002FB02336345DCD97345D2D89C46D8E715
:10A9B000A4010020C0920108749F0108B86B01082F
:10A9C000444F010800004042000080420000004265
:10A9D00000007C429C04002074920108909F0108B2
:10A9E000FEF7B8FE00283FF438AA6023354D5146E3
:10A9F00000224046FFF7C0F92B6806464BB1DB68E2
:10AA00003149324898472B681BB15B6A6021304658
:10AA10009847DDF8503403F126073A4656330021B3
:10AA20003046FCF753FB00283FF417AADDF85034FA
:10AA3000DDF85014304603F15806324688338A3127
:10AA4000FCF744FB00283FF408AA2B68002B2CD00D
:10AA5000DB681D491E4898472B6833B35B6A182191
:10AA600038469847DDF850242B68B2F95610E3B108
:10AA70005B69184898472B68BBB1DB6812491648D8
:10AA800098472B688BB15B6A182130469847DDF8F0
:10AA900050242B68B2F988103BB15B690F48984786
:10AAA0002B6813B11B680E48984740F27C41404622
:10AAB000FEF770FD06460923002E7FF4D8A9FFF7A4
:10AAC000CCB900BF9C04002074920108D49F0108F7
:10AAD00000A0010880A001082CA0010874A00108B2
:10AAE0009CA00108FEF736FE00283FF4B6A94FF4FB
:10AAF0009C63B74D514640460022FFF73DF92B6855
:10AB0000064653B1DB68B349B34898472B6823B175
:10AB10001B6A4FF4C071304698470DF13C080DF1A7
:10AB2000400918AB0DF1C00A0027079348AB019705
:10AB30001A46C8F800700493CDF800904346C9F84F
:10AB40000070CAF80070902130461897FCF7DCFBC3
:10AB500000283FF482A9CDE900A7079B049AF021C1
:10AB600006F59070FCF7D0FB00283FF476A9D9F8E1
:10AB70000010DAF80030994A99485B1A03FB02F298
:10AB800000FB01F1120CC2EB5132DDF85014C1F898
:10AB9000BC20D8F8002000FB03F100FB02F2DDF836
:10ABA0005034520BC3F8C010C3F8C4202B683BB319
:10ABB0005B698C489847DDF850242B68D2F8BC10AC
:10ABC000F3B15B6988489847DDF850242B68D2F8C8
:10ABD000C410ABB15B69854898472B6883B11B688B
:10ABE000834898472B685BB1DB687A49814898476E
:10ABF0002B682BB11B6A4FF4587106F540709847CB
:10AC00000027049ACDF8008001970EAB40F21F1187
:10AC100006F20230FCF778FB00283FF41EA9079BE0
:10AC2000049ACDE900934FF490710DAB06F5A8603E
:10AC3000FCF76AFB00283FF410A906F5F060CDE9A7
:10AC4000007A049A3B464FF49071FCF75DFB064690
:10AC500000283FF402A9079B0D99D3F800E00E9B52
:10AC6000DAF80000D8F800C0D9F80070DFF8708179
:10AC7000DFF8BCA1604ADDF85044A3EB01095F4B4B
:10AC8000A0EB0E00A7EB0C0700FB03F307FB02F29F
:10AC900008FB0EFE0AFB09FA1B0CC3EB5E3308FB34
:10ACA0000CFC08FB07F74FEA1A4A120C08FB01F1EB
:10ACB000C2EB5C32CAEB5131C4F8D83008FB00F06B
:10ACC00008FB09F3C4F8D4704D4FC4F8CC30C4F875
:10ACD000D020C4F8DC00C4F8C81004F1FF3C04F133
:10ACE000EB0E4FF0FF331CF8012F0820534043F3C5
:10ACF00000023A40013882EA5303F8D1E645F2D126
:10AD0000DDF85024DB43C2F8EC302B68002B2FD049
:10AD10005B693C489847DDF85034D3F8CC102B6879
:10AD200033B35B6938489847DDF85034D3F8D01016
:10AD30002B68EBB15B6935489847DDF85034D3F8A0
:10AD4000D4102B68A3B15B6931489847DDF85034C3
:10AD5000D3F8D8102B685BB15B692E489847DDF8B3
:10AD600050242B68D2F8DC1013B15B692A4898474D
:10AD70000A23FFF77CB89FED297ADFED296A294E77
:10AD8000144B294A294977EE877A002037EE877AD3
:10AD9000BCEEE78ABCEEC77A8DED008AB8EE477A42
:10ADA000103F37EEC77A27EE267AFCEEC78ACDED44
:10ADB000018A3569A847EF2F7FF6AFA83569FFF7FD
:10ADC000A3B803F5C9237E33BB42FADBFFF7C5BB4B
:10ADD0009C04002074920108B4A00108A82A040071
:10ADE000AA0A0100C8A00108DCA00108F0A001081F
:10ADF00000A1010818A10108A64A07004E750B0022
:10AE00002083B8ED2CA1010840A1010854A101083C
:10AE100068A101087CA1010894A10108BD3706358D
:10AE200000247449200400202C9D0108589D01082D
:10AE3000541502000B2800F2C38010461646FFF797
:10AE4000D6BB01F57A73002BB8BF5B429BB2984228
:10AE500002D80122FFF7C2B818460023069F0593C7
:10AE60000122FFF7BBB843F23203002548930322C7
:10AE7000012348A94046ADF82451FEF73FF92A4680
:10AE8000514612234046BDF824718C4DFEF774FFE5
:10AE90002B68B0F800B0B0F802A006460436ABB19B
:10AEA0005B698748414698472B687BB15B69854859
:10AEB000514698472B684BB1DB68834983489847D4
:10AEC0002B681BB11B6A1021304698470023994616
:10AED0004FF6FF7147FA03F2D2070CD536F813206C
:10AEE000A2EB0A02002AB8BF524292B28A423CBF89
:10AEF0001FFA83F911460133102BEBD109F1FF330F
:10AF00000D2B3EF6AAAF09F10043013B06EB4300CF
:10AF100036F81320438841F28731D21A8A427EF7ED
:10AF20009CAF4FF6FF7297423EF497AF82889B1A10
:10AF30008B427EF792AF40F2E51303FB0BF31B0C41
:10AF4000A3F589731AB21433C0F2A1822C2A40F3FC
:10AF50009C824F2ACCBF042603262B68ABB15B69C9
:10AF60005B48594698472B687BB15B69594839461D
:10AF700098472B684BB15B695748494698472B68FF
:10AF80001BB15B69554831469847DDF85034544A47
:10AF90009E84A3F800B0A3F802905249CDF8009027
:10AFA00025234046FEF750F940F233214046FEF794
:10AFB000F1FA06460223002E7EF459AFFEF74DBF8C
:10AFC000A0F10C03082B3EF648AF06EB5006172EF7
:10AFD00002D9183E172EFCD82B68002B00F02D82CA
:10AFE0005B69414831469847DDF850142B68B2B28E
:10AFF0000A812BB11B683D489847DDF850341A8907
:10B0000093009BB203F13005ADB25F2D40F2088290
:10B01000374AA2FB0512920902EB4202A5EB42124B
:10B0200092B200271D46B946134601262C4A2D49E7
:10B03000009340462123FEF707F9294A2949009544
:10B0400022234046FEF700F90325254A25490096AC
:10B0500001234046FEF7F8F8214A224900950223D1
:10B060004046FEF7F1F81E4A1E49CDF800902B46E7
:10B070004046FEF7E9F81A4A1A4900970423404669
:10B08000FEF7E2F8164A1749009605234046FEF7F8
:10B09000DBF80023124A1349009340460623FEF7CB
:10B0A000D3F840F2ED314046FEF774FA0646062327
:10B0B000002E7EF4DCAEFEF7D0BE00BF9C04002064
:10B0C000C08D0108B49D010874920108C09D01085B
:10B0D000DC9D0108E89D0108F09D0108FC9D010828
:10B0E000444F0108B86B0108289F0108349F0108EC
:10B0F000ABAAAAAA40463588FEF7DCFB00283EF43E
:10B1000047AF4FEA5B0C6D08AC4528BFAC46ACF1CD
:10B11000020C2CF0010C0AF10403CDF8148040F667
:10B120004C3904931FFA8CFB0025E046C5F53463C7
:10B130000C33984594BF5C464C466F0860084FEA54
:10B1400087010CD0C54B0AEB80001944534651F8D7
:10B15000042BDA80120C9A8004338342F7D1DDF895
:10B1600050340498B3F8E23001931C230093224634
:10B17000BB4B2946FBF738FB00283EF409AFDDF84E
:10B1800050340498B3F8E43001931A230093224614
:10B19000B34B2946FBF728FB00283EF4F9AEDDF857
:10B1A00050340498B3F8E63001931B2300932246F1
:10B1B000AB4B2946FBF718FB00283EF4E9AEDDF85F
:10B1C00050340498B3F8E8300193192300932246D1
:10B1D000A34B2946FBF708FB00283EF4D9AE2346D3
:10B1E0000598394652465D44FDF7D4FFADB240F6AE
:10B1F0004B33A9EB0B099D421FFA89F996D9DDF86B
:10B2000014804FF4AE714046FEF7C4F906460123A0
:10B21000002E7EF42CAEFEF720BE9E46FFF7A1BBAB
:10B22000049BBCEB530FBEF418AE2B68002B00F050
:10B23000F3805B698B4839469847DDF850242B68CA
:10B24000178413B11B6888489847854A834900973B
:10B250000B234046FDF7F8FF0023814A7F49009306
:10B2600040460923FDF7F0FF7E237D4A7B4900938A
:10B2700040460A23FDF7E8FF40F253414046FEF7FF
:10B2800089F906460823002E7EF4F1ADFEF7E5BDF0
:10B2900077EEC77ADFED756A9FED757A67EEA67A6D
:10B2A0003F2F77EE877AFCEEE77A17EE903A9BB263
:10B2B00062D800212F2F88BF3A460846DDF8504457
:10B2C0006C4EA4F8E070A4F8E830A4F8E210A4F8FA
:10B2D000E420A4F8E6000127FEF720BE9E427FF49A
:10B2E00078A8FEF7BABD00F10802002348A9D018DB
:10B2F00006EB4000049106EB430607EE903A36F960
:10B30000024BF8EE677AB042C1ED027A07EE904A3E
:10B31000F8EEE77A03FB03F4C1ED007A07EE904AFA
:10B32000F8EE677A03F10103C1ED017A01F10C0136
:10B33000E3D1FEF762BFF5EEC06AF1EE10FA3FF519
:10B34000CEAAFCEEE66A16EE902A43EA42131BB23E
:10B35000FFF7C5BAB5EEC07AF1EE10FA3FF5B5AA1F
:10B36000BCEEC77A17EE102A43EA82231BB2FFF71E
:10B37000ACBA1F23FFF79FBABF2F96BFA7F14002B9
:10B38000FA08C2F3CF0207F00700012196E7CCF1DB
:10B390000004A4B21F2C3EF660AD44F02004FFF779
:10B3A00022B8DC46FFF715B8002F3EF456AD2B68E7
:10B3B0001BB15B69304831469847DDF850345E81F7
:10B3C0002B6813B11B682D489847012300934FF455
:10B3D0007E535A465146ADF82031404648ABFDF702
:10B3E000FDFE1F4A1D49009626234046FDF72CFF0F
:10B3F000069B1B4A1949009340462423FDF724FF6E
:10B4000040F2C6214046FEF7C5F806460323002E4B
:10B410007EF42DADFEF721BDDDF850341F8414E716
:10B4200003274FF00109002600E6DDF85034DE80E6
:10B43000FEF730BF0023FFF73EBADDF85034B2B25A
:10B440001A81DDE5DDF850345E84FFF75FB9DDF881
:10B450005034069A9A80FEF71CBE00BFB86B0108F4
:10B46000444F0108D0920108B49F0108E8385BB549
:10B4700000007C42200400206C9E0108789E010898
:10B480000F2233E70027FFF7F1B8022665E5012612
:10B4900063E500BF70B5504C504A94F8203000214D
:10B4A000012B11707FD02368022184F82110CA215A
:10B4B00059620120532184F820005962996821F4CF
:10B4C00080619960D968C9B261F49061D960D96826
:10B4D00049066AD51F2159619968414821F0070141
:10B4E00041F003019960016841F4801101608168B5
:10B4F00041F480118160996841F4804199609968B4
:10B5000041F480619960FF200121586284F8211084
:10B510001178002384F8203000295AD172B6BFF385
:10B520004F8FBFF36F8F137803B930BF62B6BFF38D
:10B530004F8FBFF36F8F1378002BEFD094F820302C
:10B540000021012B11702ED02168264D0220CA2324
:10B5500084F8210001224B6253234B6284F820209F
:10B560008B6823F480638B608B6823F480438B604B
:10B57000286804E02A68121AB2F57A7F0CD8CB68E2
:10B5800013F00403F6D0FF2001230022486284F860
:10B59000202084F8213070BDFF200322486284F807
:10B5A000203084F82120F9F71DFF0E4D2E68D96850
:10B5B00011F004018ED12868801BB0F57A7FF6D98E
:10B5C000FF200322586284F8212084F82010F9F724
:10B5D00009FF1370B8E700BF70070020A007002024
:10B5E000000401401C04002088B32DE9F8430E46F6
:10B5F00051B3144642B39042054625D0084600F0A8
:10B600000FFEDFF8589000F10108D9F800304046ED
:10B6100098470746C0B13146424604F0C3F9E36893
:10B6200023F400769B0504D4206A10B1D9F80430C5
:10B630009847AB682762E6605BB15A6812B1146044
:10B6400062605C60012000E00020BDE8F88300201B
:10B650007047AC60C4E90034F4E700BF0400002088
:10B6600030B4104D2A68D06810F0400002D000209D
:10B6700030BC70470C494FF0FF33D3600C68D3687F
:10B680005B06F5D4032803D1F2E7D3685806EED45D
:10B690000B681B1BB3F57A7FF7D9032085F82100CF
:10B6A000EDE700BF700700201C04002008B5114B17
:10B6B000DA6822F08002DA609A68920603D4FBF717
:10B6C0005FFF88B908BD9A6822F020029A60FBF7F4
:10B6D00057FF18B1084B032083F82100054A9368EF
:10B6E00043F02003936008BD034B032083F821003F
:10B6F00008BD00BF0028004070070020F0B5624C74
:10B7000094F82030012B00F0BC8021680223012234
:10B7100084F8202084F821308B6813F0400C18BF87
:10B7200090F803C003780CBF80F803C04FEA8C5C2C
:10B73000092B09D900220A3BDBB2092B02F10102D5
:10B74000F9D843EA0213DBB21A044378092B09D96A
:10B7500000250A3BDBB2092B05F10105F9D843EAC4
:10B760000513DBB28678092E4FEA032309D9002599
:10B770000A3EF6B2092E05F10105F9D846EA05158B
:10B78000EEB290F824E0BEF1090F0DD90025AEF11C
:10B790000A0E5FFA8EFEBEF1090F05F10105F6D81B
:10B7A0004EEA05155FFA85FE4569076A3D4345EA9D
:10B7B0000C052A431343334343EA0E624668C369C8
:10B7C0001E43836ACA20486253204862B3F5807FD3
:10B7D0008B6838D023F400738B60CB682B48DBB2C6
:10B7E00063F42073CB60056804E003685B1BB3F56A
:10B7F0007A7F1ED8CB689B07F7D50A628E648B6868
:10B8000043F400738B608B6843F400538B60204BD0
:10B810001A68002042F4802284F820001A609A6896
:10B8200042F480229A60FF2201234A6284F8213088
:10B83000F0BDFF2203234A6284F82130002384F8FC
:10B8400020300320F0BD23F480738B60CB680F4859
:10B85000DBB263F4C073CB60056804E003685B1B74
:10B86000B3F57A7FE5D8CB68DF07F7D5CA614E64B8
:10B870008B6843F480738B608B6843F480538B60D8
:10B88000C5E70220F0BD00BF700700201C040020A7
:10B89000000401402A4A03460068904270B43BD835
:10B8A000284A2949294C0244A1FB0212120992009C
:10B8B000022183F8251001689D681C646FF30E1146
:10B8C0005A64016059690668294331439E693143CE
:10B8D00041F08001B5F5804F016014D0596802F045
:10B8E0001C020F2090409140184A94426FEA0000D9
:10B8F0001BD0D2F8A8442040C2F8A804D2F8A8046B
:10B900000143C2F8A81400200122D86383F8240060
:10B9100083F8252070BC70470D4A0B490D4C02443A
:10B92000A1FB021212099200C2E7D4F8A82002403B
:10B93000C4F8A820D4F8A8201143C4F8A810E2E75E
:10B9400007040240F8FFFDBFCDCCCCCC0000024084
:10B95000F8FBFDBF0004024070B506680546F469B7
:10B9600031EA040405D0581C05D1F36931EA030318
:10B97000FBD1002070BD16480068801A834219D39D
:10B98000C3B130684407EAD58029E8D04029E6D021
:10B99000F46914F008040FD1F0690005DFD54FF405
:10B9A000006333622846FAF70FFB2023C5F8843082
:10B9B00085F87840032070BD082428463462FAF7E1
:10B9C00003FB002385F878300120C5F8844070BD62
:10B9D0001C040020134BDB68C3F30223C3F1070CE4
:10B9E0001A1DBCF1040F28BF4FF0040C062A88BFB3
:10B9F000DA1E4FF0FF3303FA0CF398BF002221EA5E
:10BA0000030393401B01421CDBB206D000F16040EF
:10BA100000F5614080F800337047024A82F8233015
:10BA2000704700BF00ED00E070B53D4CD4F8805089
:10BA3000202D02D1024600B101B970BD2568394BF5
:10BA400000209D42206613D06B681B0210D555E87C
:10BA5000003F43F0806345E8003040B1256855E879
:10BA6000000F40F0806045E80003002BF6D1256808
:10BA7000606F626500232226C4F88430A4F8581051
:10BA8000C4F8806068B183630B462749C1622749C7
:10BA900001632749416305F12401FAF751F80028B1
:10BAA00036D1236983B155E8003F43F4807345E8FC
:10BAB000003242B1226852E8003F43F4807342E80A
:10BAC00000310029F6D1256805F1080353E8003F4D
:10BAD00043F0010305F1080141E800325AB1226840
:10BAE00002F1080353E8003F43F00103083242E843
:10BAF00000310029F3D1226802F1080353E8003F26
:10BB000043F04003083242E800310029F3D194E7C2
:10BB100010222023C4F88420C4F8803070BD00BFF8
:10BB20009003002000800040CD070008790800083D
:10BB30000564000830B43A4A116851E8003F23F424
:10BB4000907341E800300028F6D1116801F1080334
:10BB500053E8003F23F00103083141E8003000289A
:10BB6000F3D1136E012B36D013689968490625D599
:10BB700003F1080151E8001F21F04001083343E8B8
:10BB8000001058B1116801F1080353E8003F23F099
:10BB90004003083141E800300028F3D1516F61B112
:10BBA00091F825300020022B88631ED00423CB633C
:10BBB000CB6B81F82400202B2ED013680F21196243
:10BBC0009969202441F0080100209961C2F8804061
:10BBD000106630BC7047116851E8003F23F0100335
:10BBE00041E800300028F6D1BEE70B680D6C1C68F8
:10BBF00024F001041C601C6824F00E041C604B6CD3
:10BC0000012403F01C0304FA03F36B60136881F84A
:10BC1000254081F82400D1E71023C2F88430D8E70A
:10BC2000900300202DE9F04F364B1B78012BA3B079
:10BC3000054605D9344B354A1B69354902209847DA
:10BC40003449DFF8C4A0DFF8D890782204A803F0C4
:10BC5000A9FE314A02920023022202A92846FDF7DA
:10BC60004DFA0DF1100BBBF80440BBF80620161975
:10BC7000B44232DA4FF0000805E0624698470134DA
:10BC8000A4B2B44229DA44F44050012302A9ADF829
:10BC9000080003222846ADF80A80ADF80C80FDF7B5
:10BCA0002DFADBF80830BDF80CC021462846002BE1
:10BCB000E3D1144B16491A78012A2B464A464FF015
:10BCC0000200DCD9DBF80070CDE9007C0134DAF841
:10BCD0001070A4B2B847B442D5DB0BF10C0B22AB09
:10BCE0005B45C0D1074B1B78012B08D9064B0B4A8B
:10BCF0001B690749022023B0BDE8F04F184723B065
:10BD0000BDE8F08F9404002020040020E4A1010885
:10BD1000E893010884500108D510010034A20108FD
:10BD200020A20108436870B504461BB1544A196843
:10BD300091422AD0534D544A2B69544900209847C8
:10BD40006368002B40F086802B69514D4E4A4F4965
:10BD500000209847D5ED0E7A0023F5EEC07AF1EE7B
:10BD600010FA94ED0C7A40F383809FED4A6AC6EE98
:10BD7000276AFCEEE67A17EE901A01F57A71B5EEB5
:10BD8000C07AF1EE10FA2ADD1AE093ED157A404DF3
:10BD9000B3F85C30D5ED0E7AB5EEC07AF1EE10FA5C
:10BDA000DBDDF5EEC07AF1EE10FA5EDD9FED396A6B
:10BDB000C6EE276AFCEEE67A17EE901A01F57A7164
:10BDC0004FF47A7202FB03F307EE903AF8EEE77A4B
:10BDD000C7EE876AFCEEE66A16EE903A19442E48E2
:10BDE0002E4A066813691B071ED52C4B186910F0E4
:10BDF00008002DD123682A4A2A49F5F73BFF23681A
:10BE00002A6BC3EB431302EBC30353F8F83C1BB19B
:10BE1000254A196891422ED01A4B244A1B6924499D
:10BE200000209847002070BD03689B1B8B42DCD22A
:10BE300072B613691B0700D430BF62B6BFF36F8FB1
:10BE400013691B07F0D5154B186910F00800D1D005
:10BE5000012070BD0A4A196891427FF475AF0C4DFC
:10BE6000B3F85C30D5ED0E7A77E74FF47A71A7E737
:10BE70004FF47A7183E79868FFF7D4FED2E700BFEA
:10BE80000FB03713200400207C860108748E01084F
:10BE90004404002000007A441C04002000040048F0
:10BEA00070A20108248801080EB037139489010894
:10BEB000C88601082DE9F04F89B00493002900F0ED
:10BEC000888002F003077D1EC2F300130295DFF89D
:10BED000D0B1704C059302F4403500234FF00108B7
:10BEE00003959246019708FA03FC1CEA01066CD000
:10BEF000029F5A0003259540012F6FEA05056BD973
:10BF0000019F032F40F0BA80D0F800C0019F0CEAD7
:10BF1000050C07FA02F242EA0C020260039A002AB8
:10BF200053D0DBF8602042F00102CBF86020DBF850
:10BF3000602023F0030505F1804502F0010205F5BC
:10BF40008035079203F0030C079AD5F808E04FEA12
:10BF50008C0C0F2202FA0CF2B0F1904F2EEA020282
:10BF600015D04D4FB8427BD04C4FB8427FD0DFF850
:10BF700034E170456DD0DFF830E170450CBF4FF013
:10BF8000040E4FF0070E0EFA0CFE42EA0E02AA60F3
:10BF9000A268F5431AF4801F0CBF2A403243A26006
:10BFA000E2681AF4001F0CBF2A403243E260626864
:10BFB0001AF4003F0CBF2A403243626022681AF430
:10BFC000803F0CBF2A4032432260013331FA03F232
:10BFD00089D109B0BDE8F08FD0F80890129F09EA26
:10BFE000050907FA02FE4EEA090EC0F808E0D0F88B
:10BFF00004E0059F2EEA0C0E07FA03FC4CEA0E0C37
:10C00000C0F804C0049FD0F80CE007FA02FC019FBE
:10C010000EEA050E4CEA0E0C022FC0F80CC07FF49D
:10C0200073AF4FEAD30900EB890903F0070CD9F885
:10C0300020704FEA8C0C4FF00F0E0EFA0CFE27EA20
:10C040000E0E139F07FA0CFC4CEA0E0CC9F820C028
:10C050005AE74FF0030E0EFA0CFE42EA0E0296E784
:10C060004FF0010E0EFA0CFE42EA0E028FE74FF07F
:10C07000020E0EFA0CFE42EA0E0288E7D0F80CE03F
:10C08000049F0EEA050E07FA02FC4CEA0E0CC0F8FB
:10C090000CC039E7000401400004004800080048D3
:10C0A00000100240000C00480010004800284BD04F
:10C0B0000268264913688A4223F0010310B4136012
:10C0C00027D9234B23491344A1FB03131B092249FE
:10C0D00001649B0000244364146003F01C030122EC
:10C0E0009A401E4C4A60D4F8A8240F2101FA03F3A9
:10C0F00022EA0303C4F8A8340023C363C0E90B3366
:10C10000C0E90D335DF8044B80F8253080F8243009
:10C110007047134B0F491344A1FB03131B090F492D
:10C1200001649B0000244364146003F01C0301229B
:10C130009A404A60D1F8A8200F2404FA03F322EAB7
:10C140000303C1F8A830D7E7704700BF07040240D7
:10C15000F8FBFDBFCDCCCCCC000402400000024077
:10C16000F8FFFDBF10F8012B11F8013B012A28BF91
:10C170009A42F7D0D01A704700000000000000007B
:10C1800001F0FF01102A2BDB10F0070F08D010F888
:10C19000013B013A8B422DD010F0070F42B3F6D18C
:10C1A000F0B441EA012141EA014122F007047FF0A5
:10C1B00000070023F0E80256083C85EA010586EAFC
:10C1C000010685FA47F5A3FA87F586FA47F6A5FA38
:10C1D00087F68EB9EED1F0BC01F0FF0102F0070244
:10C1E00032B110F8013B013A83EA010313B1F8D1EF
:10C1F0000020704701387047002D06BF35460338D0
:10C20000073815F0010F07D1013015F4807F02BF08
:10C21000013015F4C03F0130F0BC0138704700BF59
:10C22000034613F8012B002AFBD1181A0138704776
:10C2300081F0004102E000BF83F0004330B54FEAD7
:10C2400041044FEA430594EA050F08BF90EA020F44
:10C250001FBF54EA000C55EA020C7FEA645C7FEAD7
:10C26000655C00F0E2804FEA5454D4EB5555B8BFFA
:10C270006D420CDD2C4480EA020281EA030382EA6B
:10C28000000083EA010180EA020281EA0303362DFD
:10C2900088BF30BD11F0004F4FEA01314FF4801CD0
:10C2A0004CEA113102D0404261EB410113F0004FE2
:10C2B0004FEA03334CEA133302D0524263EB430399
:10C2C00094EA050F00F0A780A4F10104D5F1200E37
:10C2D0000DDB02FA0EFC22FA05F2801841F1000192
:10C2E00003FA0EF2801843FA05F359410EE0A5F166
:10C2F00020050EF1200E012A03FA0EFC28BF4CF097
:10C30000020C43FA05F3C01851EBE37101F000454C
:10C3100007D54FF0000EDCF1000C7EEB00006EEB59
:10C320000101B1F5801F1BD3B1F5001F0CD34908E3
:10C330005FEA30004FEA3C0C04F101044FEA44523A
:10C3400012F5800F80F09A80BCF1004F08BF5FEAC1
:10C35000500C50F1000041EB045141EA050130BDA1
:10C360005FEA4C0C404141EB0101013C28BFB1F5B3
:10C37000801FE9D291F0000F04BF01460020B1FAFE
:10C3800081F308BF2033A3F10B03B3F120020CDAD1
:10C390000C3208DD02F1140CC2F10C0201FA0CF0AF
:10C3A00021FA02F10CE002F11402D8BFC2F1200C14
:10C3B00001FA02F120FA0CFCDCBF41EA0C019040CA
:10C3C000E41AA2BF01EB0451294330BD6FEA040413
:10C3D0001F3C1CDA0C340EDC04F11404C4F12002FE
:10C3E00020FA04F001FA02F340EA030021FA04F310
:10C3F00045EA030130BDC4F10C04C4F1200220FA67
:10C4000002F001FA04F340EA0300294630BD21FAA4
:10C4100004F0294630BD94F0000F83F4801306BF6A
:10C4200081F480110134013D4EE77FEA645C18BF5E
:10C430007FEA655C29D094EA050F08BF90EA020FF5
:10C4400005D054EA000C04BF1946104630BD91EAED
:10C45000030F1EBF0021002030BD5FEA545C05D1F0
:10C460004000494128BF41F0004130BD14F580042F
:10C470003CBF01F5801130BD01F0004545F0FE41A3
:10C4800041F470014FF0000030BD7FEA645C1ABFD8
:10C49000194610467FEA655C1CBF0B46024650EA0F
:10C4A000013406BF52EA033591EA030F41F400213B
:10C4B00030BD00BF90F0000F04BF0021704730B5C1
:10C4C0004FF4806404F132044FF000054FF0000196
:10C4D00050E700BF90F0000F04BF0021704730B557
:10C4E0004FF4806404F1320410F0004548BF40422C
:10C4F0004FF000013EE700BF42004FEAE2014FEA81
:10C5000031014FEA02701FBF12F07F4393F07F4F5B
:10C5100081F06051704732F07F4208BF704793F05E
:10C520007F4F04BF41F40021704730B54FF4607471
:10C5300001F0004521F000411CE700BF50EA010274
:10C5400008BF704730B54FF000050AE050EA01021D
:10C5500008BF704730B511F0004502D5404261EB8D
:10C5600041014FF4806404F132045FEA915C3FF4CE
:10C57000D8AE4FF003025FEADC0C18BF03325FEA6B
:10C58000DC0C18BF033202EBDC02C2F1200300FA1C
:10C5900003FC20FA02F001FA03FE40EA0E0021FA41
:10C5A00002F11444BDE600BF70B54FF0FF0C4CF42F
:10C5B000E06C1CEA11541DBF1CEA135594EA0C0FE1
:10C5C00095EA0C0F00F0DEF82C4481EA030621EA1C
:10C5D0004C5123EA4C5350EA013518BF52EA033557
:10C5E00041F4801143F4801338D0A0FB02CE4FF009
:10C5F0000005E1FB02E506F00042E0FB03E54FF039
:10C600000006E1FB03569CF0000F18BF4EF0010E30
:10C61000A4F1FF04B6F5007F64F5407404D25FEA2C
:10C620004E0E6D4146EB060642EAC62141EA5551DF
:10C630004FEAC52040EA5E504FEACE2EB4F1FD0C21
:10C6400088BFBCF5E06F1ED8BEF1004F08BF5FEA9F
:10C65000500E50F1000041EB045170BD06F0004651
:10C6600046EA010140EA020081EA0301B4EB5C04FE
:10C67000C2BFD4EB0C0541EA045170BD41F48011F6
:10C680004FF0000E013C00F3AB8014F1360FDEBF1B
:10C69000002001F0004170BDC4F10004203C35DAF7
:10C6A0000C341BDC04F11404C4F1200500FA05F37A
:10C6B00020FA04F001FA05F240EA020001F000421B
:10C6C00021F0004110EBD37021FA04F642EB060191
:10C6D0005EEA430E08BF20EAD37070BDC4F10C04BB
:10C6E000C4F1200500FA04F320FA05F001FA04F27F
:10C6F00040EA020001F0004110EBD37041F100016B
:10C700005EEA430E08BF20EAD37070BDC4F1200575
:10C7100000FA05F24EEA020E20FA04F301FA05F2DD
:10C7200043EA020321FA04F001F0004121FA04F285
:10C7300020EA020000EBD3705EEA430E08BF20EA55
:10C74000D37070BD94F0000F0FD101F0004640008F
:10C7500041EB010111F4801F08BF013CF7D041EA11
:10C76000060195F0000F18BF704703F00046520015
:10C7700043EB030313F4801F08BF013DF7D043EAE6
:10C780000603704794EA0C0F0CEA135518BF95EA9C
:10C790000C0F0CD050EA410618BF52EA4306D1D123
:10C7A00081EA030101F000414FF0000070BD50EA42
:10C7B000410606BF1046194652EA430619D094EACC
:10C7C0000C0F02D150EA013613D195EA0C0F05D1B6
:10C7D00052EA03361CBF104619460AD181EA03010A
:10C7E00001F0004141F0FE4141F470014FF00000C2
:10C7F00070BD41F0FE4141F4780170BD70B54FF05D
:10C80000FF0C4CF4E06C1CEA11541DBF1CEA1355DC
:10C8100094EA0C0F95EA0C0F00F0A7F8A4EB0504BE
:10C8200081EA030E52EA03354FEA013100F08880B5
:10C830004FEA03334FF0805545EA131343EA12637E
:10C840004FEA022245EA111545EA10654FEA002633
:10C850000EF000419D4208BF964244F1FD0404F5EC
:10C86000407402D25B084FEA3202B61A65EB030548
:10C870005B084FEA32024FF480104FF4002CB6EB05
:10C88000020E75EB030E22BFB61A754640EA0C0085
:10C890005B084FEA3202B6EB020E75EB030E22BFC5
:10C8A000B61A754640EA5C005B084FEA3202B6EB06
:10C8B000020E75EB030E22BFB61A754640EA9C00C5
:10C8C0005B084FEA3202B6EB020E75EB030E22BF95
:10C8D000B61A754640EADC0055EA060E18D04FEA53
:10C8E000051545EA16754FEA06164FEAC30343EAF3
:10C8F00052734FEAC2025FEA1C1CC0D111F4801FC0
:10C900000BD141EA00014FF000004FF0004CB6E7B8
:10C9100011F4801F04BF01430020B4F1FD0C88BF57
:10C92000BCF5E06F3FF6AFAEB5EB030C04BFB6EB62
:10C93000020C5FEA500C50F1000041EB045170BD55
:10C940000EF0004E4EEA113114EB5C04C2BFD4EB82
:10C950000C0541EA045170BD41F480114FF0000E06
:10C96000013C90E645EA060E8DE60CEA135594EA82
:10C970000C0F08BF95EA0C0F3FF43BAF94EA0C0F85
:10C980000AD150EA01347FF434AF95EA0C0F7FF4FA
:10C9900025AF104619462CE795EA0C0F06D152EA4E
:10C9A00003353FF4FDAE1046194622E750EA410632
:10C9B00018BF52EA43067FF4C5AE50EA41047FF443
:10C9C0000DAF52EA43057FF4EBAE12E74FF0FF3CA8
:10C9D00006E000BF4FF0010C02E000BF4FF0010C79
:10C9E0004DF804CD4FEA410C7FEA6C5C4FEA430CF2
:10C9F00018BF7FEA6C5C1BD001B050EA410C0CBF41
:10CA000052EA430C91EA030F02BF90EA020F0020A2
:10CA1000704710F1000F91EA030F58BF994208BF09
:10CA200090422CBFD8176FEAE37040F001007047C6
:10CA30004FEA410C7FEA6C5C02D150EA013C07D11D
:10CA40004FEA430C7FEA6C5CD6D152EA033CD3D068
:10CA50005DF8040B704700BF8446104662468C4662
:10CA60001946634600E000BF01B5FFF7B7FF002895
:10CA700048BF10F1000F01BD4DF808EDFFF7F4FFBE
:10CA80000CBF012000205DF808FB00BF4DF808ED49
:10CA9000FFF7EAFF34BF012000205DF808FB00BF6C
:10CAA0004DF808EDFFF7E0FF94BF012000205DF88E
:10CAB00008FB00BF4DF808EDFFF7CEFF94BF012043
:10CAC00000205DF808FB00BF4DF808EDFFF7C4FF3C
:10CAD00034BF012000205DF808FB00BF4FEA410C85
:10CAE0007FEA6C5C02D150EA013C0AD14FEA430C68
:10CAF0007FEA6C5C02D152EA033C02D14FF00000A5
:10CB000070474FF0010070474FEA410212F50012E2
:10CB100015D211D56FF47873B3EB625212D94FEA84
:10CB2000C12343F0004343EA505311F0004F23FA6E
:10CB300002F018BF404270474FF00000704750EAC3
:10CB4000013005D111F0004008BF6FF00040704780
:10CB50004FF00000704700BF4A0011D212F50012DA
:10CB600011D20DD56FF47873B3EB62520ED44FEA45
:10CB7000C12343F0004343EA505323FA02F07047C5
:10CB80004FF00000704750EA013002D14FF0FF3003
:10CB900070474FF0000070474FEA4102B2F1E043A6
:10CBA00024BFB3F5001CDCF1FE5C0DD901F0004C94
:10CBB0004FEAC0024CEA5070B2F1004F40EB8300E4
:10CBC00008BF20F00100704711F0804F21D113F110
:10CBD0003872BCBF01F00040704741F480114FEA49
:10CBE0005252C2F11802C2F1200C10FA0CF320FAD2
:10CBF00002F018BF40F001004FEAC1234FEAD323EF
:10CC000003FA0CFC40EA0C0023FA02F34FEA430358
:10CC1000CCE77FEA625307D150EA01331EBF4FF0E1
:10CC2000FE4040F44000704701F0004040F0FE40FC
:10CC300040F40000704700BF53B94AB9002908BF4B
:10CC400000281CBF4FF0FF314FF0FF3000F00CB850
:10CC5000ADF1080C6DE904CE05F034FFDDF804E019
:10CC6000DDE9022304B07047704700BF0348044B5E
:10CC7000834202D0034B03B1184770479003002052
:10CC800090030020000000000548064B1B1AD90F36
:10CC900001EBA301491002D0034B03B118477047C1
:10CCA00090030020900300200000000010B5064C07
:10CCB000237843B9FFF7DAFF044B13B10448AFF30D
:10CCC00000800123237010BDA43700200000000065
:10CCD000203E010808B5054B1BB105490548AFF3D7
:10CCE0000080BDE80840FFF7CFBF00BF0000000094
:10CCF000A8370020203E0108DFF834D0F8F716FFEF
:10CD00000C480D490D4A002302E0D458C4500433A6
:10CD1000C4188C42F9D30A4A0A4C002301E013607C
:10CD20000432A242FBD302F07BF900F00FF8FEE7D9
:10CD300000000120000000209003002030A701081F
:10CD40009003002010390020FEE70000A549A64B03
:10CD5000CA682DE980484FF6FF0002401343C7B070
:10CD60000F20CB60F4F724FA002800F0F3809F49ED
:10CD70000B6803F4C063B3F5007F1ED00B689C4AB8
:10CD80009C4823F4C06343F400730B6013684A6942
:10CD9000322404FB03F3B3FBF0F3500503F101036A
:10CDA00006D500E023B14A69520503F1FF33F9D4F7
:10CDB0008E4B5B695F0500F1CB808F4A9368D26828
:10CDC00003F00C03042B00F0DE800C2B00F0D68067
:10CDD00089498A4C0A6842F480720A60D4F88C004F
:10CDE00005E0D4F88C20121A022A00F2B1800A68F9
:10CDF0005605F6D54A6822F0F85242F080524A6051
:10CE0000CAE0C5F1010313EB000900F001867C4A7A
:10CE10007C49D4F8A0500020A847D4F80454A94471
:10CE20004846FFF7FDF94946421C284604F0C2FE79
:10CE3000002F00F0E2842846FFF7F2F9724A2F959E
:10CE40000130309007CA33AB0025CDE93155D8F811
:10CE5000047083E807002820B8470746002800F040
:10CE6000DD852822294602F0C9FB2F9840B1319B6D
:10CE7000002B40F0CD86309B042B00F283862FA838
:10CE8000F3F794FE01463846F6F786FA002800F0DC
:10CE9000BB86F4F7FBF95D493846F3F725FF002818
:10CEA00000F0D685037B102B40F0D28594F8043136
:10CEB000D0F81090012B06D9D4F8A050544A51490B
:10CEC0004B460220A847B9F1000F00F0C185514D33
:10CED00006E04846FFF746F90835002800F09B8633
:10CEE0002968AA460029F4D14B494846FFF73AF988
:10CEF0000546002800F02485484D07E05146484685
:10CF0000FFF730F90835002800F0D186D5F800A0E9
:10CF1000AB46BAF1000FF1D1D4F8A050404A3949DC
:10CF20004B465046A8473F4A3649D4F8A0503E4B9E
:10CF30005046A8473C4A3D493D48F5F759F8002876
:10CF400040F086853846F3F7D9FC002384F8FC309E
:10CF5000F8F748FA284B1A6E42F001021A661A6E68
:10CF600002F001020892089A9A6D42F080529A6586
:10CF70009B6D03F080530793079BF8E602F00302D2
:10CF8000022A7FF425AF1C491C4C0A684A6822F02B
:10CF9000F85242F080524A601749D1F8942042F08A
:10CFA0000102C1F89420D4F88C0004E0D4F88C205D
:10CFB000121A022ACCD8D1F894209507F6D5CA685F
:10CFC00002F00300022800F047860C2BC0D00A4B69
:10CFD0001A685101BCD41A6822F080721A60D4F821
:10CFE0008C102CE000ED00E00003FA05007000401A
:10CFF0000000002040420F0000100240900300207B
:10D00000C4910108C88901080400002010A3010888
:10D01000F0910108CC440108009201080C45010878
:10D0200014920108F889010828920108B88D0108B6
:10D03000FD5D0008D4F88C20521A022A88D81A689C
:10D040009201F7D4D8681C491C4A01400A43DA60AF
:10D050001A681B4942F080721A60DA6842F08072E6
:10D06000DA60D4F88C2005E0D4F88C309B1A022BBF
:10D070003FF66EAF0B689F01F6D5124B1A6850074A
:10D080000BD41A6822F0070242F004021A601B68EF
:10D0900003F00703042B7FF45BAF094A936813681E
:10D0A00099017FF555AF936843F003039360D4F87B
:10D0B0008C1041F288300DE08C809D01020A00380E
:10D0C0000010024000200240D4F88C305B1A8342EA
:10D0D0003FF63EAF936803F00C030C2BF4D193683A
:10D0E00013F0F00F03D0936823F0F0039360D04A5D
:10D0F000136803F00703042B0BD9136823F007030D
:10D1000043F004031360136803F00703042B7FF458
:10D110001FAFC84EDFF84083B36823F4E063B36009
:10D12000B36823F46053B360F3F7BCF8B268C24B42
:10D13000C2F30312134493F8303003F01F0320FAB4
:10D1400003F3D8F81000C8F80030F4F731F80546BA
:10D1500000287FF4FDAEF36CB84F43F00203F36494
:10D16000F36C03F002030693069BF36C43F0800319
:10D17000F364F36C03F080030593059BF36C43F0B9
:10D180000103F364F36C4FF0904A03F0010304933E
:10D1900041F201294FF0100B049BC7F8289002239D
:10D1A000CAF828B04FF48812CDE9000008213846AB
:10D1B000FEF780FE2A46CDE90055A1480223092149
:10D1C000FEF778FE5046CDE9005502234FF4441295
:10D1D0004FF40061FEF76EFE49464FF003092B46FF
:10D1E00038460195CDF800900122FEF763FE022338
:10D1F00038462A461946CDE90095FEF75BFE022324
:10D20000012259465046CDE90095FEF753FE2946C6
:10D210000920FEF7DFFB8B4F4FF400733B602820A3
:10D220002946FEF7D7FB4FF480737B60B26C42F067
:10D230000102B264B26C02F00102039229460C2092
:10D24000039AFEF7C7FB4FF480523A600D2029463F
:10D25000FEF7C0FB4FF400523A6029465846FEF7ED
:10D26000B9FB4FF480323A6011202946FEF7B2FB39
:10D270004FF400323A60DFF8E4E1734825614FF47F
:10D28000E132C4E900E20C234FF44072C4E90255D4
:10D29000C4E90755C4E905326562F8F7B5F8002816
:10D2A0007FF456AE694D94F86D22C4F818024FF41D
:10D2B0000073C4F828324FF48273C4E984534FF4E6
:10D2C0007063C4F81C320723C4F83C320823C4E955
:10D2D0008800C4E98B00C4E98D00C4F84002C4F89A
:10D2E000443202F0FF05002A00F09C82574B584858
:10D2F000022584F86D521A6822F040021A604FF439
:10D3000041721A6040F608725A6001260022C4F881
:10D31000702284F86D62A3F55843C4E9C462C4E97D
:10D32000C622C4E9C82294F84523C4F80433A423D0
:10D33000C4E9C20302F0FF01002A00F0CF82D4F852
:10D340000433242284F845231968D4F8082321F0F3
:10D35000010122F0706219601A619A68D4F8101302
:10D3600022F4004201299A60D4F80C2300F0FD80D9
:10D3700042F4044202299A6040F0FA805A6842F46A
:10D3800000625A605968D4F8142341F0007141F4E6
:10D3900000415960D96821F40041D960D4F81813CC
:10D3A0000A43D4F81C1342EA0122D4F82013DA60AD
:10D3B000D4F824230A431A60196841F00101196066
:10D3C00000222021C4F8482384F84513C4F83423EC
:10D3D00084F8462394F845132029CDB27FF4B8ADE4
:10D3E00094F8441301293FF4B3AD242084F8450395
:10D3F000196821F001011960196821F48051196040
:10D4000019681960196841F00101196084F84553E1
:10D4100094F8451384F844232029CDB27FF498ADC5
:10D4200084F8450319680B4821F0010118E000BF9A
:10D430000020024000100240383E0108000400486D
:10D44000001C004800E100E0900300200030014093
:10D45000E49CD110E80600200000002000440040B9
:10D460001960196821F470611960196841F00101AF
:10D470001960C64BC4F858334FF461210C2384F86B
:10D480004553C4E9D712C4E9D922C4E9DC22C4E96E
:10D49000DE2284F84423C4F86C33F7F7B5FF054661
:10D4A00000287FF455AD01462C220DA802F0A6F805
:10D4B000B74BC4F8E0331F23C4E9F95340F2E73314
:10D4C000C4F8EC3394F80134C4E9FC55C4E9FE55C2
:10D4D00003F0FF01002B00F03C820222D4F8E0337D
:10D4E00084F80124DA68D10640F15A8294F80034B5
:10D4F0000125AB4284F801543FF42AADD4F8E0335F
:10D5000084F800544FF0020A4FF0CA09532684F8F9
:10D5100001A4C3F824905E62FEF7A2F8D4F8E033C9
:10D52000002840F07C819A6818609A6822F4802272
:10D530009A609A689A60FEF7B9F8D4F8E033FF274A
:10D540005F6270B984F8015484F801A4C3F8249090
:10D550005E6284F80054FEF783F8D4F8E03360B1DB
:10D560005F62002384F80034F2E442F400429A60DF
:10D570005A6822F400625A6004E742F201125A60CB
:10D58000FEF794F8D4F8E023034657620028E8D168
:10D59000CDE91033CDE9143384F80034ADF83430DC
:10D5A0008DF836300E9312930DA84FF4807384F8E3
:10D5B00001548DF858501793FEF7A0F800287FF417
:10D5C000C7AC4FF09045734804F0FAFC2B691A077A
:10D5D0000DD4714E304604F0F3FCD4F88C20D4F80E
:10D5E0008C309B1A0A2BFAD92B691B07F2D52368BA
:10D5F0006649002224208B42E0671A605A609A60D4
:10D6000000F03882654A934200F045820023644866
:10D61000C4F8843084F87830E367C4F88030236637
:10D620006366F7F7F1FE014600287FF491AC5D4890
:10D63000C4F804044FF48052C4E92A02A4F8082470
:10D6400001F0DCFFD8F89C31574A5849C4F808214A
:10D65000002B00F00D82D8F8A021C8F80430002A71
:10D6600000F0FA8100208B42C8F80820C8F80C00AE
:10D6700000F029824E4E4F4BC4F87C31022284F8D0
:10D6800004210FCE4C4D0FC596E803003C2285E8DF
:10D6900003000126002105F11C0001F0AFFF314617
:10D6A000F820C4E92D6604F0EBFAC4F8E400002881
:10D6B00000F0C8813146042004F0E2FAC4F8E80022
:10D6C000002800F0BF81304604F032F8C4F8F000C2
:10D6D000002800F0B78105F11806403501215C20D3
:10D6E00004F0CEFA46F8040F002800F0AB81B542F2
:10D6F000F4D1324F00254FF48056A946BE61013562
:10D70000FDF7C8FE01212846D4F8F0A0FCF744F844
:10D710000AF80900BE62FDF7BDFED4F8B4309D42A0
:10D72000EBD3B4F8AC10D4F8A800254EFEF77CF982
:10D73000B4F808040023189308B3D4F804549E46A0
:10D74000012741192B46A7EB050CF1460DE00A2AEB
:10D7500038D00CEB0302824204D183F800904FF0E2
:10D76000010E00270133994202D01A78002AEED127
:10D77000BEF1000F01D0124B1893002F3DD094F84A
:10D78000FC30002B40F0C88130BFD1E700380140A9
:10D7900000280040549101087091010800440040A5
:10D7A00090030020A4270020989101083117010858
:10D7B0009844010800366E0120040020000400484F
:10D7C000B0440108BEF1000F00D0189600221A7074
:10D7D00001396B1E04E07B2A3FF413AB994204D05D
:10D7E000184613F8012F002AF5D1D4F8A030B84A12
:10D7F000B84900209847002FC1D1189DB64AB549B5
:10D80000D4F8A0602B460020B047B449B4482A465B
:10D81000F4F7EEFB002384F8FC30FFF799BBFF22FE
:10D820005A629EE684F86C52336E43F4805333663A
:10D83000336E03F480530A930A9BF36C43F00103A5
:10D84000F364F36CCDF8009003F001030993099B96
:10D8500005235046019302222B46E021FEF72AFBC6
:10D860004FF48073C4E99F55C4E9A4559D4DC4F895
:10D8700088329D4B4FF0010980274FF4806628467F
:10D88000C4E99D39C4F88472C4F88C62FEF702F8CA
:10D8900000287FF45DAB4FF48073C4F8D46205F1C7
:10D8A0004806C4E9B600C4F8D032C4F868528F4BB9
:10D8B000C4F8C802643D3046C4E9B09BC4F8CC72D9
:10D8C000C4F89C52C4F8BC32FDF7E4FF00287FF492
:10D8D0003FABC4F86462C4F8E45207E5582219A8C3
:10D8E00084F8441301F08AFE802318A81893F2F7F5
:10D8F000FBFD074600287FF42BAB33467C4E7D486A
:10D90000F26C2A43F264F26C2A400C920C9A0421C5
:10D910000322019100924FF440611222FEF7CAFAED
:10D92000B36D43F48003B365B36D03F480030B93CD
:10D93000394621200B9BFEF74DF86F4B5D60FEE4EE
:10D940003846F2F7DBFF6D4A6D492846F4F792F945
:10D950001AE7542230A884F800144FF4007701F03D
:10D960004DFE4FF400332FA82F934597F2F7BCFDDF
:10D97000054600287FF4ECAA5D4AD2F8903043F4C3
:10D9800000430146C2F890300320FEF723F85A4EB8
:10D990000823336029202946FEF71CF877609CE5B0
:10D9A000CA225A6253225A62FDF75AFED8B9D4F8F5
:10D9B000E033D4F8F0039A6822F4E00222F0400247
:10D9C0009A60D4F8E42399680243D4F8F803024338
:10D9D0000A439A60D4F8EC231A611A69D4F8E81360
:10D9E00042EA01421A61FDF761FED4F8E0330028F3
:10D9F0004DD1DA6CD4F8F40322F00302DA64D4F8DF
:10DA0000FC23D96C02430A43DA64FF225A626DE5B3
:10DA1000002F3FF4F2AE002D7FF40DAA2E4A2D49BF
:10DA2000D4F8A050374B0020A847364A2B492C4841
:10DA3000F4F7DEFA10B1F3F729FCA0E6F3F726FCC1
:10DA4000FFF783BA304A31490020F4F713F968E64A
:10DA50003846F2F753FF92E6C8F80C208B422C4A66
:10DA6000C8F808207FF406AE2A4BC8F80C3001E64F
:10DA70000B46F0E502F1804202F504324FF4C0603B
:10DA8000136E23F480431366FCF710F9BEE5FF2202
:10DA90005A62F7F7A7FC02F5E6320F20936D23F4E4
:10DAA00000339365FCF702F9606FFEF7FFFA206F11
:10DAB000FEF7FCFA104B4022C3F88420BFF34F8FCF
:10DAC000BFF36F8FA2E5124B9A427FF4D3ADCBE741
:10DAD00094920108C8890108F8890108B88D0108E5
:10DAE000FD5D0008040600201C00024030000240DA
:10DAF000001002400004004800E100E038920108F4
:10DB00007892010858400108A09101082488010872
:10DB100041170108911C010894F8FD1000295AD101
:10DB2000D4F87851002D00F3838098F814306548BC
:10DB3000002B18A908BF0020F4F7C0FD074660B30A
:10DB4000D4F8001100294ED1D4F87851D4F80C241F
:10DB5000F2F748FB002D7FF7EBADAB181B1A002B3B
:10DB600050DD9D42D8BF002341B10023564A57499A
:10DB7000574884F8FC30F4F73BFA05E6012B3FF7F1
:10DB800003AED5E55349032201F0D0FF00287FF40E
:10DB900076A903233193FFF772B9F2F723FBF4F769
:10DBA00059F9DDF860904C4A4C49D4F8A0504B46E6
:10DBB0003846A8474A4946484A46F4F719FA424ABD
:10DBC000424984F8FC7005464148F4F711FA002DEB
:10DBD0003FF4BBA9D8E5F2F705FB0023C4F80C0419
:10DBE00084F8FD30A1E7D4F87851D4F80C244B1E0A
:10DBF000B3FA83F1C4F80031F2F7F4FA002D4FEADA
:10DC00005111AADC0023AFE73846F2F777FE05E7AB
:10DC10002846FFF735B9DAF804302A4839469847DC
:10DC200005463846F2F76AFE002D3FF48EA9A6E5B8
:10DC3000D4ED3B7AF5EE407AF1EE10FA7FF475AF51
:10DC4000F2F7D0FAD4F80C24801A85422A4435DD44
:10DC5000F2F7C8FA131A82E702F4FE40B0F5206F1B
:10DC60007FF4B3A902F07840B0F1605F7FF4ADA912
:10DC70001C4802427FF4A9A90B689E013FF5FDA94B
:10DC80000B68194843F080730B60CB6843F08073D6
:10DC9000CB60D4F88C2005E0D4F88C309B1A022B92
:10DCA0003FF656A903689D01F6D5FFF7E6B9DBF804
:10DCB00004300448394698470546B2E7C4F80C24B6
:10DCC00033E700BF80440108848A0108948A010870
:10DCD000FD5D0008EC910108F8890108C889010878
:10DCE000B88D010870006006001002400C490D4A12
:10DCF0000B6810B50C4C121B2BB11844904207D87E
:10DD00000860184610BD094B0B6018449042F7D9C3
:10DD100001F080F90C2303604FF0FF33184610BD6B
:10DD2000C03700200000012000140000103900203E
:10DD30004FF400534B600020704700BF4FF0FF309E
:10DD4000704700BF012070470120704700207047D6
:10DD500008B501F05FF9162303604FF0FF3008BDEE
:10DD60004FF0FF30704700BF10B54FF6FF731446F9
:10DD7000024892B2F8F7B8F8204610BDE806002035
:10DD800070B504460D4645EC104B164602F090FA6D
:10DD900051EC100B7EB1C5F30A53C3F16B03002B9A
:10DDA00009DD1B0503F17F55002405F540152246CA
:10DDB0002B46FEF7F9FB41EC100B70BD0000000094
:10DDC0002DE9F04F9FB00C46179200221A92059051
:10DDD0004FF0000A4FF0000B0A46199211782B29D8
:10DDE0004AD038D80D2932D8082932D800293BD05A
:10DDF00000220E92199D2A78302A40F0B2806A786B
:10DE000002F0DF02582A6ED102930E9B01931AABE7
:10DE100000938F4A05981BAB19A900F029FE10F05A
:10DE20000F06044605D0062E28D10135002319958A
:10DE30000E93179B002B40F08E850E9BCBB1524664
:10DE40000BF1004343EC102B1FB0BDE8F08F2029ED
:10DE5000CED10132C1E72D29CAD101210E91511C29
:10DE600019915278002AC5D1179B1994002B40F0C4
:10DE7000708552465B46E5E70021EFE71A9A3AB112
:10DE800035211CA802F00EFB1A99059801F0E4FE5A
:10DE9000013E1B9A042E06D8DFE806F014031D206D
:10DEA0001400DDE91CABE10548BF4BF0004B2BF043
:10DEB00000431B0D1B05002BBBD101F0ABF8222347
:10DEC0000360B6E7DDE91CA302F2334223F48013BA
:10DED00043EA025BE7E7DFF880B1E4E76FF0004B6D
:10DEE0004FF0FF3ADFE7199B5A1C19925B78302BF1
:10DEF000F9D0002B9DD0012300270893199B0C9388
:10DF00000B97B9460A2219980578A5F13003D9B2C2
:10DF1000092928D94F49012201F008FE002832D0F2
:10DF200000202A460A904D460346652A01D0452A1C
:10DF300014D11DB9089A024396D00025199C621C81
:10DF4000199262782B2A7AD02D2A7ED04FF0000CBD
:10DF5000A2F13001092940F2858019944FF00008A0
:10DF6000A5E00023C8E7B9F1080FD8BF0B9900F16D
:10DF70000100DABF02FB01330B9302FB073709F103
:10DF800001091990BFE7199B5A1C19925A78B9F1E7
:10DF9000000F3BD00A904D46A2F13003092B12D955
:10DFA0000123C2E7199B5A1C19925A780130302A72
:10DFB000F8D0A2F13103082B00F2D284199B0A9009
:10DFC00000200C930546303A00F1010318D00A995D
:10DFD00019440A912E464FF00A0E711CA1EB050C54
:10DFE000634515DC20EAE0702B18082B05F10105CC
:10DFF00005441ADC0B990A2303FB01230B9300232E
:10E00000199A511C199152781846C5E74846CEE72F
:10E01000082E05DC0B9E0EFB06F60B960E46DCE783
:10E020001029D8BF0EFB07F7F8E70F2BDCBF0A2338
:10E0300003FB0727E3E700230A9301237AE74FF066
:10E04000000CA21C1992A27882E74FF0010CF8E7AD
:10E0500038840108508201080000F07F199A511C91
:10E0600019915278302AF9D0A2F1310108293FF6EE
:10E0700075AF303A0992199A0F924FF00A08199A1F
:10E08000561C19965278A2F1300EBEF1090F39D9FB
:10E090000F99761A082E44F61F6803DC0999884503
:10E0A000A8BF8846BCF1000F01D0C8F10008002DC0
:10E0B0004ED1089901437FF4BCAE002B7FF4D4AE5F
:10E0C000692A28D025DC492A25D04E2A7FF4CCAEF7
:10E0D0009A4919A800F0EEFE00283FF4C5AE199B3E
:10E0E0001B78282B2ED196491CAA19A800F0F6FE01
:10E0F000052827D11D9BDDF870A043F0FF4B4BF4A2
:10E10000E00B96E6099908FB0121A1F13002099282
:10E11000B5E76E2ADAE78B4919A800F0CBFE002894
:10E120003FF4A2AE199B8849013B19A8199300F04E
:10E13000C1FE10B9199B01331993DFF81CB24FF0DF
:10E14000000A76E6814803F08BF85BEC10AB70E6D2
:10E150000A9B0B98A8EB0303B9F1000F08BFA9466F
:10E16000102D09932C46A8BF1024FEF7A3F9092D02
:10E1700082468B4613DC099B002B3FF45AAE099B69
:10E1800078DD162B5FDC724901EBC301D1E9000198
:10E1900052465B46FEF708FA82468B4649E66C4BD0
:10E1A00003EBC40353E91223FEF7FEF98246384617
:10E1B0008B46FEF77FF902460B4650465946FEF75E
:10E1C0003DF80F2D82468B46D5DD099B2C1B1C4448
:10E1D000002C40F3938014F00F030AD05C4901EB4C
:10E1E000C30152465B46D1E90001FEF7DDF98246E4
:10E1F0008B4634F00F0473D0B4F59A7F49DD0024C8
:10E20000A0460B94A146059ADFF84CB12223136077
:10E210004FF0000A0B9B002B3FF40BAE1A990598A8
:10E2200001F01AFD0598494601F016FD0598414692
:10E2300001F012FD0B99059801F00EFD059821469D
:10E2400001F00AFDF5E5099AC5F125039342BCDB0F
:10E250003F4CC5F10F0504EBC50152465B46D1E9C1
:10E260000001FEF7A1F9099B5D1B04EBC504D4E98D
:10E2700000238FE71633A8DB0A9BA3EB0808344B77
:10E2800003EBC808D8E9002350465946FEF7B6FA12
:10E2900082E700232F4F2411504659461E46012C79
:10E2A00021DC0BB182468B462A49ABF1547B01EB52
:10E2B000C60152465B46D1E90001FEF775F9264BCF
:10E2C0000A460B4025498B42824698D8A1F5801119
:10E2D0008B4286BFDFF888B04FF0FF3A02F1547BE3
:10E2E0000023089376E0E20704D5D7E90023FEF780
:10E2F0005BF90123013664100837D0E7F0D064429F
:10E3000014F00F020AD0124B03EBC20350465946D9
:10E31000D3E90023FEF772FA82468B462411DFD040
:10E320001F2C1FDD0024A0460B94A146059A222332
:10E330004FF0000A4FF0000B13606BE7D982010821
:10E3400024840108D1820108B08301083B830108BD
:10E35000B0840108888401080000F07F0000A07CE0
:10E36000FFFFEF7F14F0100318BF6A23A94E089334
:10E37000504659460023E70704D5D6E90023FEF7A7
:10E3800013F90123641006F10806F4D10BB182469B
:10E390008B46089BB3B1CBF30A52C2F16B03002B3F
:10E3A00059460FDD1F2B56DD342BDEBF4FF0FF33F8
:10E3B000C2F14B0293404FF0000ACCBF4FF05C7BA0
:10E3C00003EA010B0022002350465946FEF754FB96
:10E3D0000028A7D10B9B00930C9905982B464A4621
:10E3E00001F0A2FC0B9000283FF409AF099A0A9BA8
:10E3F000002AA3EB0803A8BF00231293002422EAFB
:10E40000E2731693A0460B9B0598596801F0E4FB54
:10E41000814600283FF4F7AE0B9B1A69023203F1E4
:10E420000C0192000C3001F0BDFA4BEC10AB0598DA
:10E430001CAA1BA9CDE90CAB01F0AAFF1A90002879
:10E440003FF4E1AE0598012101F004FD804648B992
:10E450004FF00008D7E64FF0FF3202FA03F303EA69
:10E460000A0AAFE71B9D1C9A002DABBF129B169B9F
:10E47000169E129FACBFEF185E1B089BED1A154449
:10E48000654B013D9D42C2F1360250DA5B1B1F2BEA
:10E49000A2EB03024FF001013DDC01FA03F31393F9
:10E4A00000231093BD18089BAF4216441E443B4600
:10E4B000A8BF2B46B342A8BF3346002BC2BFED1AFC
:10E4C000F61AFF1A129B002B16DD414605981A46D4
:10E4D00001F078FD80460028BAD001461A9A0598C6
:10E4E00001F0CEFC0A9000283FF48DAE1A990598F1
:10E4F00001F0B2FB0A9B1A93002D1DDC099B002B37
:10E5000023DD4946169A059801F05CFD8146E0B985
:10E510004FF0000977E6C5F17F4505F57F0505F564
:10E520007B45E23501FA05F310931391BAE7002316
:10E53000109301231393B5E71A9905982A4601F021
:10E540009BFD1A900028D9D15DE6002E07DD4946D3
:10E550000598324601F090FD81460028D8D0002F62
:10E5600008DD414605983A4601F086FD80460028C0
:10E570003FF449AE1A9905984A4601F005FE044653
:10E5800000283FF440AEC3680F930023C3604146A8
:10E5900001F0DEFD002845DA0F9B53EA0A036BD138
:10E5A000CBF31303002B67D12BF000431B0D1B058E
:10E5B000B3F1D66F60D9636913B92369012B5BDDB1
:10E5C00021460122059801F057FD4146044601F01D
:10E5D000BFFD002850DD2BF00043089A1B0D1B05E2
:10E5E000002A6AD0B3F1D66F67D8B3F15C7F7FF6AB
:10E5F0009DAE0A4B504659460022FDF7D5FF084B09
:10E600000B4082468B46002B7FF408AE059A2223EE
:10E61000136003E65084010802FCFFFF000050393C
:10E620000000F07FCDF828B065D10F9ACBF313032B
:10E630005AB39F4A93422BD1089B514603B39D4B3B
:10E640005A461340B3F1D46F4FF0FF321BD81B0D65
:10E65000C3F16B0302FA03F3994219D1964B0A9A5C
:10E660009A4202D101313FF4CEAD924B0A9A1A4040
:10E6700002F5801B4FF0000A089B002BB9D1CDE5B5
:10E680004FF0FF33E8E71346E6E753EA0A03A2D068
:10E69000109BDBB10A9A1342EED00F9B089A5046AA
:10E6A0005946BBB1FFF76CFBDDE90C0153EC102BB5
:10E6B000FDF7C4FD82468B46DEE7A3F580136FEAC3
:10E6C000135B6FEA0B5B4FF0FF3AD5E7139B13EA3E
:10E6D0000A0FE1E7FFF754FBDDE90C0153EC102BC7
:10E6E000FDF7AAFD0022002382468B46FEF7C4F9FF
:10E6F0000028C1D01AE64146204601F0A1FE57ECA1
:10E70000106B00224FF0804330463946FEF7C8F9BF
:10E7100000286FD00F9B002B7AD1BAF1000F58D18F
:10E720000A9BC3F31303002B5AD1644B00223046DB
:10E730003946FEF7ABF9002859D130463946604BCF
:10E740000022FDF731FF06460F4607F1004306960B
:10E750000793DDE90623574DCDE910230A9B1D40A1
:10E76000584B9D4240F0B2800A9BA3F1547B4BEC86
:10E7700010AB01F09DFDDDE9062351EC100BFDF718
:10E7800013FF52465B46FDF759FD0B4649494E4A79
:10E7900019409142824642D90D9A474B9A4203D181
:10E7A0000C9B01333FF42FADDFF80CB14FF0FF3A73
:10E7B0001A99059801F050FA0598494601F04CFA6B
:10E7C0000598414601F048FA0598214601F044FABF
:10E7D00019E6BAF1010F03D10A9B002B3FF4A6AD55
:10E7E0009FED2B7B354F8DED067B0026B1E7344F37
:10E7F0000026AAE7324B304639460022FDF7D4FE08
:10E800000F9B06460F46002B9FD0CDE90667A0E779
:10E810009FED217B8DED067B57EC176B99E703F19C
:10E82000547B089BCDF828B0002BC1D12BF00043BE
:10E830001B0D1B059D42BBD13046394603F088FBBA
:10E84000FDF784FE02460B4630463946FDF7F4FCE0
:10E850000B460246CDE90C23CBF313060F9B46EA89
:10E860000A061E436FD00EA3D3E90023FEF70EF96C
:10E8700000287FF4D3AC0CA3D3E90023DDE90C011D
:10E88000FEF722F9002893D0C8E400BFAFF3008060
:10E89000000000000000F0BF000000000000F03F9A
:10E8A0009535A094FFFFDF3F35E5AF350000E03F31
:10E8B000FFFF0F000000F07FFFFFEF7F0000F03F41
:10E8C0000000E03F0000E07FFFFF9F7C089B23B338
:10E8D000B5F1D46F21D828A3D3E9002330463946B7
:10E8E000FEF7DEF8A0B139463046FEF735F90128CB
:10E8F00038BF0120FDF7DEFD0F9B06460F46FBB932
:10E9000001F1004314901593DDE91423CDE91023A0
:10E91000119B03F1D6635B1B11939DED0C0BDDE99D
:10E9200010AB01F0C5FC504653EC102B5946FDF7D7
:10E930003BFEDDE90C23FDF781FC82468B4670E748
:10E94000CDE91467E0E70EA3D3E90023FEF79EF8B4
:10E9500098E700230E93179A199B1360FFF76DBA7F
:10E96000652A3FF468AB452A3FF465AB0123FFF706
:10E97000A0BB00BFAFF300800000C0FFFFFFDF417E
:10E980009535A094FFFFCF3F0A4601460248034B4E
:10E990000068FFF715BA00BF30030020C401002053
:10E9A0000369B3EB611F2DE9F0434FEA611200F1F7
:10E9B000140445DD11F01F0104EB830604EB82050E
:10E9C0000CD100F110072946B14234D39B1A9B00A9
:10E9D000EA1E964238BF0023234415E054F8227003
:10E9E000C1F12008CF4005F1040EA1467645F4465A
:10E9F00015D89A1A9200043A0135AE4238BF002267
:10EA0000A318A75007B104331A1BA3424FEAA2026E
:10EA100008BF0023026108BF4361BDE8F083DCF852
:10EA200000C00CFA08FC4CEA070749F8047B5EF8C2
:10EA3000047BCF40DAE751F804CB47F804CFC3E7B3
:10EA40002346E1E7A0F13003092B02D82038C0B2F9
:10EA50007047A0F16103052B01D84738F7E7A0F113
:10EA60004103052B01D82738F1E70020704700004B
:10EA70002DE9F04F85B08A4602930B6801909046CD
:10EA80009C1CA14614F8010B3028FAD0A9EB030313
:10EA9000A3F1020BFFF7D6FF0546002868D1A04975
:10EAA0000122484601F042F80746002867D199F84C
:10EAB00001002646FFF7C6FF002862D023461878DB
:10EAC0003028994603F10103F9D0FFF7BBFFB0FAF4
:10EAD00080F56D094FF0010B4A4616460132307839
:10EAE000FFF7B0FF0028F8D18D490122304601F030
:10EAF0001DF800283FD144B9741C22461646013245
:10EB00003078FFF79FFF0028F8D1A41BA7003378C7
:10EB100003F0DF03502B3ED173782B2B33D02D2BFA
:10EB200034D0711C00240878FFF78CFF431EDBB241
:10EB3000182B30D8A0F1100211F8010FFFF782FF57
:10EB400000F1FF3C5FFA8CFCBCF1180F4FF00A0398
:10EB50001ED904B152421744CAF80010EDB1BBF1FE
:10EB6000000F0CBF06250025284605B0BDE8F08F34
:10EB700000252C46B0E7002CC7D12746C7E74E46F4
:10EB80002F460125C3E70024B11CCCE70124FBE795
:10EB900003FB0200CEE73146DEE7A6EB0903013BAB
:10EBA0002946072B0ADC019801F016F8044640B903
:10EBB0005C4B0246E4215C4800F0D6FE01315B105C
:10EBC000EFE700F1140A002355469B46B14537D3C1
:10EBD00045F804BBA5EB0A05AD102561584601F0C8
:10EBE000EDF86D01D8F800602D1AB54254DDAD1B6B
:10EBF0002946204601F079FC814678B16B1E5911F7
:10EC000003F01F025AF821104FF0010909FA02F22D
:10EC10000A4203D04B4536DC4FF002092946204614
:10EC2000FFF7BEFE2F44D8F80830BB4242DA019805
:10EC3000214601F011F80E9A00231360A32593E7F3
:10EC400016F8012D2E2A12D0202B04D145F804BB32
:10EC50004FF0000B5B4630780393FFF7F3FE039B06
:10EC600000F00F0098404BEA000B0433AEE7B145CB
:10EC7000EAD82B4903930122304600F057FF039B4B
:10EC80000028E1D1A2E7A91E204601F02EFC0028B1
:10EC9000C2D04FF00309C1E709DA751B214601987C
:10ECA0002A4601F0E9F97F1B044600F1140A4FF0EF
:10ECB0000009B8E7D8F80450BD426FDDED1BAE4245
:10ECC00034DCD8F80C30022B22D0032B24D0012BBB
:10ECD00015D1AE4213D1012E0BD1029AD8F80430CF
:10ECE000136001232361CAF800300E9B62251C606B
:10ECF0003AE7711E204601F0F8FB0028EDD101989B
:10ED0000214600F0A9FF0E9A0023136050252BE73F
:10ED10000F9B002BF3D1E0E70F9B002BDDD1EEE73B
:10ED20005082010852820108638201086F1EB9F106
:10ED3000000F30D127B13946204601F0D6FB81467D
:10ED40007A1101235AF8222007F01F07BB40134213
:10ED50002946204618BF49F00209FFF721FED8F8DE
:10ED60000470761B0225B9F1000F47D0D8F80C309B
:10ED7000022B15D0032B17D0012B09D119F0020F4C
:10ED800006D0DAF8003049EA030919F0010F0ED174
:10ED900045F0100532E04FF00109D1E70125E2E727
:10EDA0000F9BC3F101030F930F9B002BF0D0D4F8FE
:10EDB00010B004F114034FEA8B0A03EB8B014FF000
:10EDC000000C184653F8042BB2F1FF3F1BD0013260
:10EDD0000260022D04F114033CD1D8F80020013A5E
:10EDE000B24209D17111012253F8213006F01F06F9
:10EDF00002FA06F61E423AD145F020050E9B1C6031
:10EE0000029B1F60B0E6994243F804CCD9D8A368AE
:10EE10009B4517DB61680198013100F0DDFE8146FA
:10EE200018B91A4B02468421C5E62269023204F160
:10EE30000C0192000C3000F0B5FD2146019800F065
:10EE40000BFF4C4623695A1C04EB83032261012209
:10EE50005A61BEE722695A450BDD01212046FFF7C2
:10EE60009FFDD8F808300137BB42FFF6E0AE012520
:10EE7000C2E716F01F06FAD05344C6F1200653F835
:10EE8000040C00F09BFFB042E7DBF0E75282010880
:10EE9000C2F10802920070B5C2F12006436804680E
:10EEA00003FA06F52C43D340046040F8043F88423F
:10EEB000F4D370BD30B50368013311F8014B14B9B8
:10EEC0000360012030BD13F8012BA2F14105192D7B
:10EED00098BF2032A242F0D00020F3E72DE9F04F96
:10EEE0000B6801685E1102EB860613F01F0387B002
:10EEF00018BF04360025371F82469046019346F816
:10EF0000045CB9463C460295AB464A784B1C0393D9
:10EF100042B3104605910492FFF794FD002851D1A9
:10EF2000049A0599202A18D8029B9B4513DD4C456D
:10EF300006D2072D04DC2A4649462046FFF7A8FFE3
:10EF4000444552D90023A4F1040944F8043CCDF807
:10EF500008B04C461D460399D7E7292A57D10231FC
:10EF6000CAF80010BBF1000F51D04C4506D2072D56
:10EF700004DC2A4649462046FFF78AFF444536D935
:10EF8000A8F10402234653F8041B42F8041F9F42D1
:10EF9000F9D23B1B23F0030304330134033EB44294
:10EFA00088BF04234344002243F8042B9F42FBD232
:10EFB0003B681BB9474528D101233B60052007B0BA
:10EFC000BDE8F08F0135082D0BF1010B06DD44453E
:10EFD000C1D9002344F8043C0125043C226800F018
:10EFE0000F0040EA02102060B5E70825B3E7019B57
:10EFF000002BDDD0C3F120034FF0FF32DA4056F88A
:10F00000043C134046F8043CD2E7043FD0E7042018
:10F01000D5E70000014B1868704700BF300300209F
:10F0200070B50D4D0D4C641BA4100026A64209D1ED
:10F030000B4D0C4C04F0F4FE641BA4100026A642F9
:10F0400005D170BD55F8043B98470136EEE755F8F9
:10F05000043B98470136F2E720A7010820A70108E2
:10F0600020A7010824A701082DE9FF4757EC106BE2
:10F07000002F0C4619463B46BBBF07F100431F4615
:10F0800000232D230B700D9BDDF830A0914623F05B
:10F090002008BCBF32461646B8F1460F05D0B8F17D
:10F0A000450F00D10134022100E0032103AB01939D
:10F0B00002AB009347EC106B5346224601F0D4FAA2
:10F0C000B8F1470F054619D119F0010F0ED000EB2A
:10F0D00004090022002330463946FDF7CDFC08B173
:10F0E000CDF80C903022039B4B451ED3039B0E9A08
:10F0F0005B1B2846136004B0BDE8F087B8F1460FEB
:10F1000000EB0409E5D10378302B0AD1002200235B
:10F1100030463946FDF7B0FC18B9C4F10104CAF80D
:10F120000040DAF800309944D3E7591C03911A7073
:10F13000D9E7F7B50029BABF49422D232B23092966
:10F140000270437029DD0DF107031D460A271A4698
:10F15000B1FBF7F607FB1614303402F8014C0C46ED
:10F16000632C03F1FF333146F1DC3031941E03F898
:10F17000011C411C2346AB420AD30DF109039B1A23
:10F18000AC4288BF002302330344181A03B0F0BD19
:10F1900013F8016B01F8016FEDE730233031837014
:10F1A000C170031DF1E700002DE9F04F8DB00C4652
:10F1B000DDF8588016461F46054600F027FA03681A
:10F1C00004931846FDF72CF800230A93D8F8003072
:10F1D0000590073323F0070303F1080294F818A001
:10F1E000D4F800B0C8F80020D3E9008929F0004322
:10F1F0000793CDF81880C4E91289DDE906019C4B1C
:10F200004FF0FF32FDF76AFC70BBDDE90601984B59
:10F210004FF0FF32FDF744FC30BB00220023404694
:10F220004946FDF733FC10B12D2384F84330914A51
:10F23000914BBAF1470F8CBF904698460323236148
:10F240002BF0040323604FF00009009733460BAA0C
:10F250002146284600F0EBF9013040F08D804FF058
:10F26000FF300DB0BDE8F08F42464B464046494660
:10F27000FDF734FC40B14B46002BBCBF2D2384F876
:10F2800043307E4A7E4BD4E763680AF0DF02069281
:10F290005A1C3BD1062363604BF48062002322603A
:10F2A00003930AABCDE901A309AB0093616849EC74
:10F2B000108B0DF123032846FFF7D6FE069B099914
:10F2C000472B804629D1C81C02DB6368994241DD87
:10F2D000AAF1020A5FFA8AFA0139524604F1500093
:10F2E0000991FFF726FF0A9A1318012A8146236124
:10F2F00002DC2268D20701D5013323619DF8233057
:10F30000002BA2D02D2384F843309EE7069A472A8B
:10F31000C2D1002BC0D10123BDE7BAF1650FDBD903
:10F32000BAF1660F18D1002963680BDD216113B9AA
:10F330002268D00702D501330B442361A1654FF049
:10F340000009DBE713B92268D20701D50233F4E7DD
:10F350000123F2E74FF0670A0A9B994205DB236815
:10F360002161D807EAD54B1CE7E70029D4BFC1F1DA
:10F37000020201221344E0E723685A0507D42369F7
:10F38000424631462846B84701302BD167E7BAF1EB
:10F39000650F40F2DD80D4E9120100220023FDF761
:10F3A0006BFB002833D0374A012331462846B84743
:10F3B00001303FF454AFDDE90938434502DB2368EF
:10F3C000D8070FD5DDE9042331462846B847013078
:10F3D0003FF445AF4FF0000908F1FF3804F11A0A75
:10F3E000C84509DC23689B0700F10381E0680B9B9B
:10F3F0009842B8BF184634E70123524631462846A2
:10F40000B84701303FF42BAF09F10109E8E7099B48
:10F41000002B39DC1B4A012331462846B84701300E
:10F420003FF41DAFDDE9093959EA030302D123682E
:10F43000D907D7D5DDE9042331462846B84701303E
:10F440003FF40DAF4FF0000A04F11A0B099B5B4229
:10F45000534501DC4B4693E701235A463146284683
:10F46000B84701303FF4FBAE0AF1010AEEE700BFF6
:10F47000FFFFEF7FD0820108CC820108D88201080B
:10F48000D4820108DC820108A36DDDF828A0534571
:10F49000A8BF5346002B994636DC4FF0000B29EAF3
:10F4A000E97904F11A02A36D0693A3EB09035B4506
:10F4B00031DC099B9A453ADC2368DA0737D4099B8B
:10F4C000AAEB0309069BAAEB03039945A8BF99463B
:10F4D000B9F1000F33DC4FF0000829EAE97904F1B3
:10F4E0001A0B099BAAEB0303A3EB090343457FF720
:10F4F00079AF01235A4631462846B84701303FF4D8
:10F50000AEAE08F10108ECE7424631462846B8475E
:10F510000130C2D1A3E60123314628460692B847FE
:10F5200001303FF49CAE069A0BF1010BBBE7DDE91D
:10F53000042331462846B8470130C0D18FE6069AE9
:10F540004B46424431462846B8470130C3D186E68F
:10F55000DDF828A0BAF1010F01DCDB0736D5012365
:10F56000424631462846B84701303FF478AEDDE9DF
:10F57000042331462846B84701303FF470AED4E941
:10F580001201002200230AF1FF3AFDF775FAC0B913
:10F59000534608F1010231462846B84701300CD1E4
:10F5A0005DE601235A4631462846B84701303FF40C
:10F5B00056AE08F10108D045F3DB4B4604F150028A
:10F5C000DFE64FF0000804F11A0BF4E7012342468E
:10F5D000E1E701234A4631462846B84701303FF467
:10F5E0003EAE08F10108E3680B995B1A4345F0DC75
:10F5F000FCE64FF0000804F11909F4E70244034661
:10F60000934200D1704703F8011BF9E700487047A7
:10F61000B40200200346084641B1FF2A04D98A22D9
:10F620001A604FF0FF3070470A70012070472DE9D3
:10F63000F047164698468A680B69DDF82090934299
:10F64000B8BF1346336091F8432007460C460AB111
:10F65000013333602368990642BF33680233336055
:10F66000256815F0060506D104F1190AE368326829
:10F670009B1AAB4226DC94F843302268003B18BF4B
:10F68000012392062BD404F1430241463846C84771
:10F6900001301ED02368226903F00603042B02BF49
:10F6A000E5683368ED1AA3680CBF25EAE575002507
:10F6B0009342C4BF9B1AED1800261A34B5421AD1E2
:10F6C000002008E00123524641463846C847013031
:10F6D00003D14FF0FF30BDE8F0870135C6E7E118F0
:10F6E0005A1C302081F84300224494F8451082F8D7
:10F6F00043100233C7E70123224641463846C84734
:10F700000130E6D00136D9E72DE9FF470F7E0C9E88
:10F71000782F914680460C469A4601F1430207D85D
:10F72000622F0AD8002F00F0D180582F00F0B88047
:10F7300004F1420684F842703AE0A7F16303152B06
:10F74000F6D801A151F823F0A1F70008B5F7000899
:10F7500031F7000831F7000831F7000831F70008E9
:10F76000B5F7000831F7000831F7000831F7000855
:10F7700031F70008B3F80008DFF700086DF800085B
:10F7800031F7000831F70008D5F8000831F7000814
:10F79000DFF7000831F7000831F7000875F80008B6
:10F7A00033681A1D1B68326004F1420684F8423047
:10F7B00001239CE033682068191D3160060601D5DD
:10F7C0001D6803E04506FBD5B3F90050002D03DAB0
:10F7D0002D236D4284F8433058480A2311E02168F4
:10F7E0003368080653F8045B02D4490648BFADB23B
:10F7F0006F2F5248336014BF0A230823002184F876
:10F8000043106668A660002E05DB21682E4321F0B8
:10F81000040121604BD01646B5FBF3F103FB1157F1
:10F82000C75D06F8017D2F46BB420D46F4D9082B73
:10F830000BD12368DF0708D5236961689942DEBFD1
:10F84000302306F8013C06F1FF36921B2261CDF809
:10F8500000A04B4603AA21464046FFF7E8FE0130D0
:10F860004AD14FF0FF3004B0BDE8F087236843F081
:10F87000200323603248782784F845702368316874
:10F880001F0651F8045B02D45F0648BFADB2316079
:10F89000D90744BF43F0200323601DB11023ADE717
:10F8A0002648E9E7236823F020032360F6E716469D
:10F8B000BDE7336825686169181D30602E061B6836
:10F8C00001D5196002E06806FBD519800023236189
:10F8D0001646BCE733681A1D32601E686268002154
:10F8E0003046FCF74DFC08B1801B60606368236103
:10F8F000002384F84330AAE723693246494640464C
:10F90000D0470130ADD023689B0713D4E068039B38
:10F910009842B8BF1846A6E70123324649464046FA
:10F92000D04701309DD00135E36803995B1AAB42A3
:10F93000F2DCEBE7002504F11906F5E7DE820108A9
:10F94000EF82010882B001B901A942B14BB113782D
:10F950000B601278101E18BF012002B070471046CD
:10F96000FBE76FF00100F8E71FB514461A46094B94
:10F970001B680546D8684CB1074B0091CDE90134AE
:10F9800006492B4600F0C0F801F094FF044B1C46DA
:10F99000F3E700BF30030020008301080D83010856
:10F9A0003B8301080A44914200F1FF3300D17047C4
:10F9B00010B511F8014B03F8014F9142F9D110BD78
:10F9C000002310B50446C0E90033C0E90433836066
:10F9D00081814366C2818361194608225C30FFF74A
:10F9E0000DFE0D4B63620D4BA3620D4BE3620D4B9D
:10F9F00023630D4B24629C4206D003F168029442BB
:10FA000002D0D0339C4205D104F15800BDE810402B
:10FA100001F0DEBD10BD00BF51FB000873FB000804
:10FA2000ABFB0008CFFB0008C4370020024A0349A3
:10FA3000034801F0F7BB00BF80030020E116010876
:10FA40003403002041680C4B994210B5044601D0A4
:10FA500001F046FEA168094B994202D0204601F010
:10FA60003FFEE168064B994204D02046BDE81040B5
:10FA700001F036BE10BD00BFC43700202C38002076
:10FA80009438002010B50B4B0B4C0C4A1A602046E2
:10FA900000220421FFF794FF04F1680001220921EC
:10FAA000FFF78EFF04F1D0000222BDE810401221C2
:10FAB000FFF786BFFC380020C43700202DFA00086D
:10FAC000014801F086BD00BF01390020014801F066
:10FAD00081BD00BF0139002010B50446FFF7F0FFDB
:10FAE000236A1BB1BDE81040FFF7F0BF044B23624F
:10FAF000044B1B68002BF5D1FFF7C4FFF2E700BFF2
:10FB000045FA0008FC3800200EB403B5014603ABEB
:10FB1000054853F8042B0068019301F0EBFB02B099
:10FB20005DF804EB03B070473003002010B56AB1F4
:10FB30000139841810F8012B11F8013F9A4203D1C2
:10FB4000A04201D0002AF5D1D01A10BD1046FCE722
:10FB500010B50C46B1F90E1001F052FB0028ABBFF6
:10FB6000636DA3891B1823F48053ACBF6365A38125
:10FB700010BD2DE9F0411F468B89DB0505460C467B
:10FB8000164605D5B1F90E100223002201F026FB1E
:10FB9000A389B4F90E1023F48053A38132463B4667
:10FBA0002846BDE8F04101F069BB10B50C46B1F93B
:10FBB0000E1001F013FB431CA38915BF606523F4ED
:10FBC000805343F48053A38118BFA38110BDB1F9C2
:10FBD0000E1001F05FBE000070B5C66904460D4608
:10FBE00076B9102001F0A4FD0246E06120B9184B5F
:10FBF00018486B21FFF7B8FEC0E901660660C660D1
:10FC0000E669F36883B1E369DB6853F82500B8B9A6
:10FC1000012101FA05F6721D9200204600F086FCD3
:10FC200060B1C0E901560EE021220421204600F017
:10FC30007DFCE369F060DB68002BE4D1002070BD3F
:10FC4000026843F825200023C0E90333F7E700BF2B
:10FC50003C8301085383010870B5C66905460C460C
:10FC600076B9102001F064FD0246E86120B9094B25
:10FC700009488F21FFF778FEC0E901660660C6607B
:10FC80003CB1EB696268DB6853F82210216043F8ED
:10FC9000224070BD3C830108538301082DE9F041E7
:10FCA0000D6907460C461E4601F1140C0020DCF8D5
:10FCB000003099B202FB01611E0C0B0C02FB0633F3
:10FCC00089B2013001EB034185424CF8041B4FEA35
:10FCD0001346ECDC0EB3A368AB4219DC616838460E
:10FCE0000131FFF779FF804628B902460C4B0D48D9
:10FCF000BA21FFF739FE2269023204F10C019200A9
:10FD00000C30FFF74FFE21463846FFF7A5FF44466B
:10FD100004EB850301355E6125612046BDE8F08175
:10FD200052820108538301082DE9F8430C46154619
:10FD30001F4609220833064693FBF2F300210122F5
:10FD40009A4209DB3046FFF747FF40B90246194B9C
:10FD50001948D321FFF708FE52000131F0E7089B54
:10FD60004361092D4FF00103036116DD04F1090918
:10FD7000C8462C4418F8013B0146303B0A22304665
:10FD8000FFF78CFFA045F5D1A5F108044C442D1BCD
:10FD90006319BB4204DBBDE8F8830A340925F6E7A2
:10FDA00014F8013B0146303B0A223046FFF776FF4C
:10FDB000EEE700BF5282010853830108B0F5803F8F
:10FDC000034636BF030400201020B3F1807F3CBF00
:10FDD0001B020830B3F1805F3CBF1B010430B3F15C
:10FDE000804F3CBF9B000230002B05DB13F0804F9F
:10FDF00000F1010008BF202070470368024613F09D
:10FE000007000BD0D90721D4980749BF5B089B088E
:10FE1000012013605CBF13600220704799B209B9DA
:10FE20001B0C1020D9B209B908301B0A190704BFEE
:10FE30001B090430990704BF9B080230D90703D47B
:10FE40005B0800F1010003D0136070470020704789
:10FE50002020704710B50C460121FFF7BDFE024679
:10FE600028B9054B054840F24511FFF77DFD0123F8
:10FE70004461036110BD00BF528201085383010831
:10FE80002DE9F04F17460A693B699A42A8BF3B46E5
:10FE90008946A4BF0F4699463D69D9F810A0BB68B2
:10FEA000796805EB0A06B34285B0B8BF0131FFF7A8
:10FEB00093FE30B90246414B41484FF4B171FFF710
:10FEC00053FD00F1140404EB860E23460022734513
:10FED00020D307F1140809F1140108EB850501EBA3
:10FEE0008A030293EB1B153B23F0030304331537FE
:10FEF000BD4238BF04230193029B03918B420CD86F
:10FF0000002E03DD5EF8043D002B55D0066105B0E0
:10FF1000BDE8F08F43F8042BD9E7B1F800A0BAF19F
:10FF2000000F1FD0C446A14600275CF8042BD9F867
:10FF300000301FFA82FB9BB20AFB0B333B44D9F81B
:10FF40000070120C3F0C0AFB027202EB13429BB2D0
:10FF500043EA0243654549F8043B4FEA1247E4D8B7
:10FF6000019BE750039BB3F802900431B9F1000FF5
:10FF700020D023684746A4464FF0000AB7F800B0E7
:10FF8000BCF8022009FB0B2252449BB243EA024315
:10FF90004CF8043B57F8043B4FEA134ABCF80030D6
:10FFA00009FB0A3303EB1243BD424FEA134AE5D87B
:10FFB000019AA35004349FE7013EA1E75282010851
:10FFC000538301082DE9F843154612F00302074652
:10FFD0000E4607D0254C013A002354F82220FFF7A3
:10FFE0005DFE0646AD103DD0FC697CB9102001F0E5
:10FFF0009FFB0246F86128B91D4B1E4840F2B31121
:020000040801F1
:10000000FFF7B2FCC0E901440460C460D7F81C806B
:10001000D8F808404CB940F271213846FFF71AFF72
:100020000023C8F80800044603604FF00009EB07FE
:100030000AD5314622463846FFF722FF3146804630
:100040003846FFF709FE46466D100BD0206838B9D8
:10005000224621463846FFF713FF2060C0F8009083
:100060000446E4E73046BDE8F88300BF7884010821
:100070003C830108538301082DE9F0470C46496889
:10008000236903EB6218A368074691464FEA621A98
:1000900008F10106B3420BDB3846FFF79DFD05462C
:1000A00048B90246284B29484FF4EF71FFF75CFC32
:1000B00001315B00EEE7002300F1140100F11002B2
:1000C0001846534533DB20692AEAEA7A04F114031F
:1000D00019F01F0901EB8A0103EB800C2BD0C9F149
:1000E000200E8A460022186800FA09F010434AF8E8
:1000F000040B53F8042B9C4522FA0EF2F3D8ACEB18
:100100000403153B23F00303043304F11500604599
:1001100088BF0423CA500AB108F10206013E3846DE
:100120002E612146FFF798FD2846BDE8F08742F88A
:10013000040F0133C5E7043953F8042B41F8042FA9
:100140009C45F9D8EAE700BF5282010853830108B1
:100150000A6903460069801A30B50ED11433143190
:1001600003EB820401EB820154F8045D51F8042D85
:10017000954203D005D24FF0FF3030BDA342F3D3F8
:10018000FBE70120F9E700002DE9F74F8946064615
:10019000114648461446FFF7DBFF051E12D12946DB
:1001A0003046FFF719FD024628B93F4B40F2372190
:1001B0003E48FFF7D9FB0123C0E90435104603B0E0
:1001C000BDE8F08FBCBF4B46A1463046D9F80410BD
:1001D000BABF1C4601250025FFF7FEFC024618B9F0
:1001E000314B40F24521E3E7D9F810702669C5602C
:1001F00009F1100309F1140504F1140E00F1140BB8
:1002000005EB87080EEB86060193D9464FF0000CEC
:10021000019B5EF8040B53F804AF01931FFA8AF3B5
:10022000194683B2CB1A000C6344C0EB1A4000EBB2
:1002300023409BB243EA0043764549F8043B4FEA2A
:10024000204CE5D8331B153B23F00303153404334E
:10025000A64238BF04231D445B441E462C46444539
:100260000ED308F10301491B21F00301033DA8450A
:1002700038BF00210B4453F8041D91B117619DE76D
:1002800054F8041BE646080C1CFA81FC714400EB90
:100290002C4089B241EA004146F8041B4FEA204C49
:1002A000DDE7013FE7E700BF528201085383010801
:1002B00082B08DED000B019A0F4B1340A3F15073E8
:1002C000002B08DC5B42B3F1A07F4FEA235204DA33
:1002D0004FF400231341002208E0A2F114031E2B67
:1002E000DABF4FF00042DA400122002319461046DF
:1002F00041EC100B02B070470000F07F2DE9F04197
:10030000066900F1140808EB8606371F56F8042C1E
:100310001046FFF753FDC0F120030A280B601B496C
:1003200015DCC0F10B0C22FA0CF3B84543EA0105C9
:1003300034BF56F8083C0023153002FA00F023FAC7
:100340000CF303431C4645EC104BBDE8F081B84567
:100350003ABF56F8083CA6F1080700230B3812D024
:10036000C0F1200123FA01F482402243474542F0C4
:100370007F558CBF57F8042C00228340CA4045F4B7
:1003800040151343DEE742EA0105DBE70000F03FDA
:100390002DE9F7430F46012159EC108B1646FFF764
:1003A0001BFC044630B90246234B244840F20F316F
:1003B000FFF7DAFAC9F30A55C9F313030DB143F491
:1003C00080130193B8F1000323D068460093FFF730
:1003D00014FDDDE90012D0B1C0F1200302FA03F3ED
:1003E0000B43C24063610192019BA361002B0CBFD0
:1003F000012202222261A5B1A5F2334505443D60E8
:10040000C0F135003060204603B0BDE8F083616183
:10041000EAE701A8FFF7F1FC019B636120300122AC
:10042000E8E704EB8203A0F2324038601869FFF776
:10043000C5FCC0EB4210E5E7528201085383010876
:100440002DE9F04F85B0CDE9001002A9FFF756FF66
:10045000009803A955EC104BFFF750FF019B196959
:10046000009B1B69C91ADDE902329B1A5BEC10ABD9
:1004700003EB4113002BCEBF2A46C3EB03335A468E
:100480002F46D946CCBF02EB035702EB03594B462C
:10049000524620463946FCF7B1F941EC100B05B045
:1004A000BDE8F08F013970B549111469013102F1CD
:1004B000140300EB810103EB8404051FA3420CD35A
:1004C000A31A113B23F003031132A24288BF002379
:1004D00018440023884205D370BD53F8046B45F8D7
:1004E000046FEBE740F8043BF4E700F11402006905
:1004F0004B11984210B511DB0ADD11F01F0107D036
:1005000052F8234024FA01F000FA01F18C420BD199
:1005100002EB8303934203D8002010BD0346F7E7A4
:1005200053F8041D0029F5D00120F6E770B5A1FBB2
:10053000025434B9294601F02DF9064628B930464F
:1005400070BD0C2202600026F9E72A462146FFF71B
:1005500055F8F4E72DE9F74F03690C69A342074604
:100560007EDB013C01F11408A30000F114050093A7
:1005700005EB8403019358F8243055F82420013307
:100580009A4208EB8409B2FBF3F62ED34FF0000A2F
:10059000C446AE46D3465CF8043B98B206FB00A0C6
:1005A000020C1B0C06FB0323DEF8002080B292B283
:1005B000121A5A44DEF800004FEA134A9BB2C3EB0A
:1005C000224303EB104392B242EA0342E1454EF864
:1005D000042B4FEA234BDED2009BEB582BB9019B37
:1005E000043B9D421A462FD33C613846FFF7B0FDCD
:1005F000002825DB2946002058F8042BD1F800C03C
:100600001FFA82FE1FFA8CF3A3EB0E030344120CB5
:10061000C2EB234202EB1C429BB243EA0243C145B8
:1006200041F8043B4FEA2240E6D255F8242005EB7E
:10063000840322B9043B9D421A460BD33C61013628
:10064000304603B0BDE8F08F1268043B002ACBD1DE
:10065000013CC6E71268043B002AEFD1013CEAE7FF
:100660000020EEE7000000002DE9F04FC76999B0C7
:100670008DED040B55EC104B229E099183460E9292
:1006800013937FB9102001F053F80246CBF81C00F9
:1006900020B9A54BEF21A548FFF766F9C0E901771E
:1006A0000760C760DBF81C30196859B15A684A60A6
:1006B000012393408B605846FFF7CEFADBF81C30DD
:1006C00000221A602B1EB9BF23F0004305930023BC
:1006D0003360059F964BBCBF01223260BB4312D1F1
:1006E000139A42F20F731360C7F31303234300F00E
:1006F0004385239BDFF84CA2002B00F045850AF1CF
:10070000030300F03FBD9DED047B002251EC170B6D
:1007100000238DED0C7BFCF7AFF9804658B1139A9E
:1007200001231360239B13B1239A824B1360DFF8DC
:1007300018A200F029BD9DED0C0B16AA17A958466A
:10074000FFF726FEC7F30A568146002E77D00D9B91
:10075000CDF85080C3F31303DDE90C0143F07F5360
:1007600043F44013A6F2FF3619460022724BFBF702
:1007700063FD67A3D3E90023FBF716FF66A3D3E964
:100780000023FBF75BFD044630460D46FBF7A2FE57
:1007900063A3D3E90023FBF707FF02460B4620467D
:1007A0002946FBF74BFD04460D46FCF7ADF9002248
:1007B0000746002320462946FCF768F940B1384631
:1007C000FBF788FE22462B46FCF756F900B9013F9D
:1007D000162F51D8594B03EBC703D3E90023DDE9AA
:1007E0000C01FCF753F9002848D0013F0023129375
:1007F000169B9B1B5A1E44BFC3F10108002308929D
:1008000054BF4FF000080893002F39DB089B0F9767
:100810003B44089300230A93099B092B61D8052BBD
:10082000C4BF043B0993099BA3F10203CCBF00247E
:100830000124032B61D8DFE803F05052352ADDE9AB
:1008400016631E4406F23243202BC1BFC3F140039E
:100850009F4006F2124324FA03F3D6BFC3F12003EC
:1008600047EA030004FA03F0FBF724FE0122A1F19A
:10087000F873013E149277E70123B8E71290B7E7C7
:100880007B420A930023A8EB07080F93C4E70123D8
:100890000B930E9BFB1800930133012B0393B8BFFE
:1008A000012306E001230B930E9B002B28DD009310
:1008B0000393DBF81C000021042202F114059D4281
:1008C00023D941605846FFF787F9824600283DD179
:1008D0001B4B024640F2AF11DDE60023E3E70023A5
:1008E000D6E70124002309930B944FF0FF330093C4
:1008F0000393002212230E92DBE701230B93F4E70C
:100900000123009303931A46F5E701315200D4E71F
:1009100061436F63A787D23FB3C8608B288AC63F05
:10092000FB799F501344D33F3C830108BA830108ED
:100930000000F07FDD8201080000F83FB08401086C
:1009400052820108B6830108DC820108DBF81C3002
:100950001860039B0E2B00F2A180002C00F09E80FB
:10096000002F33DD9C4B07F00F0203EBC20393ED26
:10097000007BF8058DED067B4FEA271416D5974BC3
:10098000DDE90C01D3E90823FBF738FFCDE90401C9
:1009900004F00F040326914D54B9DDE90623DDE987
:1009A0000401FBF72BFFCDE9040128E00226F2E762
:1009B000E10708D5DDE90601D5E90023FBF7F4FDE1
:1009C000CDE90601013664100835E5E700F0AF8097
:1009D0007C42814B814D04F00F0203EBC203D3E94B
:1009E0000023DDE90C01FBF7DFFDCDE90401241153
:1009F00000230226002C40F08F80002BD3D1129BC5
:100A0000DDE90445002B00F09480754B0022204660
:100A10002946FCF73BF8002800F08B80039B002B55
:100A200000F08780009B002B34DD7B1E0693204660
:100A30006C4B00222946FBF7B7FDCDE90401009C71
:100A400001363046FBF746FDDDE90423FBF7ACFD3C
:100A5000654B0022FBF7F2FB0546A1F15076002C16
:100A60006AD1DDE90401614B0022FBF7E5FB024698
:100A70000B46CDE904232A463346FCF725F8002827
:100A800040F08782DDE904012A4606F10043FBF7C6
:100A9000FDFF38BBDDE90C34CDE90434179B002B96
:100AA000C0F258810E2F00F355814B4B03EBC70367
:100AB00093ED007B0E9B002B8DED007B80F2E5809B
:100AC000039B002B00F3E1800CD1484B002251EC3A
:100AD000170BFBF769FDDDE90423FBF7EBFF0028AB
:100AE00000F05582002425460E9BDB4306935646B4
:100AF000002721465846FFF7AFF8002D00F0BD80D3
:100B00002FB1AF4203D039465846FFF7A5F8294622
:100B10005846FFF7A1F8B0E0E20705D5D5E9002374
:100B2000FBF742FD013601236410083562E7022617
:100B300065E7039C069784E7274B0B9903EBC403F7
:100B400053E902235444002954D029490020FBF7DB
:100B500055FE33462A46FBF76FFBCDE9100156469A
:100B6000DDE90401FBF7D0FF0546FBF7B3FC0246C5
:100B70000B46DDE90401FBF75FFB303502460B460F
:100B8000CDE9042306F8015BDDE91023FBF77EFFC6
:100B9000002872D1DDE9042311490020FBF74CFB4A
:100BA000DDE91023FBF772FF002840F0B480A64275
:100BB0003FF470AFDDE910010A4B0022FBF7F4FCB3
:100BC000084BCDE910010022DDE90401FBF7ECFC44
:100BD000CDE90401C4E700BFB0840108888401089E
:100BE0000000F03F0000244000001C4000001440C2
:100BF0000000E03F31462846FBF7D6FCCDE9100166
:100C000015945646DDE90401FBF77EFF0546FBF728
:100C100061FC02460B46DDE90401FBF70DFB3035B4
:100C200006F8015B02460B46A642CDE904234FF0CD
:100C3000000224D1AB4BDDE91001FBF7FFFA0246BD
:100C40000B46DDE90401FBF73FFF002863D1DDE936
:100C50001023A4490020FBF7EFFA02460B46DDE91A
:100C60000401FBF713FF00283FF414AF159E731E19
:100C7000159316F8013C302BF8D0069F3BE09A4BB9
:100C8000FBF792FCCDE90401BCE7DDE904455646DB
:100C9000DDE9002320462946FBF7B0FDFBF734FFD2
:100CA0008046FBF717FCDDE90023FBF77DFC0246DD
:100CB0000B462046294608F13004FBF7BDFA06F83A
:100CC000014B039DA6EB0A04A54202460B4634D114
:100CD000FBF7B4FADDE9002304460D46FBF7F4FE0A
:100CE000C0B9DDE9002320462946FBF7C5FE10B157
:100CF00018F0010F0ED149465846FEF7ADFF00230C
:100D00003370139B01371F60239B002B00F03C8244
:100D10001E6039E2069733461E4613F8012D392A24
:100D200007D19A45F8D1069A0132069230228AF804
:100D300000201A7801321A709FE76B4B0022FBF7F4
:100D400033FC0022002304460D46FBF795FE0028E5
:100D50009ED0D0E70B9A002A00F0E180099A012A80
:100D600000F3C480149A002A00F0B78003F23343E2
:100D70000A9C4646089A01211A445846984408920B
:100D8000FFF768F805465EB1089B002B08DDB3420B
:100D9000089AA8BF3346A8EB0308F61AD31A08939B
:100DA0000A9BF3B10B9B002B00F0BD808CB1294650
:100DB00022465846FFF706F94A4601460546584678
:100DC000FFF75EF8494606905846FEF745FF069B3A
:100DD00099460A9B1A1B04D049465846FFF7F2F879
:100DE000814601215846FFF735F80F9B0446002B3A
:100DF00000F0CE811A4601465846FFF7E3F8099BFA
:100E0000012B044600F39580049B002B40F08D805D
:100E1000059BC3F31303002B40F08980059B23F04F
:100E200000431B0D1B052BB1089B0133089308F1F0
:100E3000010801230A930F9B002B00F0AF81236967
:100E400004EB83031869FEF7B9FFC0F12000089B8B
:100E5000184410F01F0077D0C0F12003042B6BDD85
:100E6000089BC0F11C000344804406440893B8F179
:100E7000000F05DD494642465846FFF7FDF881461A
:100E8000089B002B05DD21461A465846FFF7F4F86B
:100E90000446129B002B59D021464846FFF758F9CB
:100EA000002853DA7B1E0693494600230A2258463F
:100EB000FEF7F4FE0B9B8146002B00F071810023AE
:100EC00029460A225846FEF7E9FE009B002B0546FC
:100ED00067DC099B022B41DC63E0169BC3F1360300
:100EE00046E700BF0000E03F00002440039B5C1E7B
:100EF0000A9BA34209DB1C1B039B002BBFF639AFE7
:100F0000039BA8EB0306002334E70A9B0F9A0A947D
:100F1000E31A1A440F92039B464600242AE70A9CD0
:100F20000B9D46462FE70A9A56E7002382E7049B6B
:100F300080E700230A9382E799D0089A1C331A4469
:100F400098441E44089292E70346F6E7039B0697EF
:100F5000002B20DC0093099B022B1EDD009B002B45
:100F60007FF4C2AD214605225846FEF797FE0146A2
:100F700004464846FFF7ECF800287FF7B5AD564623
:100F8000312306F8013B069B01330693B0E5039C31
:100F900006972546F3E7039B00930B9B002B00F07D
:100FA0000381002E05DD294632465846FFF764F8D6
:100FB00005460A9B002B5AD069685846FEF70CFE7E
:100FC000064628B9834B024640F2EF21FFF763BB88
:100FD0002A690232920005F10C010C30FEF7E2FCA6
:100FE000012231465846FFF747F80AF101030393FF
:100FF000009B53440B93049B03F001032F460A9379
:101000000546039B2146013B48460093FFF7A2FAA1
:101010003946049000F130084846FFF799F82A460F
:10102000089021465846FFF7AFF8C268064602BB53
:1010300001464846FFF78CF80246314658460E9264
:10104000FEF70AFE099B0E9A039E42EA03010A9BE1
:10105000194310D1B8F1390F29D0089B002B02DDBC
:10106000049B03F13108009B83F8008041E528468A
:10107000BBE70122E1E7089B002B04DB09990B4346
:101080000A990B4320D1002AEDDD4946012258463A
:10109000FEF7F2FF21468146FFF75AF8002803DCED
:1010A000E1D118F0010FDED0B8F1390FD8D1009A94
:1010B0003923137033461E46013B16F8012C392A9A
:1010C00051D001321A7014E5002A07DDB8F1390F4A
:1010D000EDD0009A08F1010313700AE5039B0B9A07
:1010E00003F8018C934228D0494600230A2258462F
:1010F000FEF7D4FDAF4281464FF000034FF00A02E5
:101100003946584607D1FEF7C9FD07460546039BF9
:101110000133039375E7FEF7C1FD29460746002317
:101120000A225846FEF7BAFD0546F0E7009B002B61
:10113000CCBF1E4601265644002749460122584688
:10114000FEF79AFF21468146FFF702F80028B1DC3E
:1011500002D118F0010FADD133461E4613F8012D10
:10116000302AFAD0C5E49A45A5D1069B01330693EF
:1011700031238AF80030BCE4239BDFF85CA01BB16C
:101180000AF10803239A1360504619B0BDE8F08FA6
:10119000099B012B7FF738AE0F9B0A93012056E67F
:1011A000009B002B7FF7D7AE564621464846FFF7F7
:1011B000D1F900F1300806F8018B009BA6EB0A027A
:1011C0009342B3DD494600230A225846FEF766FDE6
:1011D0008146EAE752820108AD83010838B5074D20
:1011E00004460846114600222A601A46FCF7AEFD66
:1011F000431C02D12B6803B1236038BD0C39002099
:1012000038B5074D04460846114600222A601A46A2
:10121000FCF7A6FD431C02D12B6803B1236038BD47
:101220000C3900202DE9F84307468846144600266D
:10123000D4E90195B9F1010905D52468002CF7D14D
:101240003046BDE8F883AB89012B07D9B5F90E30DC
:10125000013303D029463846C04706436835E9E7DD
:101260009FED010B704700BF000000000000F87FF9
:101270009FED010A704700BF0000C07F38B5074DE1
:1012800004460846114600222A601A46FCF76CFD07
:10129000431C02D12B6803B1236038BD0C390020F8
:1012A0009368013B002B10B4936008DA9469A34261
:1012B00001DB0A2903D15DF8044B00F063BB13681E
:1012C000581C1060197008465DF8044B7047F8B55B
:1012D00006460F461446D518AC4201D1002007E05F
:1012E00014F8011B3A463046FFF7DAFF431CF3D1EE
:1012F000F8BD00002DE9F04F0D469DB0144698460C
:10130000064618B1036A0BB9FEF7E6FB6B6ED90708
:1013100005D4AB899A0502D4A86D00F05AF9AB89BF
:101320001B0701D52B699BB92946304600F0FAF816
:1013300070B16B6EDC0704D54FF0FF301DB0BDE817
:10134000F08FAB899805F7D4A86D00F043F9F3E767
:101350000023099320238DF82930CDF80C80302309
:10136000DFF8AC818DF82A304FF0010923469A4608
:1013700013F8012B0AB1252AF9D1BAEB040B0BD0D3
:101380005B46224629463046FFF7A1FF013000F0B8
:10139000A780099A5A4409929AF80030002B00F06D
:1013A0009F8000234FF0FF32CDE905230AF1010AA7
:1013B000049307938DF853301A935446052214F87A
:1013C000011B5348FAF7DCFE049AD8B9D10644BF92
:1013D00020238DF85330130744BF2B238DF853304F
:1013E0009AF800302A2B15D0079A544600204FF067
:1013F0000A0C214611F8013B303B092B4BD9B0B107
:10140000079214E0A0EB080309FA03F313430493D3
:10141000A246D2E7039B191D1B680391002BBBBF9B
:101420005B4242F0020207930793B8BF049223780D
:101430002E2B0AD163782A2B32D1039B1A1D1B68ED
:10144000039243EAE37302340593DFF8D4A02178D2
:1014500003225046FAF794FE38B1049BA0EB0A0031
:101460004022824013430134049314F8011B29489D
:101470008DF828100622FAF783FE00283FD0264B6D
:101480001BBB039B073323F0070308330393099B1C
:101490003B4409936AE70CFB02320C460120A8E7A3
:1014A00000230134059319464FF00A0C204610F82A
:1014B000012B303A092A03D9002BC6D00591C4E785
:1014C0000CFB012104460123F0E703AB00932A46FD
:1014D000124B04A93046FDF767FE0746781CD6D1AB
:1014E0006B6ED90705D4AB899A0502D4A86D00F0BC
:1014F00071F8AB895B063FF51FAF09981EE703AB98
:1015000000932A46054B04A93046FEF7FDF8E4E7B0
:10151000138401081D840108A9F10008CF120108F5
:101520001984010838B5294B054618680C4618B1CE
:10153000036A0BB9FEF7D0FAB4F90C30190722D4BC
:10154000DA0607D409222A6043F04003A3814FF052
:10155000FF3033E0580712D5616B41B104F1440309
:10156000994202D0284600F079FA00236363A389E8
:1015700023F02403A3810023636023692360A389EC
:1015800043F00803A38123694BB9A38903F42073B3
:10159000B3F5007F03D02146284600F0CFFAB4F916
:1015A0000C3013F001020AD00022A260626952429C
:1015B000A261226942B913F08000C5D138BD9907F4
:1015C00058BF6269A260F4E70020F7E7300300200B
:1015D0007047704770470000B1F90C202DE9F041C9
:1015E000160705460C4654D44B68002B02DC0B6CE6
:1015F000002B48DDE66A002E45D0002312F480520D
:101600002F68216A2B6030D0626DA389590705D5F8
:101610006368D21A636B0BB1236CD21A0023E66A9B
:10162000216A2846B047431CA38906D129681D2991
:101630002BD82A4ACA40D60727D500226260D9048F
:101640002269226004D5421C01D12B6803B9606570
:10165000616B2F60B9B104F14403994202D028466E
:1016600000F0FCF9002363630DE001232846B04736
:101670000246501CC9D12B68002BC6D01D2B01D0AF
:10168000162B1ED12F60002022E043F040031BB236
:101690001BE00F69002FF6D093070E6808BF4B6957
:1016A0000F6018BF0023A6EB07088B60B8F1000F8E
:1016B000E9DD216AA66A43463A462846B047002833
:1016C00008DCB4F90C3043F04003A3814FF0FF3045
:1016D000BDE8F0810744A8EB0008E7E701004020DF
:1016E00038B50B6905460C4613B90025284638BDA8
:1016F00018B1036A0BB9FEF7EFF9B4F90C30002BFF
:10170000F3D0626ED00704D4990502D4A06DFFF720
:1017100060FF28462146FFF75FFF636EDA07054644
:10172000E4D4A3899B05E1D4A06DFFF753FFDDE767
:10173000024B0146186800F02DB800BF30030020AE
:10174000024B0146186800F089B900BF3003002041
:1017500070B50F4E0C463168054611B900F002F91C
:1017600030602146284600F0FDF8431C03D14FF0BD
:10177000FF34204670BDC41C24F00304A042F8D0FE
:10178000211A284600F0EEF80130F2D1EFE700BF51
:10179000043900202DE9F843CD1C25F00305083558
:1017A0000C2D38BF0C25002D064601DBA94204D9BB
:1017B0000C2333600020BDE8F883DFF8D48000F00C
:1017C000B1F8D8F800301C4644BB29463046FFF734
:1017D000BFFF431C044658D1D8F800402746002FCD
:1017E00043D1002C4BD023683946304604EB030923
:1017F00000F0B8F8814542D121686D1A294630467B
:10180000FFF7A6FF01303AD023682B442360D8F8B5
:1018100000305A6862BBC8F800700FE02268521BA3
:1018200020D40B2A17D96119A342256018BF59602B
:10183000636808BFC8F8001062514B60304600F082
:1018400077F804F10B00231D20F00700C21A1CBF1B
:101850001B1AA350AFE76268A3420CBFC8F8002070
:101860005A60EBE723466468AEE73C467F68B6E71C
:101870001A465B68A342FBD100235360DEE70C23CA
:101880003360304600F054F894E70560D6E700BFB7
:101890000839002038B5064D0023044608462B6061
:1018A000FCF74CFA431C02D12B6803B1236038BD0E
:1018B0000C39002008B5062000F02CF8012000F0BB
:1018C0007DFB1F2938B505460C4604D91623036055
:1018D0004FF0FF3038BDC26B12B152F821304BB916
:1018E000284600F03DF8224601462846BDE838402B
:1018F00000F024B8012B0AD0591C03D11623036031
:101900000120E7E7002142F82410204698470020F4
:10191000E0E70000024B01461868FFF7D2BF00BFA6
:10192000300300200148FFF754BE00BF00390020FB
:101930000148FFF74FBE00BF0039002038B5074D02
:1019400000230446084611462B60FCF701FA431CAD
:1019500002D12B6803B1236038BD00BF0C390020D1
:10196000FCF7F0B938B5064D0023044608462B6055
:10197000FCF7BCF9431C02D12B6803B1236038BDCE
:101980000C390020F8B50E461446054618B1036A16
:101990000BB9FEF7A1F8A369A360A3891A0701D5C3
:1019A000236943B921462846FFF7BCFD18B14FF023
:1019B000FF373846F8BD23682269981A6369F6B282
:1019C0008342374605DC21462846FFF789FE00287A
:1019D000EDD1A368013BA36023685A1C22601E70EE
:1019E0006269431C9A4204D0A389DB07E1D50A2E21
:1019F000DFD121462846FFF773FE0028D9D0D6E76D
:101A00002DE9F041074614460D4621B9BDE8F041E5
:101A10001146FFF7BFBE2AB900F020F82546284638
:101A2000BDE8F08100F0F2F88442064602D8B4EB3B
:101A3000500FF4D821463846FFF7ACFE804608B96F
:101A40004546ECE7B4422246294628BF3246FDF718
:101A5000A9FF2946384600F001F8F1E738B50546F8
:101A6000002941D051F8043C0C1F002BB8BFE418EA
:101A7000FFF758FF1D4A136833B9636014602846A6
:101A8000BDE83840FFF754BFA34208D920682118A9
:101A90008B4201BF19685B6809182160EDE71A469F
:101AA0005B680BB1A342FAD911685018A0420BD160
:101AB00020680144501883421160E0D118685B68C7
:101AC000536008441060DAE702D90C232B60D6E794
:101AD000206821188B4204BF19685B68636004BFEB
:101AE000091821605460CAE738BD00BF08390020DA
:101AF00070B50C46B1F90E10002996B015461E4679
:101B00000DDAA38913F0800F4FF0000114BF4023BA
:101B10004FF48063002031602B6016B070BD6A46C0
:101B200000F062F80028ECDB019901F47041A1F5A6
:101B30000053594259414FF48063EBE78B89F7B565
:101B40009D0706460C4607D504F147032360236131
:101B50000123636103B0F0BD01AB6A46FFF7C8FF24
:101B6000009F054639463046FFF714FE48B9B4F9E0
:101B70000C309A05EED423F0030343F00203A38153
:101B8000E2E7A389206043F08003A381019BC4E9BD
:101B900004075BB1B4F90E10304600F03FF828B1ED
:101BA000A38923F0030343F00103A381A3891D4309
:101BB000A581CFE7884210B501EB020402D9844227
:101BC000234607D8431EA14208D011F8012B03F881
:101BD000012FF8E7024401468A4200D110BD13F8F4
:101BE000014D02F8014DF7E738B5074D00230446D3
:101BF000084611462B60FCF79BF8431C02D12B686A
:101C000003B1236038BD00BF0C39002051F8043CFB
:101C1000181F002BBCBF0B58C018704738B5064DB5
:101C20000023044608462B60FCF78EF8431C02D1C3
:101C30002B6803B1236038BD0C3900200EB410B5F9
:101C40009DB01FAB029006906FF000410A480791CB
:101C500004910A4953F8042B0591002402A9006855
:101C600001931B9400F078F8029B1C701DB0BDE836
:101C7000104003B0704700BF300300200802FFFF90
:101C8000024B0A4601461868FEF750BC300300209C
:101C9000024B0A4601461868FFF7B2BE3003002027
:101CA0002DE9F0478E681F46BE420B6882460C46FF
:101CB00090462DD8B1F90C2012F4906F26D06569AA
:101CC000096905EB4505A3EB010905EBD5757B1CFF
:101CD0004B446D109D4238BF1D46530527D52946FC
:101CE000FFF758FD064660B321694A46FDF75AFEE4
:101CF000A38923F4906343F08003A3812661656187
:101D00004E44A5EB09052660A5603E46BE4200D9BB
:101D10003E46206832464146FFF74CFFA3689B1BB6
:101D2000A3602368334423600020BDE8F0872A467F
:101D3000FFF766FE06460028E0D121695046FFF70E
:101D40008DFE0C23CAF80030A38943F04003A38121
:101D50004FF0FF30E9E700002DE9F04F98468B89FE
:101D60001B069DB007460D46144610D50B6973B986
:101D70004021FFF70FFD2860286130B90C233B603C
:101D80004FF0FF301DB0BDE8F08F40236B610023A2
:101D9000099320238DF82930CDF80C803023DFF80B
:101DA0009C818DF82A304FF0010923469A4613F89A
:101DB000012B0AB1252AF9D1BAEB040B0BD05B46F3
:101DC000224629463846FFF76BFF013000F0A78016
:101DD000099A5A4409929AF80030002B00F09F802B
:101DE00000234FF0FF32CDE905230AF1010A0493E5
:101DF00007938DF853301A935446052214F8011BAB
:101E00004E48FAF7BDF9049AD8B9D00644BF20234A
:101E10008DF85330110744BF2B238DF853309AF8B7
:101E200000302A2B15D0079A544600204FF00A0C98
:101E3000214611F8013B303B092B4BD9B0B1079239
:101E400014E0A0EB080309FA03F313430493A2463A
:101E5000D2E7039B191D1B680391002BBBBF5B429C
:101E600042F0020207930793B8BF049223782E2B07
:101E70000AD163782A2B32D1039B1A1D1B68039267
:101E800043EAE37302340593DFF8C0A0217803220C
:101E90005046FAF775F938B1049BA0EB0A004022CE
:101EA000824013430134049314F8011B24488DF835
:101EB00028100622FAF764F9002836D0214B1BBB04
:101EC000039B073323F0070308330393099B334431
:101ED00009936AE70CFB02320C460120A8E70023B5
:101EE0000134059319464FF00A0C204610F8012BD7
:101EF000303A092A03D9002BC6D00591C4E70CFB60
:101F0000012104460123F0E703AB00932A460E4B60
:101F100004A93846FDF748F9421C0646D6D1AB89DC
:101F20005B063FF52DAF09982CE703AB00932A46DB
:101F3000054B04A93846FDF7E7FBEDE713840108DC
:101F40001D840108A9F10008A11C010819840108D9
:101F500038B50022002304460D46FAF797FD28B94C
:101F600020462946BDE8384000F00AB8204605F171
:101F7000004100F005F8404261EB410138BD00BF6F
:101F8000D0B50C4B002206460F46FAF70DFBFAF7C8
:101F9000E3FD0446FAF78EFA074B0022FAF704FB3A
:101FA00002460B4630463946FAF746F9FAF7D4FDB1
:101FB0002146D0BD0000F03D0000F041FEE700BF2B
:101FC00010B50446FAF72CF9214602460020FBF72B
:101FD000CBFE034901220020FBF7C6FE002010BD06
:101FE00044A3010800F03EBD9A4238BF88547047B0
:101FF000704700BF2DE9F04F83B00F4612990D9C3A
:102000009DF83850984611F0020306469446DDE9E3
:10201000100A00932ED1BAF1000F40F0A280844242
:1020200028D2202C01F0010E00F088810C9B621E4A
:102030001A444FF0300B734602E0202C00F0E7808A
:102040000134A04202F801BFF7D89E4693B154452F
:1020500010D2202C00F0CF810C9B621E1A444FF04E
:10206000300E02E0202C00F024810134544502F8A7
:1020700001EFF7D1CB061FD54A0500F1A580002C52
:1020800040F09E800F9B102B00F045810F9B022B90
:1020900000F04E810C9B30221A70012401F00302E3
:1020A000002D00F0CA800C9B2D21195501340AB96E
:1020B00054450ED3654626E001F00302202CEFD1F3
:1020C000002A40F08F80BAF1200F88BF202440F210
:1020D00089806546A4EB0C0BE1462A464346013550
:1020E00039462020B04705EB0B035345F5D30AF1E1
:1020F000FF35621C2D1B924538BF002509F10102F6
:10210000CC461544C4B10C9BCDF844A005EB0409A2
:1021100003EB090B1C44CDF804C09A46ABEB040258
:1021200014F8010D43463946B047A2454D46F5D156
:10213000DDF804C0DDF844A0009B73B1A5EB0C09E9
:10214000D1450AD22A4643463946202009F10109E1
:10215000B047D14505F10105F4D3284603B0BDE8E9
:10216000F08F11F0010E73D0002D40F08B8011F034
:102170000C0F40F087808442BFF469AF202C7FF4BD
:1021800055AFBAF1200F40F23281CB0640F1BE804C
:102190004A0500F11981202816D11F200F9B102B12
:1021A00000F0F2800F9B022B1FD0441C01F00302B1
:1021B00027E0CB067FF57EAF4A054FF0200403D41D
:1021C000A04262D0544560D00F9B01F00302102B57
:1021D000104673D00F9B022B0ED1202C08D1002863
:1021E0003FF471AF654620248DE7044601F00302F9
:1021F0000C9B622018550134202C3FF461AF20461F
:1022000001340C9B4FF0300E03F800E056E79E4679
:10221000002B00F0CB80BAF1200FCAD9CB0675D5C0
:102220004A0500F1D180202800F0DA80BAF1200FB1
:1022300040F08D8054461F20B0E74B0747D50C9BDC
:102240002B2119550134002A3FF432AF65465AE775
:102250008442BFF40FAF202C7FF4E8AECC067FF5AC
:1022600032AF4C053FF52FAF202800F0B980BAF10E
:10227000200FDFD00F9B102B3FF425AF0F9B022BBD
:1022800019D120E70AF1FF3A75E7601E86D10F9B4E
:10229000102B6BD00F9B022B7FF4FCAE0C9B0F9C82
:1022A00062221A7030225A7001F00302002DC4D04D
:1022B000F9E6CC0680D401F0030201E78B0611D4C5
:1022C000202C8CD00C9B78201855013494E70D07F6
:1022D00013D48ABB5445FFF4FCAE002C7FF4EAAE65
:1022E00065463AE7202C3FF47AAF0C9B18194FF063
:1022F000580E013480F800E07EE70C9B2021195530
:102300000134002A3FF4D4AE6546FCE68D073FF465
:10231000E0AE6546F7E688060CD558220C9B1A708D
:1023200030225A70022401F00302002D85D0BAE653
:102330006222F3E77822F1E76546E3E6BEF1000F9B
:1023400050D0CB067FF5B6AE4B057FF524AF0F9B83
:1023500001F00300102B02463FF441AF0F9B022B0C
:102360007FF4AEAE00287FF43DAFACE68A0625D5FB
:102370000C9B58221A7030225A70022401F003027A
:10238000002D3FF45AAF8EE68B06A4F1020206D46C
:102390000C9B78209854013C01F003022FE70C9B22
:1023A00058209854013C01F0030228E7CA0682D560
:1023B0004A05CCD4202813D0202403E70C9B782294
:1023C0001A7030225A70D8E70F9B102B01F00300CF
:1023D0003FF405AF0F9B022B3FF401AF02466FE6BF
:1023E0000446DAE6CB063FF53CAF65468BE6CA0607
:1023F000DED4654687E6CC063FF512AF5BE700BF4B
:102400002DE9F04F93B01C9C9DF874B01E9DDDF833
:1024100084E02CB92EF010061EF4806FB64635D13C
:102420001EF0200F14BF4FF041094FF061090AAFB1
:10243000A9F10A09B8460026099002E0202E15D01D
:102440005446B4FBF5FA05FB1A4C5FFA8CF0BCF16C
:10245000090F00F1300C8ABF48445FFA8CF0C0B21B
:10246000AC4208F8010B06F10106E7D20998209C5E
:1024700005941F9CCDF818E0CDE90354CDE9016B1C
:102480000097FFF7B7FD13B0BDE8F08F26460AAFFF
:10249000EDE700BF2DE9F04F97B0DDE92478209EED
:1024A000219C099356EA04039DF888C0DDF8A0B08A
:1024B0008E4605D12BF010031BF4806F9B4645D14F
:1024C0001BF0200F0EAB14BF4FF0410A4FF0610A12
:1024D000CDF8A0B0CDE90A0ECDE90C2CAAF10A0A7C
:1024E000994600259B4603E0202D17D006460C4652
:1024F00021463A4643463046FAF79EFBD2B2092AB5
:1025000002F130038ABF5244DAB2D2B2BE4274EB57
:10251000080409F8012B05F10105E5D2DDE90A0EF1
:10252000DDE90C2C5B46DDF8A0B0279905912699D2
:102530000093CDE90371CDE9015C099BCDF818B09A
:102540007146FFF757FD17B0BDE8F08F00250EABC1
:10255000EBE700BF2DE9F04F1C46B1F1000A8D4BAF
:102560008FB018BF81462078DDF860B0904608BF74
:102570009946002800F0D381002507E02A4643460B
:1025800051460135C847207800285ED0252804F13F
:102590000104F3D10023224612F8010BA0F120011F
:1025A00010290AD8DFE801F03409093009090909BE
:1025B0000909092C092809092400A0F13001092979
:1025C00051D92A2800F0948000262E285CD00021C2
:1025D000A0F16807122F23D8DFE807F0A2229D227E
:1025E00095222222222222221E22222222221E0082
:1025F00043F001031446CEE743F002031446CAE752
:1026000043F004031446C6E743F010031446C2E740
:1026100043F008031446BEE7607843F48073013248
:102620007828144609D863283DD8622800F0B8817C
:1026300063287DD0252840F03D812A4643465146F7
:10264000C847207801350028A0D12C46A84501D8DC
:1026500008F1FF3543462A4651460020C847204628
:102660000FB0BDE8F08F002606EB860600EB4606AD
:102670001078A0F1300109291446A6F1300602F1C4
:102680000102F1D92E28A2D16078A0F130010929E8
:1026900043F48063174640F2EF802A2800F002815D
:1026A0001446013293E7A0F1640E01225FFA8EFE18
:1026B00002FA0EFE384A1EEA020E40F0AD80732880
:1026C00054D07028B9D143F0210305930823049313
:1026D00010230391CDF804E002935BF8043B0093D0
:1026E0002A46434651464846FFF78AFE05464AE7D2
:1026F0005BF8046B6078002E1446BCBF43F0020305
:102700007642013261E760786C2886D1A07843F484
:102710004073E21C84E7607843F4007301327FE782
:102720006078682800F0F68043F08003013277E794
:102730000BF1040298070A9205F1010740F111819B
:102740002A469BF8000043465146C847012E88BFE1
:10275000AD1940F249813A4643460137514620209F
:10276000C847BD42F7D1DDF828B00CE75A4652F809
:1027700004CB0A929CF800B05846002940F08C80A7
:10278000BBF1000F13D06FF0010E0EF1010EE64405
:10279000624606E0F11F010821081200964500F08C
:1027A000B38012F8017F002FF8D1A2EB0C0E13F4C6
:1027B000806702D08E4528BF8E4613F002030B932C
:1027C00000F0B080BBF1000F17D0CDE90CE6E34676
:1027D0002A460E46434651461FB106F1FF3C3EB124
:1027E0006646C8471BF8010F01352A460028F1D17B
:1027F0000B9BDDE90CE6002BB5D076452F46B2D910
:102800003544A5EB0E053A46434601375146202094
:10281000C847BD42F7D1A6E76F2800F0BF806DD84A
:10282000692823F0100240F017815F0548BF23F0AC
:102830001102900500F1DD80D3050BF1040700F1D2
:10284000D580500640F1F6809BF900300391002BB3
:102850004FF00A0102914FEAD371B8BF5B42CDE954
:10286000046201912A460093434651464846FFF7C9
:10287000C7FDBB46054686E6002101EB810100EB62
:102880004100A0F1300117F8010FA0F13002092A30
:10289000F3D93C467A1C9BE6BBF1000F87D001F1CF
:1028A000FF3E72E75BF8041BA078023421EAE17175
:1028B000621C8DE658287FF4C0AE43F0200310223E
:1028C000580524D423F00C0313F400706AD113F4D8
:1028D000807F0BF1040740F0B28058067BD41806C5
:1028E0004CBFBBF80000DBF800000090CDE90463AA
:1028F0000023CDE9022101932A46B5E7782868D064
:1029000023F010030A22DBE7AEEB0C0E4FE723F0B7
:102910000D03D9E7A07843F0C003E21C80E604462B
:10292000054693E6764540F2948006EB050BCDE92B
:102930000C7CABEB0E0B0F462A4643460135514645
:102940002020C8475D45F7D1DDF834C039469CF8F2
:1029500000B00C9F06F1010E584600287FF435AFF9
:1029600001E7012E3AD96B1E3344CDF82CB02F4627
:102970009B463A464346013751462020C847BB454F
:10298000F7D15B46DDF82CB01A469BF800004346B1
:102990005146C8473544DDF828B0F4E508228FE7F2
:1029A00002228DE7CDE907630BF1070B00230691A7
:1029B0000492059302932BF0070BFBE802672A466B
:1029C000CDE90067434651464846FFF763FD05469B
:1029D000D9E5102274E79BF8000086E79BF8000019
:1029E0002A4643465146C8473D46BCE6DBF8003020
:1029F0002CE70BF1070B2BF0070BDBF804305BF82F
:102A0000080B0691D90FCDE9076202910246002119
:102A10000A20002BCDE9040102DA524263EB4303A2
:102A2000CDE9002351462A4643464846FFF732FD8A
:102A30000546A8E51306D9D5BBF9003006E7CDE970
:102A40000221CDE904630190DBF8003000932A46AF
:102A50000AE70EF1010E7FE764283FF4E6AE134665
:102A60000A222DE700B583B084460093044813463C
:102A70000A466146FFF76EFD03B05DF804FB00BF38
:102A8000E91F0108D0B5F9F737FD0C4B00220646C7
:102A90000F46F9F789FDFAF75FF80446F9F70AFDE2
:102AA000074B0022F9F780FD02460B4630463946B7
:102AB000F9F7C2FBFAF750F82146D0BD0000F03D0F
:102AC0000000F0412DE9F047089D0E4604460F46F0
:102AD000002B4AD194468C45B2FA82F260D942B1B9
:102AE000C2F12003974020FA03F30CFA02FC1F43C3
:102AF00094404FEA1C4E1FFA8CF6B7FBFEF1230CF4
:102B00000EFB117743EA074301FB06F098420AD90E
:102B10001CEB030301F1FF3780F01581984240F26E
:102B20001281023963441B1AA4B2B3FBFEF00EFB00
:102B3000103344EA034400FB06F6A6420AD91CEB14
:102B4000040400F1FF3380F00081A64240F2FD80D2
:102B50006444023840EA0140A41B00211DB1D44066
:102B60000023C5E90043BDE8F0878B4205D90DB1CC
:102B7000C5E9000100210846F5E7B3FA83F1002911
:102B800046D1B34202D3824200F2F580841A66EB4A
:102B9000030201201746002DE5D0C5E90047E2E712
:102BA000002A40F09380A1EB0C034FEA1C471FFA68
:102BB0008CFE0121B3FBF7F607FB1630230C43EA2A
:102BC00000430EFB06F0984208D91CEB030306F104
:102BD000FF3802D2984200F2D08046461B1AA4B2B7
:102BE000B3FBF7F007FB103344EA03440EFB00FE8F
:102BF000A64508D91CEB040400F1FF3302D2A64518
:102C000000F2B6801846A4EB0E0440EA0640A5E7A1
:102C1000C1F120078B4022FA07FC4CEA030C06FAAC
:102C200001FE20FA07F426FA07F344EA0E0400FA3C
:102C300001F84FEA1C404FEA1449B3FBF0FE1FFABB
:102C40008CF600FB1E3349EA03430EFB06F9994557
:102C500002FA01F20BD91CEB03030EF1FF3A80F0EC
:102C60008580994540F28280AEF1020E6344A3EB69
:102C70000909A4B2B9FBF0F300FB139944EA094433
:102C800003FB06F6A64208D91CEB040403F1FF304F
:102C900068D2A64266D9023B644443EA0E40A41BB4
:102CA000A0FB02E6B4427346B14652D34FD05DB1A9
:102CB000B8EB030264EB090404FA07F722FA01F304
:102CC0001F43CC40C5E9007400214CE7C2F120014C
:102CD00020FA01F30CFA02FC26FA01F19640334384
:102CE0004FEA1C471FFA8CFEB1FBF7F007FB1016EA
:102CF000190C41EA064100FB0EF68E4204FA02F47A
:102D000008D91CEB010100F1FF382DD28E422BD9DE
:102D100002386144891B9BB2B1FBF7F607FB161121
:102D200043EA014306FB0EF1994208D91CEB030369
:102D300006F1FF3814D2994212D9023E63445B1A5D
:102D400046EA004136E73946EDE6184602E7F04527
:102D5000ADD2BEEB020366EB0C060138B146A6E726
:102D60004646ECE7034698E74046D3E7D6467EE77B
:102D70006444023847E708460DE7023E63442DE706
:102D800008B52DED028BB0EE408A00F031FEB4EEB6
:102D9000488AF1EE10FA0FD6B5EEC08AF1EE10FABD
:102DA0000AD8B5EE408AF1EE10FA08D1FCF732F9F4
:102DB00022239FED090A0360BDEC028B08BDFCF7DE
:102DC00029F9BDEC028B034621221A600348BDE8B5
:102DD0000840FEF74DBA00BF000080FF7492010862
:102DE00010EE103A194923F000428A421BD9B2F181
:102DF000FF4F02D330EE400A704700B583B06846FB
:102E000000F018F900F003000128DDED010A9DED46
:102E1000000A13D002280BD098B9012000F0C2F8A4
:102E200003B05DF804FBDFED0A0A002000F0BAB839
:102E3000012000F0B7F8B1EE400AF1E700F030F8F9
:102E4000EEE700F02DF8B1EE400AE9E7D80F493F70
:102E50000000000010EE103AC3F3C7527F3A162A62
:102E6000194615DC002A0CDB0C481041184205D02D
:102E70004FF4800313410B4423EA000300EE103AA1
:102E80007047013203F00043F8D143F07E53F5E779
:102E9000802AF3D130EE000A704700BFFFFF7F00A9
:102EA00010EE103A23F00043B3F1485F2CD2FDEE50
:102EB000C07A17EE903A002B60D060EE007A9FED5A
:102EC000317A9FED315ADFED315A9FED316ADFEDF6
:102ED000316AA7EE875A9FED307AE7EE855AA7EE62
:102EE000A56AA7EE867AE7EE876A67EEA66A60EEC5
:102EF000C00AB6EE007AE7EEA60AB7EE000AD7EEF1
:102F0000870A30EE600A704760EE007A9FED1D7A06
:102F10009FED1D5ADFED1D5A9FED1D6ADFED1D6A05
:102F20001E4AA7EE875A93429FED1B7AE5EE275A79
:102F3000A5EEA76AA6EE277AE7EE276A66EEA76AED
:102F4000D5D9174A934214D803F17F4307EE103ABC
:102F5000B7EE006A36EE476A60EEC00AF6EE005A37
:102F600097EEA57AE7EEA60A37EE607A36EE470AC4
:102F70007047B6EE076AB5EE027AEDE7B7EE000AE3
:102F8000704700BF4ED747ADF6740F317CF293B453
:102F9000010DD037ABAA2A3D610BB6BA9999993E7B
:102FA0000000483F10EE103A23F00043B3F1485FB1
:102FB00004D2FDEEC07A17EE903A5BB360EE007A71
:102FC0009FED157ADFED155A9FED156ADFED156A55
:102FD000E7EE875A9FED147AA5EEA76A20EE275AEE
:102FE000E6EE276AA6EEA77A30B9DFED106AE7EEC3
:102FF000876AA6EE850A704727EE457AF6EE006AE4
:10300000A0EEA67ADFED0A6AD7EE270AE5EE260AD9
:1030100030EE600A704700BFD3C92E2F342FD7B2CD
:103020001BEF3836010D50B98988083CABAA2ABE7F
:10303000ABAA2A3E70B510EE103A884A23F000443D
:10304000944286B0054671D9854A94421E4624D8DA
:1030500023F00042002BDFED837A834922F00F0238
:10306000B0EE407A40F3E0808A4270EE677A09BFA2
:103070009FED7E7ADFED7E6ADFED7E6A77EEC77ABE
:1030800037EEE67A77EEC77A80ED007A77EEE67A69
:10309000C0ED017A012006B070BD774A944252D942
:1030A000B4F1FF4F48D2E215863AA4EBC25307EEC3
:1030B000903ABDEEE77ADFED716AB8EEC77A77EE47
:1030C000C77A8DED037A67EEA67ABDEEE77AB8EEA1
:1030D000C77A77EEC77A8DED047A67EEA67AF5EEB9
:1030E000407AF1EE10FACDED057A40F09880B5EE19
:1030F000407AF1EE10FA0CBF0123022360490191DE
:103100000221009103A8294600F054F9002EC2DAEA
:1031100095ED007AD5ED017AB1EE477AF1EE677A56
:1031200085ED007AC5ED017A4042B4E7002285EDD5
:10313000000A42600020AEE770EE407AC0ED017AEE
:10314000C0ED007AF6E700F0DDF89FED4E7A9FEDD6
:10315000456AF6EE007AE0EE077A9FED457AFDEEDD
:10316000E77A17EE900AF8EEE76A1F28A6EEC60A7D
:1031700066EE877AB1EE666A20DC434A411E26F08D
:10318000004352F8212023F0FF03934216D030EE83
:10319000677A30EE470A002E30EE670A85ED007A36
:1031A00085ED010ABFF677AFB1EE477AB1EE400A7E
:1031B00085ED007A85ED010A40426CE730EE677AD2
:1031C000E21517EE103AC3F3C753C3EBD453082BE1
:1031D000DFDD9FED267A9FED275AF0EE405AE6EEAE
:1031E000075A70EE657AE6EE077AD6EE857A35EE06
:1031F000E77A17EE103AC3F3C753D21A192A10DD33
:103200009FED227A9FED225AB0EE650AA6EE070ADC
:1032100075EEC07AE6EE077AD6EE857AB7E7032335
:103220006CE7B0EE650AB4E78A4270EE277A09BF10
:103230009FED0E7ADFED0E6ADFED0E6A77EE877A8C
:1032400037EEA67A77EEC77A80ED007A77EEA67A27
:10325000C0ED017A4FF0FF301DE700BFD80F493FA6
:10326000E3CB1640800FC93FD00FC93F004435372C
:103270004344353708A3852E800F4943000080431F
:10328000C8A3010884F9223F48A3010800A3852EA2
:1032900032318D2410EE103A184923F000428A4250
:1032A0001AD9B2F1FF4F02D330EE400A704700B591
:1032B00083B06846FFF7BEFE00F003000128DDED95
:1032C000010A9DED000A10D0022809D090B9FFF73D
:1032D000E7FD03B05DF804FBDFED090AFFF7E0BD91
:1032E000FFF7DEFDB1EE400AF3E7FFF75BFEB1EE5C
:1032F000400AEEE70120FFF755FEEAE7D80F493F05
:103300000000000010EE103A23F0004300EE103AE7
:10331000704700BF53EC102BC3F30A50A0F2FF31EB
:10332000132910B59C46964619DC002911DB20486C
:10333000084100EA0304144316D04FF400230B4164
:10334000634423EA000C002163460A4643EC102B39
:1033500010BD013103F0004C24D00021F4E73329E3
:1033600005DDB1F5806F16D043EC102B10BDA0F237
:1033700013404FF0FF3424FA00F01042F4D0012340
:10338000C1F1330103FA01F111EB0E0128BF9C4496
:1033900021EA0001D8E710461946F8F74FFF41EC43
:1033A000100B10BD4CF07F5C4CF4401C0021CBE7AF
:1033B000FFFF0F002DE9F04F2DED048BDBB01C4615
:1033C000944603930A46CD4B68991CF1040F53F8B9
:1033D0002160824604F1FF38C0F24982BCF1030348
:1033E00048BF0CF10403DB10029301334FEAC30E14
:1033F000ACEB0E030593029B16EB0800A3EB08034E
:1034000016D401309FEDBE7A699C18441EA9002B8A
:10341000A4BF54F8235007EE905A03F10103ACBF48
:10342000F8EEE77AF0EE477A8342E1EC017AEED1EA
:10343000002EC0F2B182039B1EA901EB830446ADAE
:103440004FEA83094046F7180AEB8301B8F1000FF1
:10345000DFEDAB7A09DBA3465346F3EC016A3BEDA3
:10346000017A8B42E6EE877AF7D10130B842E5EC7B
:10347000017A04F10404E9D10DF1280B0BEB86036A
:10348000CDE9062E043B9FEDA09ADFED9E8A0598BC
:1034900004930AEB090446AF0BEB86090096CDF8BE
:1034A00020C05AAB03EB8603002E13ED140A4FEA3B
:1034B000860515DD7B195A4660EE097AB0EE407A32
:1034C000FDEEE77A73ED016AF8EEE77ABB42A7EE0C
:1034D000E87A37EEA60ABDEEC77AA2EC017AEBD104
:1034E000019000F031FBF4EE007AB0EE408A20EE5D
:1034F000270A00F0DFFAF2EE007AA0EE678A019860
:103500000028FDEEC89AF8EEE97A38EE678A6CDD9D
:1035100006F1FF3EC0F108035BF82E2042FA03FCDF
:103520000CFA03F3D21AC0F1070119EE903A4BF8E6
:103530002E200A416344002A09EE903A00F3F080FD
:10354000B5EE408AF1EE10FA40F09D80009B9E425D
:103550000ADD5D44002355F8041D4D4543EA01038F
:10356000F9D1002B40F0F280009B013B5BF8233047
:10357000002B40F0E780049B012153F8042D01311A
:10358000002AFAD0731C31449C46029D039A05EB35
:10359000030E0EF1804E699D32440EF1FF3E07EBA3
:1035A00083061EAB05EB8E0E03EB8205DEED017A82
:1035B000F8EEE77AB8F1000F0EF1040EE5EC017AAF
:1035C000DFED4F7A09DB2A465346F3EC016A32ED10
:1035D000017AA342E6EE877AF7D10CF1010C61453E
:1035E000E6EC017AE2DA0E465BE740F08F80731E6C
:1035F0005BF82320D211002AA2DD19EE903A002EAA
:1036000003F1010309EE903A40F3D48159464FF09B
:10361000000E51F8043B002B6AD0C3F5807341F8CB
:10362000043C04E00B68C3F1FF0341F8043B0EF1D6
:10363000010E7645F6DC01239E4600280ADD0128AE
:1036400078D0022806D1711E5BF8213003F03F0CC0
:103650004BF821C0022A7FF473AFB7EE000A73461D
:1036600030EE488A002B3FF46BAF0992019000F0D6
:103670006BFA38EE408A0198099AB5EE408AF1EE6D
:1036800010FA3FF463AF9246DDE9062EDDF820C064
:103690000196AEEB0C00B0EE480A009E009200F0DE
:1036A00053FADFED186AB4EEE60AF1EE10FADDE93E
:1036B0000023F0EE407AC0F250819FED137A059915
:1036C00020EE077A0831BDEEC77A0591B8EEC77AC9
:1036D0005C1CE7EE667ABDEEC77AFDEEE77A17EE80
:1036E000901A4BF8231017EE103A4BF8243046E0AE
:1036F0000EF1010EB6458CDB9E469EE70CA7010835
:1037000000000000000080430000803BF6EE007ADD
:10371000B4EEE78AF1EE10FA80F2988000220FE70B
:103720000133002E09EE903A3FF770AF00230128D5
:103730009E4686D1711E5BF8213003F07F0C4BF85A
:1037400021C087E7731C9C4619461EE73346924604
:10375000DDE905125C1EA1F108005BF82410009E53
:10376000059061B903F18043013B0BEB83030146F4
:1037700053F8040D013C08390028F9D0059105984B
:103780000092B7EE000A00F0DFF9002C009AB0EECC
:10379000407AC0F20581601C46AD5FED256A81006C
:1037A0000BEB800305EB800073ED017AF8EEE77A0E
:1037B0005B4567EE877A27EE267A60ED017AF3D1D2
:1037C0000DF1C8080B1F46A8C718C646A446002519
:1037D0009146002E73DB844ADFED847A384600235D
:1037E00001E0AB4208DCF2EC016AB0EC017A013393
:1037F0009E42E6EE877AF4DA0CF1FF3CBCF1FF3F23
:10380000EEEC017A05F10105A7F10407E1D1689B0F
:10381000022B4A4656DC002B2EDC0ED1DFED737AEC
:10382000414431ED017A414577EE877AF9D153462B
:10383000002B40F0AE80C2ED007A19EE903A03F012
:1038400007005BB0BDEC048BBDE8F08F19EE903A39
:10385000002E03F1010309EE903AC8BF02223FF7A0
:10386000D5AEF7EE007A37EEC88A022268E600236A
:103870004FF0080E0293BBE59FED5C7A414471ED79
:10388000017A414537EE277AF9D1DDED327A534698
:1038900077EEC77A002B75D182ED007A64B133A937
:1038A0000123B1EC017A01339C4277EE877AF8DA92
:1038B00053460BB1F1EE677AC2ED017ABDE7DFED59
:1038C0004B7A99E7689B032BB7D1002C7ED008EB8D
:1038D000840595ED007AA0002B46294671ED017A0A
:1038E000F0EE476A37EE277A414577EEC77A81EDE9
:1038F000007A77EEA67AC1ED017AEFD1012C65D07E
:1039000095ED007A08F1040173ED017AF0EE476A53
:1039100037EE277A994277EEC77A83ED007A77EE11
:10392000A67AC3ED017AEFD1031DDFED307A43446F
:1039300008F1080833ED017A984577EE877AF9D1D6
:103940005346DDED326A9DED337A73B9C2ED006AFC
:1039500082ED017AC2ED027A6FE7FDEEC07A1C4675
:1039600017EE901A4BF8231009E7F1EE666AB1EEF4
:10397000477AF1EE677AC2ED006A82ED017AC2ED14
:10398000027A5AE7B1EE477A82ED007A002C86D1AE
:1039900090E7F1EE677A4EE7039B4FEA83096BE508
:1039A000689B022B0EDC002B13DC7FF446AFDFEDAF
:1039B0000F7A3CE7022A7FF4C3ADF7EE007A37EEC8
:1039C000C88ABDE5689B032B7FF437AFDFED077A2C
:1039D000B6E75346DDED327A13B9002313606BE787
:1039E0004FF00043136065E7E0A601080000000007
:1039F00008B510EE103A33F000422DED028B2CD0BA
:103A0000002B1A4632DBB3F1FF4F41DAB3F5000F5A
:103A100035DB0021D3157F3B0B44D90FC1F17F016A
:103A200003EBD373C2F3160207EE903A42EAC15297
:103A300000EE102AB8EEE78A00F0F8F8DFED177A0A
:103A40009FED177A20EE270ADFED167AA8EE070A17
:103A5000A8EE270ABDEC028B08BDBDEC028B9FEDE2
:103A6000127ADFED127A87EE270A08BDBDEC028BD1
:103A700070EE407A9FED0D7A87EE870A08BDDFED84
:103A80000C7A60EE277A6FF0180117EE902AC1E7E2
:103A9000BDEC028B30EE000A08BD00BFD95BDE3EF4
:103AA000DB27543580209A3E000000CC0000000047
:103AB0000000004C10EE102AC2F3C7537F3B162BB8
:103AC00022F0004129DC002B104618DB1A4919416D
:103AD0000A4221D0DFED197A70EE277AF5EEC07A2E
:103AE000F1EE10FA18DD002A04DA4FF4000242FA6F
:103AF00003F3184420EA010300EE103A7047DFEDAB
:103B00000F7A70EE277AF5EEC07AF1EE10FA03DD47
:103B1000002A08DB9FED0A0A7047B1F1FF4FFBD383
:103B200030EE000A7047DFED077A0029BFEE000A89
:103B300008BFB0EE670A7047FFFF7F00CAF2497105
:103B4000000000000000008010EE103A33F0004149
:103B50001A4627D0B1F1FF4F21D213F0FF4F22D1E7
:103B6000DFED2B7A2B4A60EE277A904217EE903ADF
:103B700033DB4CF2503CC3F3C75160451A46A1F108
:103B8000190116DDDFED247ADFED246A002BB0EE9B
:103B9000677AB8BFF0EE667A27EE870A704730EE94
:103BA000000A704770474CF2503C60454FEAD151D3
:103BB000E8DC0144FE29E5DC002915DC11F1160FD3
:103BC00019DB193122F0FF4242EAC15207EE902A76
:103BD0009FED130A27EE800A7047DFED127A07EE99
:103BE000103A27EE270A704722F0FF4242EAC153FB
:103BF00000EE103A7047DFED0B7ADFED0B6A002B19
:103C0000B0EE677AB8BFF0EE667A27EE870A7047A3
:103C10000000004CB03CFFFFCAF24971CAF249F102
:103C2000000000336042A20D6042A28D10EE102A07
:103C300032F000432FD0002A134633DBB2F1FF4F9E
:103C400040DAB2F5000F34DB4FF0000C6448C3F3E8
:103C50001601084400F4000282F07E520A43DB158C
:103C600000EE102A7F3B5F4A634401F10F0CF7EE30
:103C7000007A0CEA020230EE670A03EBD05322BB53
:103C8000B5EE400AF1EE10FA62D1002B40F09080C0
:103C90009FED550A70479FED557ADFED537A87EE19
:103CA000270A704770EE407A9FED4F7A87EE870AB9
:103CB0007047DFED4F7A60EE277A6FF0180C17EE41
:103CC000903AC3E730EE000A7047F0EE007A70EEEB
:103CD000277A07EE103A80EE274A4648C1F5571278
:103CE000084402F522720243002A9FED433ADFEDB9
:103CF000434ADFED435ADFED433A9FED435ADFED90
:103D0000437ADFED436A24EE046AF8EEC72A26EE12
:103D1000067AE7EE034AA7EE235AE4EE875AE5EE69
:103D2000076AE5EE877A67EE867AE6EE877A2ADD1D
:103D3000B6EE007A20EE077A27EE007A77EE877AE1
:103D400067EE847A3BBB37EE677A30EE470A7047FE
:103D50009FED307AF6EE007AE0EE477A20EE007AB8
:103D600027EE277A002BF0D007EE903A9FED2A6AD3
:103D7000DFED2A6AF8EEE77AA7EEC67A37EE400A58
:103D800097EEA60A704770EE677A67EE847AE3B919
:103D900030EE670A70479FED206ADFED206AE2EEA1
:103DA000867A37EE677A37EE400A92EEA60A7047B7
:103DB00007EE903A9FED180A9FED187AF8EEE77A31
:103DC00027EE800AA7EE870A7047DFED136A9FEDA2
:103DD000137AE2EEE67A37EEC00A92EE870A70476F
:103DE00020FB4A00F0FF7F0000000000000000CC34
:103DF0000000004C305CCFFF9788173E25333A3ED9
:103E00002549923E4FD01C3E298E633EABAA2A3FE5
:103E1000CDCCCC3EABAAAA3ED1F717378071313F4B
:103E2000F8B500BFF8BC08BC9E467047F8B500BFA7
:083E3000F8BC08BC9E46704777
:103E3800A0860100400D0300801A060000350C0022
:103E480040420F0080841E0000093D0000127A00E5
:103E58000024F40000366E010048E801006CDC0222
:103E68000000000000000000010203040607080922
:103E78000000000001020304436F6E6669672C208E
:103E8800696E76616C696420707266004A534F4EA1
:103E980020637265617465206661696C6564000001
:103EA8004A534F4E20656E636F6465206661696C86
:103EB80065642000426164204A534F4E20666F7249
:103EC8006D617400613132312D76312E31332E30EF
:103ED80000000000000000000000000000000000DA
:103EE80000000000000000000000000000000000CA
:103EF80000000000000000000000000000000000BA
:103F080000000000000000000000000000000000A9
:103F18000000000000000000000000004661696C1D
:103F2800656420746F2073656E6420646174612019
:103F3800746F20636C69656E740000005253532CD3
:103F4800206661696C656420746F206765742064FD
:103F58006174612066726F6D2073656E736F720095
:103F6800436F6E6669672C20746F6F206D616E7980
:103F78002067726F75707300436F6E6669672C20D7
:103F88006D61782075706461746520726174652054
:103F980063616E277420626520636F6D62696E6568
:103FA800642077697468206672616D652072617437
:103FB80065000000436F6E6669672C206661756C4A
:103FC800747920757064617465207261746500008D
:103FD800436F6E6669672C206D756C7469706C65CB
:103FE8002067726F7570732063616E277420626535
:103FF80020636F6D62696E656420776974682066F6
:1040080072616D652072617465000000436F6E66B1
:1040180069672C20746F6F206D616E792067726FED
:104028007570206974656D7300000000436F6E66DB
:1040380069672C20696E76616C69642063616C69BC
:1040480062726174696F6E206C697374000000009D
:104058004A534F4E207061727365206572726F7299
:1040680000000000436F6E6669672C20696E7661F8
:104078006C69642073656E736F725F696400000019
:10408800436F6E6669672C20696E76616C6964207F
:1040980063616C6962726174696F6E2064617461D6
:1040A80000000000436F6E6669672C206661756CBE
:1040B8007479206C6F672073657474696E67730018
:1040C8005253532C20636F756C64206E6F74206399
:1040D80072656174652073656E736F72000000000D
:1040E800436F6E666967206973206D697373696EC3
:1040F800670000005097010801000000D086010801
:1041080002000000A8980108020000009498010825
:1041180002000000849801080200000020980108AD
:10412800020000007499010802000000DC86010802
:1041380000000000E886010800000000F886010879
:10414800000000000C87010800000000A08E010894
:1041580002000000F096010801000000B48E01087A
:1041680000000000CC8E010800000000D89801086B
:1041780000000000E0970108060000000098010810
:104188000600000030990108060000007C8E010836
:10419800040000000000000008000000436F6E6685
:1041A800696720697320696E636F72726563740052
:1041B80050000000A00001000800100100000001EC
:1041C8000300000050000000A000010008001001DA
:1041D800000000010300000050000000A0000100E2
:1041E800080010010000000103000000500000005A
:1041F800A0000100080010010000000103000000F9
:1042080000000000000000000100000001000100A3
:1042180002000100A00000004F7574206F66206D39
:10422800656D6F7279000000436F6E6669672C20B8
:10423800636F6E66696775726174696F6E207769FE
:1042480074682027737562737765657073272063B8
:10425800616E277420626520636F6D62696E6564A4
:10426800207769746820746F70207375627377653E
:10427800657020636F6E66696775726174696F6EC9
:1042880000000000436F6E6669672C20746F6F2012
:104298006D616E7920737562737765657073000060
:1042A800D086010802000000A8980108020000005A
:1042B8009498010802000000849801080200000098
:1042C800209801080200000074990108020000000B
:1042D800DC86010800000000E886010800000000F4
:1042E800F8860108000000000C87010800000000A3
:1042F80030990108060000000000000008000000D6
:10430800436F6E6669672C20696E76616C696420FC
:10431800696E7465725F6672616D655F69646C650C
:104328005F73746174650000436F6E6669672C2063
:10433800696E76616C696420696E7465725F737703
:104348006565705F69646C655F73746174650000AE
:10435800C092010802000000D0920108020000008B
:10436800E092010802000000F49201080200000037
:1043780004930108020000001093010802000000E5
:104388000000000008000000C0920108951D000808
:10439800D0920108B51D0008E0920108D51D00085B
:1043A800F4920108F51D000804930108151E000881
:1043B80010930108351E00085253532C20636F7563
:1043C8006C64206E6F74206765742062756666651C
:1043D800722073697A652028696E76616C69642039
:1043E800636F6E6669672900496C0008796C00087C
:1043F800B56C0008E96C00081D6D0008596D0008CF
:10440800CD76000841770008E97700087178000840
:1044180019790008A97900085253532C2063616C5C
:104428006962726174696F6E206661696C656400A7
:104438005253532C20636F756C64206E6F74206325
:1044480072656174652070726F63657373696E67F6
:10445800000000004661696C656420746F20736514
:104468006E64206D6574616461746120746F20638B
:104478006C69656E74000000FD5D00088D1200080F
:10448800E558000880841E00E5010008E8030000E4
:10449800FFFF000031170108411701080000000064
:1044A800751C0008D95B000853657276657220692F
:1044B8006E707574206275666665722066756C6CC0
:1044C800000000002C9301084D2300083C930108CC
:1044D800712100084C930108192200085C93010817
:1044E800C137000864930108612200087893010825
:1044F800C520000890930108F92200080000000078
:10450800000000001C930108452500080000000079
:104518000000000000000000D8A20108020000000E
:10452800E4A2010804000000F4A201080800000049
:1045380004A301081000000014A3010820000000D3
:1045480024A301084000000034A3010880000000F3
:104558000000000000000000293C0000163B00009D
:10456800D7630000325F0000738800005D7D0000A3
:104578004AAC0000A6970000A4D000000FAF0000CE
:104588004CF70000A3C4000070FB0000F3E8000033
:10459800F6D20000C0BB0000DCA40000E58E0000DD
:1045A800338200007D7B7C7AE7E61BE895B9AAABED
:1045B800010203040506004948303231332F4B4AC3
:1045C8009EA09F898A8B8CEDE907ACB191C696CAEB
:1045D8009ABEC2BACED2D6E2DADE7640447F64B55D
:1045E800600D218D3C37A66C2768582B705C144CE5
:1045F8005054EEEA08ADB292C797CB9BBFC3BBCF6E
:10460800D3D7E3DBDF7741458065B6610E228E3D67
:1046180038A76D2869592C715D154D5155EFEB0977
:10462800AEB393C898CC9CC0C4BCD0D4D8E4DCE06A
:104638007842468166B7620F238F3E39A86E296A91
:104648005A2D725E164E5256F0EC0AAFB494C999C0
:10465800CD9DC1C5BDD1D5D9E5DDE1794347826797
:10466800B8631024903F3AA96F2A6B5B2E735F17CB
:104678004F5357888586261F83843BA1A213181A97
:10468800190C0B34871100000000030008570108BB
:104698000000010004570108030001000057010849
:1046A80001000100FC56010803000100F85601084A
:1046B80000000100F456010800000100F05601084E
:1046C80000000100EC56010800000100E85601084E
:1046D80000000100E456010800000100E05601084E
:1046E800010C0100DC560108FF030100D85601083F
:1046F800BD000100D4560108BD000100D0560108D4
:10470800BD000100CC560108BD000100C8560108D3
:1047180000000100C456010801000100C05601084C
:104728000100200040560108000001003C56010825
:104738000000010038560108000001003456010845
:1047480000000100305601085000020028560108F8
:10475800C05D0100245601084001010020560108EF
:10476800150001001C560108000001001856010838
:10477800000001001456010800000100105601084D
:10478800010002000856010801000300FC55010859
:104798005D000100F85501085D000100F4550108AD
:1047A8005D000100F05501085D000100EC550108AD
:1047B80001000100E855010800000100E455010866
:1047C80000000100E055010800000100DC55010867
:1047D80000000100D855010800000100D455010867
:1047E80000000100D055010800000100CC55010867
:1047F80000000100C855010800000100C455010867
:1048080000000300B855010800000400A85501087D
:1048180000000100A455010800000100A05501088E
:10482800000003009455010800000100905501089C
:1048380002000200885501080000020080550108A6
:10484800000001007C5501080000010078550108AE
:1048580000000100745501080000010070550108AE
:10486800000005005C5501080000010058550108CA
:1048780000000100545501080000010050550108CE
:10488800000001004C5501080100050038550108D9
:104898000100050024550108010005001055010814
:1048A80001000500FC54010800000100F85401084B
:1048B80000000100F454010800000100F054010850
:1048C80000000100EC54010800000900C854010868
:1048D80000000A00A0540108000005008C540108DB
:1048E8000000050078540108000001007454010814
:1048F8000000010070540108000001006C54010818
:104908000000010068540108000001006454010817
:104918000000010060540108000001005C54010817
:104928000000010058540108000001005454010817
:104938000000010050540108000001004C54010817
:104948000000010048540108000001004454010817
:104958000000010040540108000001003C54010817
:104968000000010038540108000001003454010817
:104978000000010030540108000001002C54010817
:104988000000010028540108010005001454010822
:10499800010005000054010801000500EC5301085E
:1049A80001000500D853010801000100D453010893
:1049B80001000100D053010801000100CC53010897
:1049C80001000100C853010817000100C453010881
:1049D80017000100C053010817000100BC5301086B
:1049E80017000100B853010807000100B45301087B
:1049F80007000100B053010807000100AC5301088B
:104A080007000100A853010801000100A453010890
:104A180001000100A0530108010001009C53010896
:104A28000100010098530108000001009453010897
:104A38000100010090530108000001008C53010897
:104A48000000010088530108000001008453010898
:104A580000000100805301083F0001007C53010859
:104A68000400010078530108000001007453010894
:104A78000100010070530108000001006C53010897
:104A88000300010068530108030001006453010892
:104A98000300010060530108030001005C53010892
:104AA8009D000100585301084D00010054530108AE
:104AB80001000500405301081F0001003C53010894
:104AC80000000100385301080100020030530108BA
:104AD800000005001C5301080000030010530108E2
:104AE800000003000453010800000300F852010805
:104AF80000000100F452010800000100F052010812
:104B080000000100EC52010800000100E852010811
:104B180000000100E452010800000100E052010811
:104B280000000100DC52010800000100D852010811
:104B380000000200D052010800000100CC52010818
:104B480000000100C852010800000100C452010819
:104B580000000100C052010800000100BC52010819
:104B680000000100B852010800000100B452010819
:104B780000000100B0520108000005009C52010825
:104B88000000010098520108000001009452010839
:104B98000000010090520108000001008C52010839
:104BA8000000010088520108000001008452010839
:104BB8000000010080520108000001007C52010839
:104BC8000000010078520108000001007452010839
:104BD8000000010070520108050001006C52010834
:104BE80045000100685201080000020060520108F7
:104BF800000002005852010800000200505201084B
:104C080000000200485201080A000100445201084D
:104C18000000010040520108000001003C52010858
:104C28000000010038520108000001003452010858
:104C38000100050020520108010005000C5201087E
:104C480001000500F851010801000500E4510108C0
:104C580000000200DC51010800000100D8510108E1
:104C680000000100D451010800000100D0510108E2
:104C780000000100CC51010800000100C8510108E2
:104C880000000100C451010800000100C0510108E2
:104C980000000100BC51010800000100B8510108E2
:104CA80000000100B451010800000100B0510108E2
:104CB80000000100AC51010800000100A8510108E2
:104CC80000000100A451010800000100A0510108E2
:104CD800000001009C5101080000010098510108E2
:104CE80000000100945101080000010090510108E2
:104CF800000001008C5101080000010088510108E2
:104D080000000100845101080000010080510108E1
:104D1800000001007C5101080000010078510108E1
:104D280000000100745101080000010070510108E1
:104D3800000001006C5101080000010068510108E1
:104D480000000100645101080000010060510108E1
:104D5800000001005C5101080000010058510108E1
:104D680000000100545101080000010050510108E1
:104D7800000001004C5101080000010048510108E1
:104D880000000100445101080000010040510108E1
:104D9800000001003C5101080000010038510108E1
:104DA80000000100345101080000010030510108E1
:104DB800000001002C5101080000010028510108E1
:104DC80008000100245101082000010020510108B9
:104DD800000001001C5101080000010018510108E1
:104DE80000000100145101080000010010510108E1
:104DF800000001000C5101080000010008510108E1
:104E080000000100045101080000010000510108E0
:104E180000000100FC500108060401001F191512CA
:104E28000F0D0C0B004026449A99474200000000E1
:104E38000000804085EB51400000000000BE87BDA7
:104E48008EBD14BD19BDA0BC27BCAEBBADAD33AC87
:104E5800B8AABEA8CBADD2AB58A95FA7DC9FE19B8F
:104E680067986C947390F58AF8857A80F9C379C746
:104E780079CBF8CE75D1F4D472D871DBF8E0F7E4C9
:104E8800F5E8F2EC56E952EC4EEFC9F139F0B3F21D
:104E98002DF527F71DF515F68CF784F8837A897AAE
:104EA8000F7A147A9A7720772776AD752E6EB46CC0
:104EB800B96B3F6A4F71D56E5C6CE269DC5F615C0F
:104EC800E558EA54DE4DDF4961466242F70177054D
:104ED800F608F60BF50E7412F215711951164F19E2
:104EE800CC1BCA1E5C28D72B532F4E32392C342F9B
:104EF8002E32A93423399A3A923B093D093D093D9E
:104F0800093D093D093D093D093D093D093D093D69
:104F1800093D093D093D093D093D093D093D093D59
:104F2800093D093D093D093D093D093D093D093D49
:104F3800093D093D093D093D093D093D00000200C3
:104F4800F057010800000100EC57010803000100B8
:104F5800E857010801000100E457010803000100B7
:104F6800E057010800000100DC57010800000100BB
:104F7800D857010800000100D457010800000100BB
:104F8800D057010800000400C057010800000100C4
:104F9800BC57010804000100B857010804000100CB
:104FA800B45701080C030200AC570108C05D0100AA
:104FB800A85701084001080088570108150001009A
:104FC8008457010800000100805701080000010013
:104FD8007C57010800000100785701080100030010
:104FE8006C57010802000200645701080000020023
:104FF8005C57010800000100585701080100010032
:10500800545701083F0001005057010804000100EF
:105018004C57010800000100485701080100010031
:105028004457010800000100405701080000010032
:105038003C57010800000100385701080000010032
:1050480034570108050001003057010845000100E8
:105058002C5701080A000100285701080000010028
:105068002457010808000100205701082000020009
:1050780018570108000001001457010890A2010800
:105088000000010000000000000000004D000100C9
:1050980049670008000000001C0001009D65000829
:1050A800000000002C000800E9650008000000006E
:1050B8006000010029660008000000007D0008006B
:1050C800616600080000000062001000A166000888
:1050D800A0A2010817010100000000000000000064
:1050E8001801100009670008BCA201083700010078
:1050F8000000000032033000F702B000C202B00026
:105108008D02B0005802B000F8029000C30290006F
:105118008E02900059029000E400D000F400900044
:10512800F700D1000703B000D202B0009D02B00022
:105138006802B00005033100D00231009B02310043
:105148006602310005033000D00230009B023000B7
:10515800660230000603B000D102B0009C02B00025
:105168006702B00001033100CC0231009702310020
:10517800620231000403B200CF02B2009A02B20008
:105188006502B20013031002DE021002A902100227
:10519800740210020B031002D6021002A1021002C0
:1051A8006C0210020303B000CE02B0009902B000F6
:1051B8006402B0000203B000CD02B0009802B00053
:1051C8006302B00002033500CD02350098023500B5
:1051D800630235003A01B0004601B000190225000B
:1051E800380225003C02250043022500470225001D
:1051F800D7012500F6012500FA0125000102250046
:105208000502250095012500B4012500B8012500F7
:10521800BF012500C30125005301250072012500A7
:10522800760125007D01250081012500FB02900003
:10523800C6029000910290005C02900047030402AD
:10524800FE02081028030810C9020810F30208100B
:1052580094020810BE0208105F02081089020810A4
:10526800DE00F700DE00F0002402F000E201F000AA
:10527800A001F0005E01F000F3003000F3007700B9
:10528800F300D1007100072072000402A10010028F
:10529800A200100220000810270008103100081092
:1052A8006F000810750007201B031002E6021002A9
:1052B800B10210027C02100217031002E20210026F
:1052C800AD02100278021002C100B0003901B0002E
:1052D800FA029000C5029000900290005B029000D4
:1052E800FC02B001C702B0019202B0015D02B00138
:1052F8009100081092000810930008108E00081002
:105308008F000810900008108B0008108C000810FF
:105318008D00081035000810880008108900081052
:105328008A000810960008108400081094000810DD
:10533800380008104001B000490125004901260045
:10534800490127004901280049012900B803B00193
:10535800B903B0014202040200020402BE010402C1
:105368007C01040236015100F2003000F20077009F
:10537800F200D100F500D0000F031002DA0210028B
:10538800A50210027002100232033100320332000B
:1053980025020720E3010720A10107205F0107205C
:1053A80026020402E4010402A201040260010402CC
:1053B80028020402E6010402A401040262010402B4
:1053C80041020720FF010720BD0107207B010720BC
:1053D80019022B0038022B003C022B0043022B0041
:1053E80047022B00D7012B00F6012B00FA012B00F6
:1053F80001022B0005022B0095012B00B4012B00A4
:10540800B8012B00BF012B00C3012B0053012B0057
:1054180072012B0076012B007D012B0081012B00EE
:105428002F020720ED010720AB01072069010720A3
:1054380031020402EF010402AD0104026B0104020F
:105448005302A4001102A400CF01A4008D01A400FE
:105458005202A4001002A400CE01A4008C01A400F2
:105468005102A4000F02A400CD01A4008B01A400E6
:10547800250007202F000710730008107C00081073
:105488007E0008101F0007202600071030000710B4
:10549800740008107B00081028000720320007104D
:1054A8003900081041000710460005104B0008207D
:1054B8004C0008204F000810540008205500082010
:1054C8002100072029000710330007103A000810B0
:1054D80040000710470005104A0008205000081037
:1054E80053000810F6029000C10290008C02900050
:1054F8005702900019023701380237013C02370180
:105508004302370147023701D7013701F601370156
:10551800FA01370101023701050237019501370108
:10552800B4013701B8013701BF013701C3013701A1
:105538005301370172013701760137017D013701C7
:10554800810137011502B001D301B0019101B00109
:105558004F01B0012E0007106B0007107F000820D4
:1055680080000810820007201402F000D201F00029
:105578009001F0004E01F0002B0330002F033000A3
:105588002B0354002F035400360007103F00081067
:1055980086000820AF000810590010025A001002B7
:1055A800220008102A000810340008103E000810D5
:1055B8001B00051067000810680008201F0207205C
:1055C800DD0107209B010720590107202002040262
:1055D800DE0104029C0104025A010402480104028B
:1055E800110107202003B001EB02B001B602B0019F
:1055F8008102B001060024000D00240014002400DC
:105608006A0008204A01260033015700330155007B
:10561800330153003501B00016010402FB000402F7
:10562800000104020B0104022B020402E901040236
:10563800A701040265010402750106207801310002
:1056480078013200790106208001062083013200AA
:10565800840106208A010620B7010620BA0131001C
:10566800BA013200BB010620C2010620C501320082
:10567800C6010620CC010620F9010620FC013100F4
:10568800FC013200FD010620040206200702320058
:10569800080206200E0206203B0206203E023100C8
:1056A8003E0232003F02062046020620490232002E
:1056B8004A0206205002062028010810C500D00022
:1056C8002103B001EC02B001B702B0018202B001BF
:1056D8009C0090019D009001F902D000C402D00006
:1056E8008F02D0005A02D000DF005A00DF003900D4
:1056F800DF005600DF003500DF005200DF00310018
:10570800B6003200BD003200BF0032005C0130003C
:105718003700D000C802D000B4009000B700D10014
:10572800FA000402E200F700E200F000B3003000E3
:10573800B3007700B300D100D6005100B2003000AA
:10574800B2007700B200D100B500D0005C01310092
:105758005C013200290030002D003000290054007F
:105768002D005400060024000D002400140024001D
:10577800D3005700D3005500D3005300D500B00024
:10578800AC0004021B030402F5040402FA04040238
:105798000105040206050402210504025805040255
:1057A800180504026C010402220304023204B0004A
:1057B8007204B000CF040402C9043701CC043701D5
:1057C800D0043701D30437016105B0006305D00068
:1057D800E3005A00E3003900E3005600E300350017
:1057E800E3005200E300310059003200600032004B
:1057F80030BFC36335030100E50108003503080025
:10580800850301008503000014000000A84700007C
:1058180035030100E5011000350310008503010080
:105828008503000014000000A847000035030100AC
:10583800E5012000350320008503010085030000F1
:1058480014000000D832000000000000B84B00002F
:10585800250800003508010045080100400800003F
:1058680088090000A506A00B000000001702000030
:10587800F00900003702000070050000A80F0000C2
:10588800000000008702000080020000F00900000C
:10589800B7020000B0020000700500009810000078
:1058A800084600000000000020030000200300005C
:1058B80020030000F009000050030000500300001E
:1058C80070050000A0060000E0030000C84C0000BE
:1058D800100C0000404A0000204C00004804000062
:1058E8005835000078360000500A0000500A0000C1
:1058F800E001000040020000D70200001400000090
:10590800050800008506C0098006400A80062009AF
:105918000900000018370000A80F000098100000C8
:10592800084600000900000018370000404A00003F
:10593800204C00000900000018370000204C00002F
:10594800981000000846000009000000F84900000F
:105958008848000055050000650500004505010060
:1059680009000000E5010800A506000085150400EF
:1059780035030300E501080035030800C506A46ED9
:10598800B83700008503010085030000A038000037
:105998002838000009000000D0130000E0060000CD
:1059A800880800001707000068250000F0090000BB
:1059B800680900002708000002000000404A0000B3
:1059C800204C0000B707000035070300D84E000040
:1059D8000A00000035070200F8090000A00F0000C7
:1059E8009010000000000000004600008808000039
:1059F80060090000430000005708000078280000F4
:105A0800D81300000000000018480000090000003A
:105A180060250000E014000070280000B028000095
:105A280000190000C02B0000002C0000201D000001
:105A3800102F0000502F00004021000060320000AD
:105A4800D813000009000000E0140000090000005D
:105A5800F501010006000008851502008515010002
:105A68009515FF03A515010C09000000A8490000C1
:105A7800184800002505000035050000150501003F
:105A880009000000D50701002506646B3507890D5C
:105A98004507890D85061400D84E00002A0000002D
:105AA8002506000085060000450700001048000094
:105AB8000900000045000000E5018600350084006B
:105AC8004201000043000000B50C0B0082CE01002B
:105AD8004300000068330000283900004500010039
:105AE80009000000B50C000009000000B50C00001A
:105AF80009000000A50B0000F50B0000050C1200C2
:105B0800150C0000E50B0000950B0500483B000054
:105B18000620220038420000B50204007502000089
:105B280065024000E5010101B5020101A84100003C
:105B380065020000783F0000A8420000D83B000042
:105B4800017C0007F2030000017C01000600400010
:105B58004300000001000005283C00000900000087
:105B6800D5080A00E5081A00450285225502FD01FC
:105B780009000000A5010000D5000000E5000000B4
:105B8800F5002000050100001501000025010000B6
:105B980035010000850100004501000055010000A5
:105BA80065010000750100009501000095000100E5
:105BB8007500FF3709000000350A0900550A000082
:105BC800C50A0800650A3F08250A6000950A010011
:105BD800250A7F0009000000D83C000002DC05000F
:105BE80043000000D5000000E50000007500030038
:105BF80002050000430000008500030025000000A6
:105C0800180B000025000100E501020075000000E6
:105C180009000000583A0000180E000002050000B4
:105C2800430000008500FF37D50A4F007500FF3F8D
:105C38008500FF3F50110000050A6B01050A0801A5
:105C4800050AB502E50C010002140000430000003B
:105C5800280F000045030100450302003813000027
:105C6800483B0000184500005845000078440000F3
:105C7800A845000025000000E501000535000005E5
:105C8800E501020015000000020F000043000000BB
:105C980018430000883A0000E501010035000100C2
:105CA8006201000043000000C80D0000784E0000AB
:105CB800250901009500FF4009000000050D0100BD
:105CC800250D0100150D1500A50A0100450D8700D9
:105CD80009000000A50B0000F50A000025022E00AF
:105CE80009000000083B000078440000E5011F009F
:105CF800150B1F0038420000C8400000A8420000F1
:105D080006202200E50A0800F50A0000883B00008A
:105D180002000000E10300034300000001008002CC
:105D2800283C0000090000003502000015020000B0
:105D3800060220002200000032000000E17F8000FF
:105D480001F400001600000043000000C601000036
:105D580043000000E715000002000000F8160000EC
:105D68004300000006001C003502000090160000E9
:105D7800720000000602000072010000F816000020
:105D8800430000000200000006001C004300000061
:105D980043000000E71600000602000002000000B1
:105DA800F81600004300000009000000120000007F
:105DB80001F4000012000000E17F800026000000CE
:105DC80001F4010000008000E17F8000E60100008E
:105DD80001F407000000800743000000601800007D
:105DE80032000000E17F80002600000001F403007B
:105DF80000008000E17F8000E601000001F4070058
:105E08000000800743000000060040001600000064
:105E1800430000002600000000008000060000008B
:105E28000600000006000000017480000900000060
:105E380035020000150200000602200022000000C2
:105E480032000000E17F800001F40000160000002D
:105E580043000000C601000043000000071A0000CC
:105E680002000000181B00004300000006001C0090
:105E780035020000B01A000072000000060200009F
:105E880072010000181B000043000000020000001F
:105E980006001C004300000043000000071B000030
:105EA8000602000002000000181B0000430000006A
:105EB800090000001200000001F4000012000000B8
:105EC800E17F80002600000001F40100000080004E
:105ED800E17F8000E601000001F407000000800770
:105EE80043000000801C000032000000E17F8000B9
:105EF8002600000001F4030000008000E17F80001C
:105F0800E601000001F407000000800743000000DC
:105F180006004000160000004300000026000000B4
:105F280000008000060000000600000006000000D7
:105F3800017480000900000035020000150200000D
:105F4800060220002200000032000000E17F8000ED
:105F580001F400001600000043000000C601000024
:105F680043000000271E000002000000381F000048
:105F78004300000006001C0035020000D01E00008F
:105F8800720000000602000072010000381F0000C5
:105F9800430000000200000006001C00430000004F
:105FA80043000000271F0000060200000200000056
:105FB800381F000043000000090000001200000024
:105FC80001F4000012000000E17F800026000000BC
:105FD80001F4010000008000E17F8000E60100007C
:105FE80001F407000000800743000000A020000023
:105FF80032000000E17F80002600000001F4030069
:1060080000008000E17F8000E601000001F4070045
:106018000000800743000000060040001600000052
:106028004300000026000000000080000600000079
:10603800060000000600000001748000090000004E
:1060480035020000150200000602200022000000B0
:1060580032000000E17F800001F40000160000001B
:1060680043000000C6010000430000004722000072
:1060780002000000582300004300000006001C0036
:1060880035020000F0220000720000000602000045
:1060980072010000582300004300000002000000C5
:1060A80006001C00430000004300000047230000D6
:1060B8000602000002000000582300004300000010
:1060C800090000001200000001F4000012000000A6
:1060D800E17F80002600000001F40100000080003C
:1060E800E17F8000E601000001F40700000080075E
:1060F80043000000C024000032000000E17F80005F
:106108002600000001F4030000008000E17F800009
:10611800E601000001F407000000800743000000CA
:1061280006004000160000004300000026000000A2
:1061380000008000060000000600000006000000C5
:10614800017480000900000098130000F50B00009E
:10615800050C0000150C0000E50B0000950B000075
:10616800E50A0000050200000620020010340000C5
:10617800050B0000050B0C00050B0000150B0000BB
:10618800250B0000350B0100450B0000550B0000E6
:10619800650B000038420000B502040075020000DB
:1061A80065020000E5010900B5020900A8410000E8
:1061B80065020000E5014100B5024100A841000068
:1061C80065020000783E0000B50204007502000078
:1061D80065020000E5010101B5020101A8410000C6
:1061E80065020000783F0000A8420000182800005F
:1061F8000900000015095D00F508BD00E501002053
:10620800F508002001000000090000000100000559
:10621800283C0000004E0000090000009813000010
:10622800F50B0000050C0000150C0000E50B000044
:10623800950B0000E50A0000050200000620020098
:1062480010340000050B0000050B0C00050B0000C6
:10625800150B0000250B0000350B0100450B000055
:10626800550B0000650B000038420000B502040021
:106278007502000065020000E5010900B502090089
:10628800A841000065020000E5014100B502410097
:10629800A841000065020000783E0000B502040035
:1062A8007502000065020000E5010101B502010167
:1062B800A841000065020000783F0000A8420000E5
:1062C800682B00000900000015095D00F508BD00F5
:1062D800E5010020F5080020010000000900000089
:1062E80001000005283C0000004E000009000000E5
:1062F80098130000F50B0000050C0000150C0000B9
:10630800E50B0000950B0000E50A000005020000FF
:106318000620020010340000050B0000050B0C00DD
:10632800050B0000150B0000250B0000350B0100C4
:10633800450B0000550B0000650B000038420000BB
:10634800B50204007502000065020000E5010900BD
:10635800B5020900A841000065020000E5014100FE
:10636800B5024100A841000065020000783E000027
:10637800B50204007502000065020000E501010194
:10638800B5020101A841000065020000783F000045
:10639800A8420000B82E00000900000015095D00A1
:1063A800F508BD00E5010020F50800200100000007
:1063B8000900000001000005283C0000004E000014
:1063C8000900000098130000F50B0000050C000000
:1063D800150C0000E50B0000950B0000E50A000015
:1063E800050200000620020010340000050B000022
:1063F800050B0C00050B0000150B0000250B000019
:10640800350B0100450B0000550B0000650B000023
:1064180038420000B5020400750200006502000061
:10642800E5010900B5020900A84100006502000065
:10643800E5014100B5024100A841000065020000E5
:10644800783E0000B50204007502000065020000F5
:10645800E5010101B5020101A84100006502000043
:10646800783F0000A8420000083200000900000040
:1064780015095D00F508BD00E5010020F5080020BC
:10648800010000000900000001000005283C000090
:10649800004E000009000000E5013100C508200099
:1064A800090000006503C000B5070200B5082A000E
:1064B800A83200000900000055080200F505010097
:1064C800350C040009000000D50701002506E4008A
:1064D80065070600E507080045061400D84E0000C9
:1064E8000A000000F8480000284900006507270056
:1064F80009000000350C0200350C0300E50101001D
:10650800050B0100E5010200D50A0000A200000009
:106518004300000009000000E5010800A50600008E
:1065280025030300E501080025030800C506046FDC
:10653800B8370000950301009503000028380000D3
:106548000900000015080000E5010800A50608007C
:10655800D84E00002A0000000900000025080000AD
:10656800250600003507030045070300D84E000044
:106578000A000000090000002508010009000000C9
:10658800F50101100600000809000000E5010400FB
:1065980085060400D50701002506C46DD84E000005
:1065A8002A000000090000002506000085060000FA
:1065B80009000000E836000018480000884800007C
:1065C80009000000E5011000350310000900000073
:1065D800E50110002503100009000000D50701009F
:1065E80025061400D84E00002A00000025060000E9
:1065F800C506000009000000E5061800D84E000096
:106608000A000000E50600003508010088090000BE
:10661800A506A00B0900000005071800D84E0000C9
:106628000A00000005070000450801004836000080
:10663800A506406909000000E501860035008400D0
:106648004201000043000000E5010300B50C010011
:106658006200000043000000D50701002506E400A1
:1066680065070600E507080045061800D84E000033
:106678000A000000F84800002849000065072700C4
:1066880009000000E5010300B50C03000900000043
:1066980068330000E50102003500020062010000D5
:1066A80043000000E50184003500000009000000F7
:1066B8001502360005020E0025022E000900000012
:1066C8001502360005020E0025029300090000009D
:1066D80015094D00F5089D00E5010020F50800208A
:1066E8000900000015095D00F508BD00E50100205E
:1066F800F508002009000000E5010020F508000069
:10670800000000000000000025000100E501020073
:106718001500020025000000E50102001500000038
:106728000900000065007F00090000006500000006
:10673800090000007500010009000000D5000000F4
:10674800E50102009500020009000000A501000013
:10675800E5000000F500200005010000150100001B
:106768002501000035010000450103005501030023
:10677800850103006501030075010300950103000D
:10678800E501F77F9500F57F09000000E501FF01AD
:106798006502E001E5011100B5021100A841000001
:1067A800E501FF016502FF01E5012100B5022100B5
:1067B800A8410000E501FF016502F801E50181003B
:1067C800B5028100A841000009000000E501FF01B1
:1067D8006502C001E5010102B5020102A8410000FD
:1067E800E501FF016502FF01E5010104B5020104AD
:1067F800A8410000E501FF016502F801E501010873
:10680800B5020108A8410000E501FF016502FF018A
:10681800E5010110B5020110A841000009000000BF
:10682800B50204006502003FB5020D00F841000002
:106838006502C0FFB5021500F84100006502F0FFCF
:10684800B5028500F84100006502FFFFB50225008A
:10685800F841000009000000B208000043000000F1
:10686800E501F91FB502000009000000B2080000A8
:1068780043000000B502040009000000E50100051E
:1068880035000000E501001835000018E501000595
:106898003500000509000000E5010005350000008D
:1068A800E501001835000000E50100053500000588
:1068B80009000000450A0100450A000065070300B9
:1068C800D50708002506140058490000A84700000D
:1068D80025073900F50400000505803EE5040100A0
:1068E800D84E00000A000000A8470000F848000041
:1068F8006507000009000000250A0000950A00004D
:10690800250A0000650A000009000000050B0000C8
:10691800050B0C00050B0000150B1F00250B0000D4
:10692800350B0100450B0000550B0000650B0000FE
:1069380009000000F50B0000050C0E00150C000006
:1069480009000000950B0700A50B0400E50A0700E5
:10695800F50A040009000000D50B0500B50B03007B
:1069680009000000D50B0500B50B00000900000068
:1069780038420000B5020400750200006502C03FFD
:10698800E5010101B5020101A8410000650200FE10
:10699800783F0000A8420000483B00000620220083
:1069A800D83B0000F5090100E50100039509000145
:1069B80001F40000D50B0500024B00004300000065
:1069C800D50B0900F5090000E50100039509000051
:1069D800283C00000900000025070000B50501005B
:1069E8006200000043000000B5050000E504000057
:1069F8000900000035070000C5050100620000001D
:106A080043000000C505000015050000090000004E
:106A180045070000D50501006200000043000000A2
:106A2800D505000045050000090000002506000006
:106A3800D50700000900000045060000E507000032
:106A48000900000015000400E501080035000000F9
:106A5800150000000900000015000800E5011000FD
:106A680035000000150000000900000015001000A6
:106A7800E5012000350000001500000009000000B5
:106A880095000100E50C00002509000028390000E8
:106A980025000100E501020015000200E5010600DD
:106AA80085000000E501060075000000D8450000DB
:106AB800984E0000E5010100350000006201000069
:106AC8004300000028440000D50A000085000100AA
:106AD800183D0000783D0000090000002833000040
:106AE800C500000095140000783D0000383D000006
:106AF800F80B000009000000D80B0000E5010100B8
:106B080085000000E501010075000000383D000027
:106B1800E501020015000000F83C00000900000033
:106B2800950C1300750C3800850C02001502360010
:106B380005020E0025022E00062022001509ED0090
:106B4800F508DD01E5010020F50800200100000539
:106B5800010001050100000506004000283C000076
:106B6800750C0000850C0000950C00000900000061
:106B7800350C0000350C0400E5010100050B000090
:106B8800E5010200D50A020009000000450DFF00DA
:106B980009000000450D0000A50A0000050D0000D1
:106BA8000900000052000000430000000900000036
:106BB800300EB36335030100E50108003503080012
:106BC800850301008503000014000000A8010000EF
:106BD80035030100E50110003503100085030100AD
:106BE8008503000014000000A8010000350301001F
:106BF800E50120003503200085030100850300001E
:106C08001400000015000400E5010800350000002C
:106C1800150000000900000025070000B505010067
:106C28006200000043000000B5050000E504000014
:106C38000900000025060000D50700000900000033
:106C480045060000E5070000090000006503C000D4
:106C5800B5070200B5082A00C802000009000000B4
:106C6800E5013100C50820000900000052000000BD
:106C7800430000000900000065007F0009000000D3
:106C8800A5010000D5000000E5000000F500200087
:106C98000501000015010000250100003501000074
:106CA8008501000045010000550100006501000054
:106CB8007501000095010000950001007500FF377F
:106CC80009000000D5000000E5010200950002005F
:106CD80009000000A5010000E5000000F500200003
:106CE8000501000015010000250100003501000024
:106CF80045010300550103008501030065010300F8
:106D08007501030095010300E501F77F9500F57F04
:106D180009000000B50C0000090000004500000053
:106D2800E5018600350084004201000043000000B0
:106D3800B50C0B0082CE010043000000880800005B
:106D4800580700004500010009000000E5010300A4
:106D5800B50C030009000000020F0000430000000A
:106D68000900000088080000E50102003500020063
:106D78006201000043000000E501840035000000C6
:106D880009000000E501860035008400420100008A
:106D980043000000E5010300B50C0100620000009B
:106DA80043000000D50701002506E400650706003A
:106DB800E507080045061800F80200000A00000070
:106DC80018020000480200006507270009000000BB
:106DD800D50701002506E40065070600E507080059
:106DE80045061400F80200000A000000180200001E
:106DF800480200006507270009000000550D010042
:106E08000000000075070000C50D900975072700F0
:106E18008513010015140100E50104008513040021
:106E2800E501040015140400E501080085130800B5
:106E3800E501F8011514F801090000001502000029
:106E480005020000250201000620220015090200A3
:106E5800F5080400E5010020F508002009000000FD
:106E6800021400004300000001000100010080023C
:106E78000600400009000000350A0900550A000014
:106E8800C50A0800650A3F08250A6000950A01003E
:106E9800250A7F0009000000250A0000950A000065
:106EA800250A0000650A000009000000450A0100E3
:106EB800450A000065070300D507080025061400E9
:106EC80058010000A801000025073900F50400005A
:106ED8000505803EE5040100F80200000A000000F4
:106EE800A801000018020000650700000900000062
:106EF800450A0100450A000009000000050D0100CF
:106F0800250D0100150D1500A50A0100450D870086
:106F180009000000450DFF000900000015095D008B
:106F2800F508BD00E5010020F50800200900000073
:106F3800D5080A00E5081A00450285225502FD0118
:106F4800090000001502360005020E002502930014
:106F580009000000E5010020F5080000000000001D
:106F68000000000025000100E501020015000200F4
:106F780025000000E50102001500000009000000DE
:106F8800350C0200350C0300E5010100050B01007A
:106F9800E5010200D50A0000A2000000430000003D
:106FA80009000000E501000535000000E5010018B2
:106FB80035000018E501000535000005090000004E
:106FC800E501000535000000E50100183500000066
:106FD800E50100053500000509000000B2080000C1
:106FE80043000000E501F91FB50200000900000098
:106FF800E501FF016502E001E5011100B50211009C
:10700800B8100000E501FF016502FF01E50121005C
:10701800B5022100B8100000E501FF016502F80182
:10702800E5018100B5028100B810000009000000E8
:10703800E501FF016502C001E5010102B502010297
:10704800B8100000E501FF016502FF01E501010438
:10705800B5020104B8100000E501FF016502F8015E
:10706800E5010108B5020108B8100000E501FF01BB
:107078006502FF01E5010110B5020110B81000001A
:1070880009000000D50B0500B50B0300090000003E
:10709800D80F0000B5020400750200006502C03F69
:1070A800E5010101B5020101B8100000650200FE0A
:1070B8000812000048100000580E000006202200A8
:1070C800B80D0000F5090100E5010003950900016C
:1070D80001F40000D50B0500024B0000430000003E
:1070E800D50B0900F5090000E5010003950900002A
:1070F800980E000009000000050B0000050B0C00AD
:10710800050B0000150B1F00250B0000350B0100B7
:10711800450B0000550B0000650B0000090000003E
:107128005508020058010000A801000018020000DC
:1071380048020000F5050100350C04007802000043
:107148002851000038090000380A0000010000003A
:10715800950C1300750C3800850C0200A200000085
:10716800C230000043000000430000000100010598
:107178000600400001008002750C0001850C180013
:10718800C80A0000850C38002503000065070300C5
:10719800D50708002506140058010000F504000072
:1071A8000505800285142200C50A0000080D0000AC
:1071B800A801000025072106E5040100F8020000E7
:1071C8000A000000A8010000E501010025030100F4
:1071D800C80A0000C50A0100080D0000A801000047
:1071E80025074D06E5040100F80200000A0000002A
:1071F800A8010000E501020025030200C80A0000FA
:10720800C50A0200080D0000A8010000250779063C
:10721800E5040100F80200000A000000A8010000CF
:10722800E501040025030400C80A0000C50A03009C
:10723800080D0000A80100002507A506E5040100C7
:10724800F80200000A000000A8010000E50108009B
:1072580025030800C80A0000C50A0400080D00003C
:10726800A80100002507D106E5040100F802000086
:107278000A000000A8010000E50110002503100025
:10728800C80A0000C50A0500080D0000A801000092
:107298002507FD06E5040100F80200000A000000C9
:1072A800A8010000E501200025032000C80A00000D
:1072B800C50A0600080D0000A801000025072907D7
:1072C800E5040100F80200000A000000A80100001F
:1072D800E501400025034000C80A0000C50A070070
:1072E800080D0000A801000025075507E504010066
:1072F800F80200000A000000A8010000E501800073
:1073080025038000C80A0000C50A0800080D00000F
:10731800A801000025078107E5040100F802000024
:107328000A000000A8010000E50100012503000192
:10733800C80A0000C50A0900080D0000A8010000DD
:107348002507AD07E5040100F80200000A00000067
:10735800A8010000E501000225030002C80A000098
:10736800C50A0A00080D0000A80100002507D90772
:10737800E5040100F80200000A000000A80100006E
:10738800E501000425030004C80A0000C50A0B0033
:10739800080D0000A801000025070508E504010004
:1073A800F80200000A000000A8010000E50100083A
:1073B80025030008C80A0000C50A0C00080D0000D3
:1073C800A801000025073108E5040100F8020000C3
:1073D8000A000000A8010000E501001025030010C4
:1073E800C80A0000C50A0D00080D0000A801000029
:1073F80025075D08E5040100F80200000A00000006
:10740800A8010000E501002025030020C80A0000AB
:10741800C50A0E00080D0000A8010000250789080C
:10742800E5040100F80200000A000000A8010000BD
:10743800E501004025030040C80A0000C50A0F0006
:10744800080D0000A80100002507B508E5040100A3
:10745800F80200000A000000A8010000E501008011
:1074680025030080C80A000085140000A80B00004E
:1074780018020000C85000001400000078590000ED
:10748800750C8000850C8000B50A0300E501040036
:10749800B50C040006000008950A6100484F00007A
:1074A800950A6900484F0000950A7100484F00008E
:1074B800950A7900484F0000950A4100484F00009E
:1074C800950A4900484F0000950A5100484F0000AE
:1074D800950A5900484F0000950A2100484F0000BE
:1074E800950A2900484F0000950A3100484F0000CE
:1074F800950A3900484F0000950A0100484F0000DE
:10750800950A0900484F0000950A1100484F0000ED
:10751800950A1900484F0000B50A000001008002D2
:10752800750C0200850C0200E5010400B50C000092
:10753800C80A0000750C1800850C0600F50010003C
:10754800C80A0000F5001100C80A0000F500120082
:10755800C80A0000F5001300C80A0000F50014006E
:10756800C80A0000F5001500C80A0000F50016005A
:10757800C80A0000F5001700C80A0000F500180046
:10758800C80A0000F5001900C80A0000F5001A0032
:10759800C80A0000F5001B00C80A0000F5001C001E
:1075A800C80A0000F5001D00C80A0000F5001E000A
:1075B800C80A0000F5001F00C80A0000F5002000F6
:1075C800C80A0000F5002100C80A0000F5002200E2
:1075D800C80A0000F5002300C80A0000F5002400CE
:1075E800C80A0000F5002500C80A0000F5002600BA
:1075F800C80A0000F5002700C80A0000F5002800A6
:10760800C80A0000F5002900C80A0000F5002A0091
:10761800C80A0000F5002B00C80A0000F5002C007D
:10762800C80A0000F5002D00C80A0000F5002E0069
:10763800C80A0000F5002F00C80A0000F500300055
:10764800C80A0000F5003100C80A0000F500320041
:10765800C80A0000F5003300C80A0000F50034002D
:10766800C80A0000F5003500C80A0000F500360019
:10767800C80A0000F5003700C80A0000F500380005
:10768800C80A0000F5003900C80A0000F5003A00F1
:10769800C80A0000F5003B00C80A0000F5003C00DD
:1076A800C80A0000F5003D00C80A0000F5003E00C9
:1076B800C80A0000F5003F00C80A0000A80B000037
:1076C800C85000001400000078590000450301006C
:1076D800F5002000750C0300850C0300E50104008B
:1076E800B50C040006000008150D10000850000035
:1076F800150D110008500000150D1200085000006B
:10770800150D130008500000150D14000850000056
:10771800150D150008500000150D16000850000042
:10772800150D170008500000150D1800085000002E
:10773800150D190008500000150D1A00085000001A
:10774800150D1B0008500000150D1C000850000006
:10775800150D1D0008500000150D1E0008500000F2
:10776800150D1F0008500000150D000008500000FE
:10777800150D010008500000150D0200085000000A
:10778800150D030008500000150D040008500000F6
:10779800150D050008500000150D060008500000E2
:1077A800150D070008500000150D080008500000CE
:1077B800150D090008500000150D0A0008500000BA
:1077C800150D0B0008500000150D0C0008500000A6
:1077D800150D0D0008500000150D0E000850000092
:1077E800150D0F0008500000350D00000100800243
:1077F800980E0000A80B000045030000C8500000C8
:1078080014000000B50B0300F50901002500010074
:107818009509000125000000D50B0E000214000098
:1078280043000000D50B0A00F50900009509000087
:10783800950C000062090000C230000043000000FF
:1078480043000000380A0000E5010400B50C0400FC
:10785800050C000006000008150C0000E50B3C00B4
:10786800C80A0000E50B3400C80A0000E50B2C002C
:10787800C80A0000E50B2400C80A0000E50B040054
:10788800C80A0000E50B0C00C80A0000E50B14004C
:10789800C80A0000E50B1C00C80A0000150C01000E
:1078A800E50B3C00C80A0000E50B3400C80A0000DC
:1078B800E50B2C00C80A0000E50B2400C80A0000EC
:1078C800E50B0400C80A0000E50B0C00C80A00001C
:1078D800E50B1400C80A0000E50B1C00C80A0000EC
:1078E800150C0200E50B3C00C80A0000E50B34004B
:1078F800C80A0000E50B2C00C80A0000E50B2400AC
:10790800C80A0000E50B0400C80A0000E50B0C00DB
:10791800C80A0000E50B1400C80A0000E50B1C00AB
:10792800C80A0000150C0300E50B3C00C80A00005B
:10793800E50B3400C80A0000E50B2C00C80A00005B
:10794800E50B2400C80A0000E50B0400C80A000083
:10795800E50B0C00C80A0000E50B1400C80A00007B
:10796800E50B1C00C80A0000150C0400E50B3C00E0
:10797800C80A0000E50B3400C80A0000E50B2C001B
:10798800C80A0000E50B2400C80A0000E50B040043
:10799800C80A0000E50B0C00C80A0000E50B14003B
:1079A800C80A0000E50B1C00C80A0000150C0500F9
:1079B800E50B3C00C80A0000E50B3400C80A0000CB
:1079C800E50B2C00C80A0000E50B2400C80A0000DB
:1079D800E50B0400C80A0000E50B0C00C80A00000B
:1079E800E50B1400C80A0000E50B1C00C80A0000DB
:1079F800150C0600E50B3C00C80A0000E50B340036
:107A0800C80A0000E50B2C00C80A0000E50B24009A
:107A1800C80A0000E50B0400C80A0000E50B0C00CA
:107A2800C80A0000E50B1400C80A0000E50B1C009A
:107A3800C80A0000150C0700E50B3C00C80A000046
:107A4800E50B3400C80A0000E50B2C00C80A00004A
:107A5800E50B2400C80A0000E50B0400C80A000072
:107A6800E50B0C00C80A0000E50B1400C80A00006A
:107A7800E50B1C00C80A0000150C0800E50B3C00CB
:107A8800C80A0000E50B3400C80A0000E50B2C000A
:107A9800C80A0000E50B2400C80A0000E50B040032
:107AA800C80A0000E50B0C00C80A0000E50B14002A
:107AB800C80A0000E50B1C00C80A0000150C0900E4
:107AC800E50B3C00C80A0000E50B3400C80A0000BA
:107AD800E50B2C00C80A0000E50B2400C80A0000CA
:107AE800E50B0400C80A0000E50B0C00C80A0000FA
:107AF800E50B1400C80A0000E50B1C00C80A0000CA
:107B0800C850000014000000A8590000E855000003
:107B1800F50A000028590000F50A0100285900005C
:107B2800F50A020028590000F50A03002859000048
:107B3800F50A040028590000F50A05002859000034
:107B4800F50A060028590000F50A07002859000020
:107B580001008002980E0000085A0000C85000007A
:107B680014000000A8590000080E0000D80F0000FB
:107B7800B5020400750200006502C03FE501090076
:107B8800B5020900B810000065020000E5014100D7
:107B9800B5024100B8100000650200FE081100009F
:107BA800985800004810000006200208B80D000090
:107BB800A50B040068550000F50A0000D84D000028
:107BC800F50A0100D84D0000F50A0200D84D000062
:107BD800F50A0300D84D0000F50A0400D84D00004E
:107BE800F50A0500D84D0000F50A0600D84D00003A
:107BF800F50A0700D84D000001008002980E000029
:107C0800085A0000C850000014000000A8590000DD
:107C1800E50A0800950B0800F50B0F00D80F0000C7
:107C2800B5020400750200006502C03FE5010900C5
:107C3800B5020900B810000065020000E501410026
:107C4800B5024100B8100000650200FE08110000EE
:107C5800B5020400750200006502C03FE50101019C
:107C6800B5020101B8100000650200FE081200000C
:107C780048100000B80D0000F50A04001502A00025
:107C88000600200801F4000506020000A50B00000C
:107C9800884C000006020000A50B0100884C00007B
:107CA80006020000A50B0200884C00000602000036
:107CB800A50B0300884C000006020000A50B040079
:107CC800884C000006020000A50B0500884C000047
:107CD80006020000A50B0600884C00000602000002
:107CE800A50B0700884C000001000005980E000055
:107CF800085A0000C850000014000000A8590000ED
:107D0800E50A0800950B0800F50B0900D80F0000DC
:107D1800B5020400750200006502C007E50109000C
:107D2800B5020900B810000065020000E501410035
:107D3800B5024100B81000006502001E08110000DD
:107D4800B5020400750200006502C007E5010101E3
:107D5800B5020101B81000006502001E08120000FB
:107D680048100000350200001502A00025022E0070
:107D780006202008B80D0000A50B0400050C030020
:107D8800150C000068550000D84D00000100800265
:107D9800980E0000085A0000C850000014000000A7
:107DA800A8590000E5010400B50C0000350C0100DD
:107DB800750C8001850C0200950C1300450C090018
:107DC800650C1B0028150000450B0200E50A080099
:107DD800950B0800D80F0000B502040075020000DA
:107DE80065024000E5010900B5020900B81000006D
:107DF80065020000E5014100B5024100B81000002D
:107E08006502007E08110000985800004810000024
:107E1800B80D0000010000001502A10025026E0047
:107E2800650B0400062020084853000006002008BF
:107E380022000000485300004300000001008002B7
:107E4800650B0C00060020004200000048530000AB
:107E58004300000001000005650C0000450C0F0000
:107E6800550C0300750CC001150B0900550B0700D4
:107E7800350B2900250B0B000600200052000000DE
:107E8800585400004300000001008002550B0F0009
:107E9800350B09000600200052000000585400006D
:107EA8004300000001008002250B1300060020009B
:107EB8005200000058540000430000000100000573
:107EC800980E0000085A0000C85000001400000076
:107ED80012000000E175000001F401002600000016
:107EE800E175000001F40700E6010000020000004F
:107EF800E175000001F4030026000000E1750000B0
:107F080001F40700E60100004300000006004000FD
:107F180016000000430000002600000001748000E5
:107F28000900000006002000120000000602000000
:107F380072010000884C00004300000006001C008D
:107F48004300000001F48002090000000600200040
:107F58000602000072010000884C00004300000087
:107F680001F48002090000008513000015140000C8
:107F780075070000C50D0000550D0100090000003F
:107F8800B50A0300021400004300000001000100CC
:107F980001008002B50A020002140000430000003C
:107FA80001000700010080020600400009000000EF
:107FB800350D01000214000043000000010001001B
:107FC80001008002350D0300021400004300000088
:107FD80001000700010080020600400009000000BF
:107FE80035030200E50100003503000085030100A8
:107FF8008503000009000000C5000000951400007A
:1080080098040000580400009805000028030000A8
:1080180002DC05004300000048030000A201000044
:10802800430000008500FF37D50A4F007500FF3F69
:108038008500FF3F0214000043000000E50C01002A
:10804800280B0000380D000025000000E5010005A0
:1080580035000005E501020015000000B805000024
:10806800020F000043000000980D000025090100E0
:1080780078060000A8060000D806000009000000E5
:1080880006020000F202000001080000E1070000FB
:10809800010000000100010062000000010800006A
:1080A800E107000001000000010003004300000098
:1080B80006004000260000004300000006001C00E7
:1080C8000900000006020000F2020000012800007A
:1080D80001100000E107000001000100620000003B
:1080E8000128000001100000E10700000100030062
:1080F8004300000006004000260000004300000086
:1081080006001C0009000000F5090100950900019E
:108118000214000043000000F50900009509000062
:1081280001F4000109000000050A6B01050A0801B5
:10813800050AB502150D0000D50B0900E50B000076
:10814800980E00004503010045030200E84E0000B8
:108158005813000088130000D80F0000B50204006F
:10816800750200006502C03FE5010900B50209007B
:10817800B810000065020000E5014100B5024100A9
:10818800B8100000650200FE0811000098580000B1
:1081980048100000E50A0800950B0700480F00008A
:1081A80015029D00350200000502760025022E000A
:1081B80006200208B80D0000A50B0400050C1100EC
:1081C800150C0000F50B020068550000080E0000B1
:1081D80009000000B50204007502000065024000B5
:1081E800E5010101B5020101B810000065020000B7
:1081F80008120000090000005502DD0D784E00004D
:108208005502FF0F784E000009000000280B0000FF
:10821800F80B00000900000078590000E501010092
:108228003500010062010000430000000900000061
:10823800E501010035000000620100004300000074
:10824800A80B0000090000002E0042616C6C6F63EF
:1082580020737563636565646564002F6461746188
:108268002F6A656E6B696E732F776F726B737061AF
:1082780063652F474E552D746F6F6C636861696E27
:108288002F61726D2D31332F7372632F6E65776C8A
:1082980069622D63796777696E2F6E65776C69629D
:1082A8002F6C6962632F7374646C69622F676474DE
:1082B8006F612D6765746865782E63004300504FC1
:1082C80053495800494E4600696E66004E414E00BB
:1082D8006E616E003000303132333435363738391C
:1082E800414243444546003031323334353637381D
:1082F80039616263646566002C2066756E63746913
:108308006F6E3A2000617373657274696F6E202214
:10831800257322206661696C65643A2066696C651C
:1083280020222573222C206C696E65202564257314
:1083380025730A005245454E54206D616C6C6F637D
:1083480020737563636565646564002F6461746197
:108358002F6A656E6B696E732F776F726B737061BE
:1083680063652F474E552D746F6F6C636861696E36
:108378002F61726D2D31332F7372632F6E65776C99
:1083880069622D63796777696E2F6E65776C6962AC
:108398002F6C6962632F7374646C69622F6D7072DD
:1083A80065632E6300496E66696E697479004E6173
:1083B8004E002F646174612F6A656E6B696E732F4E
:1083C800776F726B73706163652F474E552D746FAD
:1083D8006F6C636861696E2F61726D2D31332F7315
:1083E80072632F6E65776C69622D63796777696E42
:1083F8002F6E65776C69622F6C6962632F73746482
:108408006C69622F64746F612E6300232D302B20FA
:1084180000686C4C006566674546470034000000FC
:10842800CEFBFFFFCB0300000100000000000000AE
:1084380035000000CEFBFFFFCB0300000100000069
:108448000000000000000000BC89D897B2D29C3C14
:1084580033A7A8D523F649393DA7F444FD0FA53223
:108468009D978CCF08BA5B25436FAC6428066811CA
:1084780005000000190000007D0000000000000059
:108488000080E03779C34143176E05B5B5B8934608
:10849800F5F93FE9034F384D321D30F94877825AD4
:1084A8003CBF737FDD4F1575000000000000F03FF2
:1084B80000000000000024400000000000005940B7
:1084C8000000000000408F40000000000088C3400A
:1084D80000000000006AF8400000000080842E417F
:1084E80000000000D01263410000000084D79741CB
:1084F8000000000065CDCD41000000205FA00242D1
:10850800000000E876483742000000A2941A6D4245
:10851800000040E59C30A2420000901EC4BCD64238
:1085280000003426F56B0C430080E03779C34143E3
:1085380000A0D8855734764300C84E676DC1AB4359
:10854800003D9160E458E143408CB5781DAF154477
:1085580050EFE2D6E41A4B4492D54D06CFF0804452
:10856800F64AE1C7022DB544B49DD9794378EA4467
:1085780000202020202020202020282828282820EB
:1085880020202020202020202020202020202020E3
:10859800208810101010101010101010101010104B
:1085A800100404040404040404040410101010103B
:1085B8001010414141414141010101010101010105
:1085C8000101010101010101010101011010101057
:1085D80010104242424242420202020202020202D7
:1085E800020202020202020202020202101010102B
:1085F8002000000000000000000000000000000053
:108608000000000000000000000000000000000062
:108618000000000000000000000000000000000052
:108628000000000000000000000000000000000042
:108638000000000000000000000000000000000032
:108648000000000000000000000000000000000022
:108658000000000000000000000000000000000012
:108668000000000000000000000000000000000002
:1086780000000000496E76616C696420636F6E6665
:1086880069672068616E646C65000000496E7661F8
:108698006C696420737562737765657020696E64B0
:1086A80065780000496E76616C69642063616C6965
:1086B80062726174696F6E20726573756C74000004
:1086C80073656E736F72000073746172745F706F9C
:1086D800696E7400656E61626C655F747800000095
:1086E800656E61626C655F6C6F6F706261636B0071
:1086F80070686173655F656E68616E63656D656EF0
:108708007400000069715F696D62616C616E636518
:108718005F636F6D70656E736174696F6E000000E2
:1087280031395F355F4D487A0000000031355F36DA
:108738005F4D487A0000000031335F305F4D487A62
:1087480000000000385F375F4D487A00365F355FBC
:108758004D487A00355F325F4D487A00222200008A
:1087680075253034780000006E756C6C00000000D0
:1087780066616C7365000000747275650000000026
:1087880025312E31356700005741524E494E47007A
:10879800494E464F00000000564552424F5345008F
:1087A80044454255470000004552524F52000000D0
:1087B8007061796C6F61645F73697A6500000000AD
:1087C8006C6F6700737461747573000074696D650C
:1087D8007374616D700000006C6576656C00000054
:1087E8006D6F64756C65000053657474696E6720FD
:1087F8004350442070726F6772616D2070617261BE
:108808006D657465722074785F667265715F6374F4
:10881800726C20746F20256C750000006578706C90
:108828006F726174696F6E5F7365727665725F737C
:10883800797374656D5F613132310000536574740A
:10884800696E67204350442070726F6772616D20B3
:10885800706172616D657465722072785F667265A9
:10886800715F6374726C20746F20256C7500000052
:1088780053657474696E67204350442070726F6743
:1088880072616D20706172616D6574657220696EC8
:10889800746567726174696F6E5F72657065617423
:1088A8007320746F20256C75000000005365747484
:1088B800696E67204350442070726F6772616D2043
:1088C800706172616D6574657220696E7465677236
:1088D80061746F725F6374726C20746F20256C759D
:1088E8000000000053657474696E6720435044208B
:1088F80070726F6772616D20706172616D65746509
:10890800722072785F6475726174696F6E20746F1B
:1089180020256C750000000053657474696E67202B
:108928004350442070726F6772616D20706172618C
:108938006D657465722074785F6475726174696FAF
:108948006E20746F20256C750000000053746F70E2
:1089580070696E6720616C6C2073656E736F7273DB
:1089680000000000496E76616C69642070726F6364
:10897800657373696E672068616E646C65000000DA
:1089880070726F63657373696E670000496E766114
:108998006C69642073656E736F722068616E646CB5
:1089A80065000000506F7765726564206F66662009
:1089B80073656E736F7220696420256C7500000002
:1089C8006578706C6F726174696F6E5F73657276CB
:1089D80065725F62617365006D65737361676500D9
:1089E8004D697373696E672027696E666F2700008B
:1089F80053656E64696E67206572726F72202225F6
:108A0800732220746F20636C69656E740000000027
:108A180053797374656D20696E666F207570646133
:108A2800746564006F6B00006672616D655F636FEB
:108A3800756E740073656E645F6461746100000034
:108A480053746172742073747265616D696E672EF8
:108A580000000000416C726561647920737472656E
:108A6800616D696E672E000053656E736F72206EBC
:108A78006F742072756E6E696E67000053746F7044
:108A88002073747265616D696E672E0073746F7000
:108A98000000000043616E6E6F74206368616E674A
:108AA80065206261756472617465207768696C65B8
:108AB8002073747265616D696E6700007365742058
:108AC8006261756472617465000000004661696CDA
:108AD800656420746F20696E7465727072657420A5
:108AE80062617564726174650000000043616E6EB6
:108AF8006F74206578656375746520646961676E55
:108B08006F73746963732074657374207768696C14
:108B1800652073747265616D696E67004469616789
:108B28006E6F73746963732074657374206661690A
:108B38006C6564007273735F76657273696F6E003B
:108B48007469636B735F7065725F7365636F6E647E
:108B58000000000073656E736F725F636F756E74EB
:108B680000000000687700004661696C6564207445
:108B78006F20636F7079204A534F4E006D61785FA4
:108B88006261756472617465000000006578706CDC
:108B98006F726174696F6E5F7365727665725F621A
:108BA8006173655F61310000636F6E6E6563746544
:108BB80064000000496E76616C69642063616C69C9
:108BC80062726174696F6E004275666665722073C1
:108BD800697A6520746F6F20736D616C6C0000009A
:108BE80053656E736F7220256C75204E6F2070650B
:108BF8006E64696E6720696E746572727570740050
:108C080072616461725F656E67696E655F6131325A
:108C18003100000053656E736F7220256C752065F6
:108C280076656E74206973206E6F742048414E44D7
:108C38005348414B45205B307825785D00000000A3
:108C4800496E76616C696420627566666572206C2F
:108C5800656E67746800000073656E736F725F639A
:108C68006F6D6D5F61313231000000005472616ECA
:108C78007366657220646174612066726F6D20731B
:108C8800656E736F7220746F20686F7374206661ED
:108C9800696C656400000000434341206E6F7420D6
:108CA800656E61626C656400496E76616C6964200A
:108CB80062756666657220696E70757400000000E2
:108CC800726573756C745F696E666F007469636B47
:108CD80000000000646174615F736174757261748F
:108CE8006564000063616C6962726174696F6E5FCC
:108CF8006E656564656400006672616D655F6465D4
:108D08006C61796564000000646174615F76616C10
:108D1800696400006363615F76616C7565000000DB
:108D28006363615F64657465637465640000000073
:108D380074785F656E61626C656400004F757420BD
:108D48006F66206D656D6F7279000000416E6F74FB
:108D5800686572207377656570206973207374691C
:108D68006C6C2072756E6E696E672E2E2E00000078
:108D7800656E61626C655F6C6F67000063616C694A
:108D880062726174696F6E5F696E666F00000000E1
:108D9800656E61626C655F646961676E6F73746943
:108DA800637300004A534F4E20666F726D617420E2
:108DB8006572726F7200000073656E736F725F691F
:108DC80064000000486578737472696E6720636F89
:108DD8006E76657273696F6E206661696C65640092
:108DE8006578706C6F726174696F6E5F73657276A7
:108DF80065725F7574696C7300000000496E766176
:108E08006C69642063616C6962726174696F6E2059
:108E18006461746120666F722073656E736F72206F
:108E280025640000496E76616C69642063616C6931
:108E380062726174696F6E206C697374000000005F
:108E480067726F7570730000506F77657265642084
:108E58006F6E2073656E736F7220696420256C7560
:108E680000000000496E76616C696420636F6E666D
:108E78006967000073756273776565707300000039
:108E88004661696C6564206372656174696E672008
:108E9800636F6E66696700007377656570735F70EE
:108EA80065725F6672616D6500000000636F6E74C5
:108EB800696E756F75735F73776565705F6D6F64E5
:108EC80065000000646F75626C655F627566666553
:108ED80072696E6700000000646565705F736C6599
:108EE80065700000736C65657000000072656164F0
:108EF800790000006370645F6F76657272696465FB
:108F080073000000496E76616C69642063706420A8
:108F1800636F6E66696700004F766572726964698F
:108F28006E6720257320776974682076616C756593
:108F3800203078256C780000466F756E6420256CAB
:108F480075206F76657272696465206974656D73E2
:108F5800000000006363615F656E61626C6500001C
:108F68006363615F7468726573686F6C64000000A6
:108F78006363615F646562756700000041444C5F2C
:108F8800464F524D41545F56455253494F4E20313A
:108F98002E31000061646C0041444C5F5253535FB2
:108FA80056455253494F4E2025730000706970652D
:108FB8006C696E655F613132310000004661696C31
:108FC800656420746F206765742072616461722023
:108FD800656E67696E65206D6574616461746100B2
:108FE800706970656C696E655F73756273776565C6
:108FF80070000000506970656C696E65206E6F7452
:109008002070726F7065726C7920617373656D6220
:109018006C656400417373656D626C65207375627D
:10902800737765657020706970656C696E65206618
:1090380061696C6564000000656C656D656E745FE0
:109048006672616D650000006D61785F75706461BE
:1090580074655F72617465007469636B5F706572D3
:10906800696F64006D65746164617461000000007B
:10907800756E75736564000063616C696272617412
:10908800696F6E5F74656D70657261747572650085
:109098006672616D655F646174615F6C656E67744B
:1090A8006800000073776565705F646174615F6C68
:1090B800656E6774680000006D61785F7377656539
:1090C800705F726174650000686967685F737065D6
:1090D80065645F6D6F646500626173655F73746575
:1090E800705F6C656E6774685F6D0000737562739E
:1090F800776565705F646174615F6F6666736574D8
:109108000000000073756273776565705F64617451
:10911800615F6C656E6774680000000053656E736C
:109128006F7220697320696E2077726F6E67207383
:1091380074617465000000003031323334353637DD
:109148003839616263646566000000004163636FDB
:109158006E656572204578706C6F726174696F6EA8
:10916800205365727665720057616974696E67206D
:10917800666F7220686F7374206C696E6520627206
:1091880065616B20746F20656E642E2E2E000000C2
:10919800786D3132350000006163635F696E746514
:1091A80067726174696F6E5F6D656D5F616C6C6F1E
:1091B80063206661696C6564000000004761726243
:1091C8006167652066726F6D20696E7075742062C4
:1091D80075666665722073746172742072656D6F4E
:1091E80076656400EFBBBF00476F7420636F6D6DD9
:1091F800616E643A2025730073746F705F617070DC
:109208006C69636174696F6E00000000556E6B6E67
:109218006F776E20636F6D6D616E642025732E000D
:10922800556E6B6E6F776E20636F6D6D616E640047
:109238004578706C6F726174696F6E2073657276B1
:10924800657220636F6D6D616E64202773746F7033
:109258005F6170706C69636174696F6E27206E6FEF
:109268007420737570706F727465642E000000004E
:109278006578706C6F726174696F6E5F7365727612
:1092880065725F73746D3332000000005265636568
:1092980069766564206E65776C696E652077697498
:1092A800686F75742076616C6964206A736F6E20CC
:1092B800737472696E67000074785F667265715FB7
:1092C8006374726C0000000072785F667265715F8B
:1092D8006374726C00000000696E74656772617473
:1092E800696F6E5F7265706561747300696E74652D
:1092F800677261746F725F6374726C0072785F6416
:1093080075726174696F6E0074785F6475726174E8
:10931800696F6E006765745F73656E736F725F69FE
:109328006E666F006765745F73797374656D5F69E6
:109338006E666F0073746172745F73747265616DC9
:10934800696E670073746F705F73747265616D69BD
:109358006E67000073657475700000007365745F54
:10936800756172745F626175647261746500000092
:109378007365745F65787472615F73797374656D12
:109388005F696E666F000000646961676E6F737471
:109398006963735F7465737400000000546F6F2015
:1093A8006C617267652073656E736F722062756693
:1093B80066657220757361676500000072756E6E70
:1093C800696E670073746F70706564005B256C75F7
:1093D8005D2053656E736F72202573402568750094
:1093E80073656E736F725F7374617475735F6131E7
:1093F800323100005B256C755D20536372617463C4
:109408006870616420636F6E666967202568753AC5
:109418002030782530346878000000005B256C75B2
:109428005D2077616B6575705F73746174757330F7
:109438003A20307825303468780000005B256C7558
:109448005D20696E7075746D75785F77616B657591
:10945800705F696E7075742568755F636F6E666995
:10946800673A203078253034687800005B256C75C1
:109478005D2077616B6575705F696E7075742568BE
:10948800755F77616B6575705F636F6E6669673A64
:1094980020416464723D2568753A2030782530345F
:1094A800687800005B256C755D2077616B65757069
:1094B8005F696E7075742568755F61636B5F636F54
:1094C8006E6669673A20202020416464723D2568F1
:1094D800753A203078253034687800005B256C7543
:1094E8005D20537461636B206C6576656C2025681C
:1094F800753A20416464723D2568753A202568757F
:10950800000000005B256C755D2041736963206570
:1095180072726F723A203078253034687800000013
:109528005B256C755D2020204552524F523A20250C
:10953800730000004F66667365743A2025687520CD
:109548004D6F646966792076616C7565203D2025CC
:109558006C7520746F6F206C6172676520286D616F
:1095680078696D756D20256C75290000636F6E66CE
:1095780070726F6772616D00496E76616C69642004
:1095880064617461206F627461696E656420666FDE
:1095980072207061746368696E67000041444C5FB3
:1095A80053434F50452025730000000041444C5F51
:1095B8004445434C4152452025735B256C693A2547
:1095C8006C695D0041444C5F534554202573203D30
:1095D80020256C690000000041444C5F4152524113
:1095E80059202573207B25737D00000041444C5F82
:1095F80041525241592025735F2573207B25737D85
:109608000000000041444C5F5343414C4152202527
:1096180073203D20256C69005374617465206E6F5A
:109628007420757365640000536372617463682005
:109638006973207573656420627574206E6F742079
:10964800736574005363726174636820616E64208B
:109658007374617465206E6F74207573656400009F
:10966800656C656D656E745F73696E6B5F613132D1
:10967800315F63616C6C6261636B00004F7574707D
:1096880075742063616E206E6F7420626520736547
:109698007420666F722073696E6B20656C656D65EA
:1096A8006E74000041444C5F444154412000000066
:1096B800496E76616C6964206E756D626572206FA3
:1096C8006620737562737765657073007472616E76
:1096D800736C6174696F6E5F613132310000000034
:1096E800496E76616C69642073776565705F726135
:1096F80074650000656E61626C655F636361206E0E
:109708006F742076616C6964207769746820646F6F
:1097180075626C655F627566666572696E67000082
:109728005375627377656570202568752068617365
:1097380020696E76616C6964205052460000000012
:10974800496E76616C6964206672616D655F7261ED
:1097580074650000496E76616C6964207365747481
:10976800696E677320666F7220636F6E74696E75B9
:109778006F75735F73776565705F6D6F6465000003
:10978800696E7465725F6672616D655F69646C6548
:109798005F7374617465206D7573742062652074DD
:1097A80068652073616D65206F72206465657065FA
:1097B80072207468616E20696E7465725F73776574
:1097C80065705F69646C655F73746174650000003F
:1097D800496E76616C696420696E7465725F667241
:1097E800616D655F69646C655F73746174650000C1
:1097F800496E76616C696420696E7465725F73770F
:109808006565705F69646C655F7374617465000099
:10981800496E76616C696420687761617300000045
:10982800496E76616C696420636F6D62696E6174FC
:10983800696F6E206F66206C6F6F706261636B205A
:10984800616E642070726F66696C6500496E76613E
:109858006C696420636F6D62696E6174696F6E20F4
:109868006F662070726F66696C6520616E64207027
:1098780072660000496E76616C69642070726F666A
:10988800696C6500496E76616C69642073746570F3
:109898005F6C656E67746800496E76616C696420F8
:1098A8006E756D5F706F696E7473000070686173B8
:1098B800655F656E68616E63656D656E74206E6F59
:1098C800742076616C696420776974686F75742098
:1098D80073756274726163745F696E5F62756666E0
:1098E80065720000496E76616C69642073746172F8
:1098F8007420706F696E7400496E76616C696420BB
:109908006E756D626572206F6620706F696E747314
:10991800206F722073746570206C656E67746800C0
:10992800496E76616C696420707266005374617266
:109938007420706F696E74206F722072616E676533
:1099480020746F6F206661720000000053746172AA
:109958007420706F696E7420746F6F20636C6F73FE
:1099680065000000496E76616C6964207265636504
:10997800697665725F6761696E000000496E76619D
:109988006C696420545820706F7765722061747414
:10999800656E756174696F6E000000004661696CE0
:1099A800656420746F2063616C63756C61746520F5
:1099B80070756C7365736861706572207365747413
:1099C800696E677321000000546865206D617869CD
:1099D8006D756D2073776565702072617465206997
:1099E80073202564000000004C6F61643A205472B3
:1099F800616E736665722073697A65206973207475
:109A08006F206C6172676500416464726573733AB4
:109A180020256875204D6F646966792076616C75BC
:109A280065203D20256C7520746F6F206C6172670E
:109A38006520286D6178696D756D20256C75290024
:109A4800496E76616C69642064617461206F627428
:109A580061696E656420666F72206C697665207036
:109A680061746368696E67004E6F7420706F7373FA
:109A780069626C6520746F207265636F6E666967D2
:109A8800757265207768656E20646F75626C6520F5
:109A9800627566666572696E6720697320636F6EAA
:109AA800666967757265640053656E736F72202509
:109AB8006C75206E6F7420726561647920746F20F4
:109AC8006265207570646174656400006370645F2A
:109AD800613132315F6D6561735F73657373696F8F
:109AE8006E00000053656E736F7220256C75206ED2
:109AF8006F7420726561647920666F722072756E6A
:109B08006E696E672061206E65772070726F67726C
:109B1800616D000073656E736F725F70726F746F42
:109B2800636F6C5F6131323100000000496E76610D
:109B38006C6964206275666665722073656E736F02
:109B48007220256C7500000047656E657269633187
:109B580020496E7465727275707420616C726561EB
:109B6800647920636C6561726564206F6E2073652B
:109B78006E736F7220256C75000000004E6F2065B3
:109B880076656E7420636F6465205B307825785D38
:109B98002072656365697665642066726F6D2073EF
:109BA800656E736F7220256C750000004572726FC8
:109BB80072206576656E7420636F6465205B30780B
:109BC80025785D2072656365697665642066726FC5
:109BD8006D2073656E736F7220256C750000000030
:109BE800496E76616C6964206576656E7420636F72
:109BF8006465205B307825785D20726563656976D9
:109C080065642066726F6D2073656E736F722025B0
:109C18006C75000053707572696F75732065766591
:109C28006E74207265636569766564207768656E11
:109C380020444F4E45206578706563746564212023
:109C48005265636569766564206576656E74206320
:109C58006F6465203D2025640000000063616C6925
:109C680062726174696F6E5F613132315F63616C1A
:109C78005F73657373696F6E0000000061736963D9
:109C88005F696400556E657870656374656420610A
:109C98007369635F696420666F756E64203D203068
:109CA80078257800556E61636B6E6F776C656467B5
:109CB8006564206576656E74206465746563746593
:109CC80064206F6E2073656E736F7220256C75004B
:109CD80053656E736F7220256C75206E6F742072D9
:109CE8006561647920666F72206C6F6164696E6764
:109CF8002061206E65772070726F6772616D000059
:109D08004C6F61642070726F6772616D2066616963
:109D18006C6564007273735F696E746567726174F1
:109D2800696F6E00496E76616C696420726566655C
:109D380072656E6365206672657175656E637920FC
:109D48002573256C752E2530366C7520487A0000F1
:109D58006370645F706C6C5F64697669736F72734B
:109D680000000000706C6C5F6D6D645F72616E67FF
:109D780065000000706C6C5F6D6D645F61000000D1
:109D8800706C6C5F6D6D645F62000000706C6C5F7E
:109D98007265665F64697669736F7200706C6C5F78
:109DA80063616C6962726174696F6E007676636F65
:109DB8005F6469765F320000706C6C5F6362616E2D
:109DC8006B5F70645F6F75745F6164635F64617417
:109DD8006100000074656D705F61646300000000DD
:109DE800706C6C5F6C640000706C6C5F6362616EB9
:109DF8006B0000006475726174696F6E5F7031008A
:109E0800706C6C5F69626961735F76636F5F656EC2
:109E1800765F6465745F6164635F646174610000A8
:109E2800706C6C5F696269617300000076666173CB
:109E380074325F6C646F5F63616C696272617469CC
:109E48006F6E00007666617374325F6C646F5F6179
:109E580064635F64617461007A65726F5F6F6666E0
:109E6800736574007666617374325F6C646F0000AA
:109E780064656C61795F6362616E6B5F63616C6975
:109E880062726174696F6E0064656C61795F6362A8
:109E9800616E6B5F63616C6962726174696F6E5F3A
:109EA8006164635F646174610000000064656C61F3
:109EB800795F6362616E6B007667615F6262615FA2
:109EC80063616C6962726174696F6E006262615F7E
:109ED80063616C5F6374726C5F6164635F64617417
:109EE80061000000617265615F696E6465785F6337
:109EF800616C6962726174696F6E0000617265619C
:109F08005F696E6465785F63616C696272617469C8
:109F18006F6E5F69715F73616D706C6573000000CF
:109F2800617265615F696E646578000074785F6668
:109F380072657175656E63795F63616C6962726180
:109F480074696F6E0000000074785F667265715FF7
:109F58006374726C5F63616C6962726174696F6E5D
:109F68005F69715F73616D706C65730072785F66AD
:109F78007265715F6374726C5F63616C6962726150
:109F880074696F6E0000000072785F667265715FB9
:109F98006374726C5F63616C6962726174696F6E1D
:109FA8005F69715F73616D706C6573007068617370
:109FB800655F656E68616E63656D656E745F63612C
:109FC8006C6962726174696F6E0000007068617319
:109FD800655F656E68616E63656D656E745F63610C
:109FE8006C6962726174696F6E5F69715F73616DCC
:109FF800706C65730000000070686173655F656E62
:10A0080068616E63656D656E745F63616C696272C9
:10A018006174696F6E5F70686173655F7061747495
:10A0280065726E0069715F696D62616C616E63650E
:10A038005F636F6D70656E736174696F6E5F706872
:10A048006173655F656E68616E63656D656E745F8B
:10A0580063616C6962726174696F6E5F7068617365
:10A06800655F7061747465726E00000069715F6984
:10A078006D625F636F6D705F70686173655F70615B
:10A08800747465726E5F6F66667365745F71335F53
:10A098003132000070735F776176656C65745F6359
:10A0A800616C6962726174696F6E000070735F77CA
:10A0B8006176656C65745F6164635F646174610097
:10A0C80077675F77696474685F737465705F71310F
:10A0D8003600000077675F73686F72746573745F2A
:10A0E80070756C736500000077675F70756C7365D9
:10A0F8005F7374617274000070735F737570706C55
:10A10800795F63616C6962726174696F6E000000E7
:10A1180070735F737570706C795F6164635F64619D
:10A128007461000070735F6561726C696573745F58
:10A13800737461727400000070735F737461727479
:10A148005F737465705F71313600000070735F7300
:10A15800686F72746573745F70756C736500000066
:10A1680070735F77696474685F737465705F713169
:10A178003600000070735F73686F72746573745F84
:10A18800726973655F74696D6500000070735F7252
:10A198006973655F74696D655F737465705F71314C
:10A1A8003600000053656E736F722063616C6962DC
:10A1B800726174696F6E20737465702025642066FF
:10A1C80061696C656400000063616C696272617446
:10A1D800696F6E5F61313231000000002D2D2D2D29
:10A1E8002D2D20424547494E202D2D2D2D2D2D203A
:10A1F80053656E736F7220537461747573204C6F5E
:10A2080067202D2D2D2D2D2D20424547494E202DDF
:10A218002D2D2D2D2D0000005B256C755D202573DF
:10A228003A20307825303468780000002D2D2D2D07
:10A238002D2D2D20454E44202D2D2D2D2D2D2D201D
:10A2480053656E736F7220537461747573204C6F0D
:10A2580067202D2D2D2D2D2D2D20454E44202D2DC3
:10A268002D2D2D2D2D00000053656E736F72202546
:10A278006C7520696E746572727570742074696D7E
:10A28800656F757400000000417369632069646537
:10A298006E746974793A0000537461636B5F6C651E
:10A2A80076656C5F7374617475735F7265676973E3
:10A2B80074657200496E7465727275707420737477
:10A2C8006174757320726567697374657200000044
:10A2D800646F6E655F6572726F720000737461639C
:10A2E8006B5F6F766572666C6F770000737461637D
:10A2F8006B5F756E646572666C6F77007370695F0B
:10A30800756E6B6E6F776E5F636D64007370695FF7
:10A318006D697373696E675F61636B006164635F26
:10A328006669666F5F66756C6C0000006164635FE8
:10A33800746F6F5F66617374000000000A000000AC
:10A34800000FC93F000F494000CB9640000FC9409D
:10A358000053FB4000CB164100ED2F41000F49414F
:10A368000031624100537B41003A8A4100CB96415B
:10A37800005CA34100EDAF41007EBC41000FC94124
:10A3880000A0D5410031E24100C2EE410053FB413B
:10A3980000F20342003A0A420083104200CB164200
:10A3A80000141D42005C234200A5294200ED2F4203
:10A3B80000363642007E3C4200C74242000F494206
:10A3C800A2000000F9000000830000006E000000F9
:10A3D8004E000000440000001500000029000000A5
:10A3E800FC0000002700000057000000D10000001A
:10A3F800F500000034000000DD000000C00000008F
:10A40800DB000000620000009500000099000000D9
:10A418003C000000430000009000000041000000E4
:10A42800FE0000005100000063000000AB000000C7
:10A43800DE000000BB000000C50000006100000055
:10A44800B7000000240000006E0000003A00000081
:10A45800420000004D000000D2000000E0000000B3
:10A4680006000000490000002E000000EA0000007D
:10A4780009000000D1000000920000001C0000004C
:10A48800FE0000001D000000EB0000001C000000A2
:10A49800B100000029000000A70000003E000000F5
:10A4A800E80000008200000035000000F500000010
:10A4B8002E000000BB0000004400000084000000E3
:10A4C800E90000009C000000700000002600000069
:10A4D800B40000005F0000007E00000041000000A2
:10A4E8003900000091000000D6000000390000008B
:10A4F800830000005300000039000000F400000051
:10A508009C000000840000005F0000008B00000039
:10A51800BD000000F9000000280000003B0000001A
:10A528001F000000F800000097000000FF00000076
:10A53800DE00000005000000980000000F00000089
:10A54800EF0000002F000000110000008B00000049
:10A558005A0000000A0000006D0000001F00000003
:10A568006D000000360000007E000000CF000000F3
:10A5780027000000CB00000009000000B700000021
:10A588004F000000460000003F0000006600000089
:10A598009E0000005F000000EA0000002D0000009F
:10A5A8007500000027000000BA000000C700000086
:10A5B800EB000000E5000000F10000007B00000057
:10A5C8003D0000000700000039000000F70000000F
:10A5D8008A0000005200000092000000EA0000001B
:10A5E8006B000000FB0000005F000000B1000000ED
:10A5F8001F0000008D0000005D0000000800000042
:10A608005600000003000000300000004600000073
:10A61800FC0000007B0000006B000000AB000000A5
:10A62800F0000000CF000000BC0000002000000087
:10A638009A000000F4000000360000001D00000031
:10A64800A9000000E3000000910000006100000084
:10A658005E000000E60000001B000000080000008B
:10A668006500000099000000850000005F00000000
:10A6780014000000A0000000680000004000000076
:10A688008D000000FF000000D800000080000000DE
:10A698004D0000007300000027000000310000009A
:10A6A800060000000600000015000000560000002B
:10A6B800CA00000073000000A8000000C9000000E4
:10A6C80060000000E20000007B000000C000000005
:10A6D8008C0000006B0000000000C93F0000F0394A
:10A6E8000000DA370000A2330000842E0000502B4F
:10A6F8000000C2270000D0220000C41F0000C61BB3
:10A7080000004417040000000700000009000000D2
:08A718004C1AFF7F0100000054
:08A72000D5CC00080000000088
:08A72800ADCC000800000000A8
:10A7300000093D003117010841170108911C01086B
:10A7400010000000010000000000000000000000F8
:10A7500000000000000000000100000000000000F8
:10A7600000000000000000000200000000000000E7
:10A7700000000000000000000300000000000000D6
:10A7800000000000000000000400000000000000C5
:10A7900000000000000000000500000000000000B4
:10A7A00000000000000000000600000000000000A3
:10A7B0000000000000000000070000000000000092
:10A7C0000000000000000000080000000000000081
:10A7D0000000000000000000090000000000000070
:10A7E00000000000000000000A000000000000005F
:10A7F00000000000000000000B000000000000004E
:10A8000000000000000000000C000000000000003C
:10A8100000000000000000000D000000000000002B
:10A8200000000000000000000E000000000000001A
:10A8300000000000000000000F0000000000000009
:10A8400000000000000000001000000000000000F8
:10A8500000000000000000001100000000000000E7
:10A8600000000000000000001200000000000000D6
:10A8700000000000000000001300000000000000C5
:10A8800000000000000000001400000000000000B4
:10A8900000000000000000001500000000000000A3
:10A8A0000000000000000000160000000000000092
:10A8B0000000000000000000170000000000000081
:10A8C0000000000000000000000080BF91010008AF
:10A8D000F10100086262615F63616C5F6374726CB6
:10A8E0005B785D0074785F667265715F6B687A5B38
:10A8F000785D000043000000000000000000000040
:10A900000000000000000000000000000000000047
:10A9100000000000430000000000000000000000F4
:10A920000000000000000000000000000000000027
:10A9300000000000430000000000000000000000D4
:10A940000000000000000000000000000000000007
:10A9500000000000430000000000000000000000B4
:10A9600000000000000000000000000000000000E7
:10A970000000000043000000000000000000000094
:10A9800000000000000000000000000000000000C7
:10A990000000000043000000000000000000000074
:10A9A00000000000000000000000000000000000A7
:10A9B0000000000043000000000000000000000054
:10A9C0000000000000000000000000000000000087
:10A9D0000000000015F6000845F90008000000001E
:10A9E00078850108508201083B8301083B830108F8
:10A9F0003B8301083B8301083B8301083B8301083B
:10AA00003B8301083B8301083B830108FFFFFFFFF5
:10AA1000FFFFFFFFFFFFFFFFFFFF000001004153AB
:10AA20004349490000000000000000000000000051
:10AA30000000000000000000000000000000415382
:10AA40004349490000000000000000000000000031
:10AA500000000000000000000000000000000000F6
:10AA60003403002000000000C43700202C380020F0
:10AA700094380020000000000000000000000000EA
:10AA800000000000000000000000000000000000C6
:10AA900000000000000000000000000000000000B6
:10AAA00000000000000000000000000000000000A6
:10AAB0000000000003000000C43700200000000078
:040000050800CCF92A
:00000001FF
